// Generated by tools/tesla_assets.py. Montserrat SemiBold, OFL (tesla_font_OFL.txt).
#include <lvgl.h>
static const uint8_t glyph_bitmap[] = {
    0x00, 0x56, 0x66, 0x50, 0x00, 0x0d, 0xff, 0xfc, 0x00, 0x00, 0xcf, 0xff, 0xb0, 0x00, 0x0b, 0xff, 0xfa, 0x00, 0x00, 0xbf,
    0xff, 0x90, 0x00, 0x0a, 0xff, 0xf9, 0x00, 0x00, 0x9f, 0xff, 0x80, 0x00, 0x08, 0xff, 0xf7, 0x00, 0x00, 0x7f, 0xff, 0x60,
    0x00, 0x07, 0xff, 0xf5, 0x00, 0x00, 0x6f, 0xff, 0x50, 0x00, 0x05, 0xff, 0xf4, 0x00, 0x00, 0x4f, 0xff, 0x30, 0x00, 0x04,
    0xff, 0xf2, 0x00, 0x00, 0x3f, 0xff, 0x10, 0x00, 0x01, 0x88, 0x80, 0x00, 0x00, 0x00, 0x00, 0x00, 0x00, 0x00, 0x00, 0x00,
    0x00, 0x00, 0x18, 0xa7, 0x10, 0x00, 0x0b, 0xff, 0xfa, 0x00, 0x01, 0xff, 0xff, 0xe0, 0x00, 0x0e, 0xff, 0xfd, 0x00, 0x00,
    0x5e, 0xfe, 0x40, 0x00, 0x00, 0x12, 0x00, 0x00, 0x01, 0x66, 0x61, 0x01, 0x66, 0x61, 0x00, 0x3f, 0xff, 0x30, 0x3f, 0xff,
    0x30, 0x02, 0xff, 0xf3, 0x02, 0xff, 0xf3, 0x00, 0x2f, 0xff, 0x20, 0x2f, 0xff, 0x20, 0x01, 0xff, 0xf2, 0x01, 0xff, 0xf2,
    0x00, 0x1f, 0xff, 0x10, 0x1f, 0xff, 0x10, 0x00, 0xff, 0xf1, 0x00, 0xff, 0xf1, 0x00, 0x0f, 0xff, 0x00, 0x0f, 0xff, 0x00,
    0x00, 0xff, 0xf0, 0x00, 0xff, 0xf0, 0x00, 0x07, 0x77, 0x00, 0x07, 0x77, 0x00, 0x00, 0x00, 0x00, 0x00, 0x00, 0x00, 0x00,
    0x00, 0x00, 0x00, 0x00, 0x00, 0x00, 0x00, 0x00, 0x00, 0x00, 0x00, 0x00, 0x00, 0x00, 0x00, 0x00, 0x00, 0x00, 0x00, 0x00,
    0x00, 0x00, 0x00, 0x00, 0x00, 0x00, 0x00, 0x00, 0x00, 0x00, 0x00, 0x00, 0x00, 0x00, 0x00, 0x00, 0x00, 0x00, 0x00, 0x00,
    0x00, 0x00, 0x00, 0x00, 0x00, 0x00, 0x00, 0x00, 0x00, 0x00, 0x00, 0x00, 0x00, 0x00, 0x00, 0x00, 0x00, 0x00, 0x00, 0x00,
    0x00, 0x00, 0x00, 0x00, 0x00, 0x00, 0x00, 0x00, 0x00, 0x00, 0x00, 0x00, 0x00, 0x00, 0x00, 0x00, 0x00, 0x00, 0x00, 0x00,
    0x00, 0x05, 0x66, 0x00, 0x00, 0x03, 0x66, 0x20, 0x00, 0x00, 0x00, 0x00, 0x00, 0xef, 0xf0, 0x00, 0x00, 0xaf, 0xf4, 0x00,
    0x00, 0x00, 0x00, 0x00, 0x1f, 0xfd, 0x00, 0x00, 0x0c, 0xff, 0x20, 0x00, 0x00, 0x00, 0x00, 0x03, 0xff, 0xb0, 0x00, 0x00,
    0xef, 0xf0, 0x00, 0x00, 0x00, 0x00, 0x00, 0x5f, 0xf9, 0x00, 0x00, 0x0f, 0xfd, 0x00, 0x00, 0x00, 0x00, 0x00, 0x07, 0xff,
    0x70, 0x00, 0x02, 0xff, 0xc0, 0x00, 0x00, 0x03, 0xee, 0xee, 0xff, 0xff, 0xee, 0xee, 0xff, 0xff, 0xee, 0xee, 0x00, 0x3f,
    0xff, 0xff, 0xff, 0xff, 0xff, 0xff, 0xff, 0xff, 0xff, 0xf0, 0x03, 0xee, 0xee, 0xff, 0xff, 0xee, 0xee, 0xff, 0xff, 0xee,
    0xee, 0x00, 0x00, 0x00, 0x0e, 0xff, 0x00, 0x00, 0x0a, 0xff, 0x40, 0x00, 0x00, 0x00, 0x00, 0x01, 0xff, 0xd0, 0x00, 0x00,
    0xbf, 0xf2, 0x00, 0x00, 0x00, 0x00, 0x00, 0x3f, 0xfb, 0x00, 0x00, 0x0d, 0xff, 0x10, 0x00, 0x00, 0x00, 0x00, 0x05, 0xff,
    0x90, 0x00, 0x00, 0xff, 0xe0, 0x00, 0x00, 0x00, 0x00, 0x00, 0x7f, 0xf7, 0x00, 0x00, 0x2f, 0xfc, 0x00, 0x00, 0x00, 0x15,
    0x55, 0x5e, 0xff, 0xb5, 0x55, 0x59, 0xff, 0xf5, 0x55, 0x50, 0x04, 0xff, 0xff, 0xff, 0xff, 0xff, 0xff, 0xff, 0xff, 0xff,
    0xfe, 0x00, 0x4f, 0xff, 0xff, 0xff, 0xff, 0xff, 0xff, 0xff, 0xff, 0xff, 0xe0, 0x02, 0x88, 0x88, 0xff, 0xf9, 0x88, 0x88,
    0xff, 0xfd, 0x88, 0x88, 0x00, 0x00, 0x00, 0x1f, 0xfd, 0x00, 0x00, 0x0b, 0xff, 0x30, 0x00, 0x00, 0x00, 0x00, 0x03, 0xff,
    0xb0, 0x00, 0x00, 0xdf, 0xf1, 0x00, 0x00, 0x00, 0x00, 0x00, 0x5f, 0xf9, 0x00, 0x00, 0x0f, 0xfe, 0x00, 0x00, 0x00, 0x00,
    0x00, 0x06, 0xff, 0x70, 0x00, 0x02, 0xff, 0xc0, 0x00, 0x00, 0x00, 0x00, 0x00, 0x8f, 0xf5, 0x00, 0x00, 0x4f, 0xfa, 0x00,
    0x00, 0x00, 0x00, 0x00, 0x00, 0x00, 0x00, 0x04, 0x42, 0x00, 0x00, 0x00, 0x00, 0x00, 0x00, 0x00, 0x00, 0x1f, 0xf8, 0x00,
    0x00, 0x00, 0x00, 0x00, 0x00, 0x00, 0x00, 0x1f, 0xf8, 0x00, 0x00, 0x00, 0x00, 0x00, 0x00, 0x00, 0x00, 0x1f, 0xf8, 0x00,
    0x00, 0x00, 0x00, 0x00, 0x00, 0x00, 0x26, 0x9f, 0xff, 0x96, 0x30, 0x00, 0x00, 0x00, 0x00, 0x3b, 0xff, 0xff, 0xff, 0xff,
    0xfe, 0x81, 0x00, 0x00, 0x07, 0xff, 0xff, 0xff, 0xff, 0xff, 0xff, 0xfe, 0x00, 0x00, 0x5f, 0xff, 0xff, 0xff, 0xff, 0xef,
    0xff, 0xf9, 0x00, 0x00, 0xcf, 0xff, 0xd5, 0x1f, 0xf8, 0x02, 0x7d, 0xf3, 0x00, 0x03, 0xff, 0xff, 0x20, 0x1f, 0xf8, 0x00,
    0x00, 0x40, 0x00, 0x05, 0xff, 0xfc, 0x00, 0x1f, 0xf8, 0x00, 0x00, 0x00, 0x00, 0x05, 0xff, 0xfd, 0x00, 0x1f, 0xf8, 0x00,
    0x00, 0x00, 0x00, 0x03, 0xff, 0xff, 0x90, 0x1f, 0xf8, 0x00, 0x00, 0x00, 0x00, 0x00, 0xdf, 0xff, 0xfe, 0x9f, 0xf8, 0x00,
    0x00, 0x00, 0x00, 0x00, 0x3f, 0xff, 0xff, 0xff, 0xff, 0x84, 0x00, 0x00, 0x00, 0x00, 0x03, 0xdf, 0xff, 0xff, 0xff, 0xff,
    0xe8, 0x10, 0x00, 0x00, 0x00, 0x05, 0xbf, 0xff, 0xff, 0xff, 0xff, 0xd3, 0x00, 0x00, 0x00, 0x00, 0x01, 0x5f, 0xff, 0xff,
    0xff, 0xfe, 0x20, 0x00, 0x00, 0x00, 0x00, 0x1f, 0xfa, 0x6d, 0xff, 0xff, 0x90, 0x00, 0x00, 0x00, 0x00, 0x1f, 0xf8, 0x00,
    0xaf, 0xff, 0xd0, 0x00, 0x00, 0x00, 0x00, 0x1f, 0xf8, 0x00, 0x3f, 0xff, 0xf0, 0x00, 0x41, 0x00, 0x00, 0x1f, 0xf8, 0x00,
    0x3f, 0xff, 0xd0, 0x00, 0xee, 0x71, 0x00, 0x1f, 0xf8, 0x00, 0xaf, 0xff, 0xa0, 0x06, 0xff, 0xfe, 0xa6, 0x4f, 0xfc, 0x7d,
    0xff, 0xff, 0x40, 0x0a, 0xff, 0xff, 0xff, 0xff, 0xff, 0xff, 0xff, 0xf9, 0x00, 0x00, 0x8e, 0xff, 0xff, 0xff, 0xff, 0xff,
    0xff, 0x80, 0x00, 0x00, 0x01, 0x6a, 0xef, 0xff, 0xff, 0xfe, 0x93, 0x00, 0x00, 0x00, 0x00, 0x00, 0x02, 0x4f, 0xfc, 0x20,
    0x00, 0x00, 0x00, 0x00, 0x00, 0x00, 0x00, 0x1f, 0xf8, 0x00, 0x00, 0x00, 0x00, 0x00, 0x00, 0x00, 0x00, 0x1f, 0xf8, 0x00,
    0x00, 0x00, 0x00, 0x00, 0x00, 0x00, 0x00, 0x1d, 0xd7, 0x00, 0x00, 0x00, 0x00, 0x00, 0x00, 0x37, 0x97, 0x20, 0x00, 0x00,
    0x00, 0x00, 0x02, 0x66, 0x50, 0x00, 0x00, 0x00, 0x1b, 0xff, 0xff, 0xf9, 0x00, 0x00, 0x00, 0x00, 0x0c, 0xff, 0x50, 0x00,
    0x00, 0x00, 0xbf, 0xfc, 0xad, 0xff, 0x90, 0x00, 0x00, 0x00, 0x7f, 0xfa, 0x00, 0x00, 0x00, 0x05, 0xff, 0x90, 0x00, 0xbf,
    0xf3, 0x00, 0x00, 0x03, 0xff, 0xe1, 0x00, 0x00, 0x00, 0x0a, 0xfe, 0x10, 0x00, 0x3f, 0xf8, 0x00, 0x00, 0x0c, 0xff, 0x50,
    0x00, 0x00, 0x00, 0x0d, 0xfc, 0x00, 0x00, 0x0e, 0xfa, 0x00, 0x00, 0x8f, 0xf9, 0x00, 0x00, 0x00, 0x00, 0x0e, 0xfa, 0x00,
    0x00, 0x0d, 0xfb, 0x00, 0x03, 0xff, 0xd1, 0x00, 0x00, 0x00, 0x00, 0x0d, 0xfb, 0x00, 0x00, 0x0e, 0xfa, 0x00, 0x0d, 0xff,
    0x40, 0x00, 0x00, 0x00, 0x00, 0x0a, 0xfe, 0x10, 0x00, 0x3f, 0xf8, 0x00, 0x8f, 0xf9, 0x00, 0x00, 0x00, 0x00, 0x00, 0x05,
    0xff, 0x80, 0x00, 0xaf, 0xf3, 0x04, 0xff, 0xd1, 0x00, 0x00, 0x00, 0x00, 0x00, 0x00, 0xcf, 0xfb, 0x9c, 0xff, 0x90, 0x1d,
    0xff, 0x30, 0x00, 0x00, 0x00, 0x00, 0x00, 0x00, 0x1b, 0xff, 0xff, 0xfa, 0x00, 0x9f, 0xf8, 0x00, 0x5c, 0xef, 0xd7, 0x00,
    0x00, 0x00, 0x00, 0x48, 0x98, 0x30, 0x04, 0xff, 0xc0, 0x09, 0xff, 0xff, 0xff, 0xb1, 0x00, 0x00, 0x00, 0x00, 0x00, 0x00,
    0x1d, 0xff, 0x30, 0x5f, 0xfb, 0x44, 0xaf, 0xf8, 0x00, 0x00, 0x00, 0x00, 0x00, 0x00, 0xaf, 0xf7, 0x00, 0xcf, 0xe1, 0x00,
    0x0c, 0xfe, 0x10, 0x00, 0x00, 0x00, 0x00, 0x05, 0xff, 0xc0, 0x01, 0xff, 0x80, 0x00, 0x06, 0xff, 0x40, 0x00, 0x00, 0x00,
    0x00, 0x1e, 0xfe, 0x20, 0x03, 0xff, 0x60, 0x00, 0x03, 0xff, 0x60, 0x00, 0x00, 0x00, 0x00, 0xaf, 0xf6, 0x00, 0x03, 0xff,
    0x60, 0x00, 0x03, 0xff, 0x60, 0x00, 0x00, 0x00, 0x06, 0xff, 0xb0, 0x00, 0x02, 0xff, 0x80, 0x00, 0x05, 0xff, 0x50, 0x00,
    0x00, 0x00, 0x2e, 0xfe, 0x20, 0x00, 0x00, 0xdf, 0xd0, 0x00, 0x0a, 0xff, 0x10, 0x00, 0x00, 0x00, 0xbf, 0xf6, 0x00, 0x00,
    0x00, 0x7f, 0xf9, 0x21, 0x7f, 0xfa, 0x00, 0x00, 0x00, 0x06, 0xff, 0xa0, 0x00, 0x00, 0x00, 0x0b, 0xff, 0xff, 0xff, 0xd1,
    0x00, 0x00, 0x00, 0x2e, 0xfe, 0x10, 0x00, 0x00, 0x00, 0x00, 0x8e, 0xff, 0xf9, 0x10, 0x00, 0x00, 0x00, 0x00, 0x00, 0x00,
    0x00, 0x00, 0x00, 0x00, 0x00, 0x22, 0x00, 0x00, 0x00, 0x00, 0x00, 0x00, 0x02, 0x68, 0x98, 0x61, 0x00, 0x00, 0x00, 0x00,
    0x00, 0x00, 0x00, 0x1a, 0xff, 0xff, 0xff, 0xf8, 0x00, 0x00, 0x00, 0x00, 0x00, 0x00, 0x1c, 0xff, 0xff, 0xff, 0xff, 0xf8,
    0x00, 0x00, 0x00, 0x00, 0x00, 0x08, 0xff, 0xfc, 0x53, 0x5d, 0xff, 0xf2, 0x00, 0x00, 0x00, 0x00, 0x00, 0xdf, 0xfe, 0x10,
    0x00, 0x2f, 0xff, 0x60, 0x00, 0x00, 0x00, 0x00, 0x0f, 0xff, 0xb0, 0x00, 0x00, 0xef, 0xf6, 0x00, 0x00, 0x00, 0x00, 0x00,
    0xef, 0xfd, 0x00, 0x00, 0x4f, 0xff, 0x40, 0x00, 0x00, 0x00, 0x00, 0x0a, 0xff, 0xf6, 0x00, 0x4e, 0xff, 0xd0, 0x00, 0x00,
    0x00, 0x00, 0x00, 0x3f, 0xff, 0xf6, 0x9f, 0xff, 0xf4, 0x00, 0x00, 0x00, 0x00, 0x00, 0x00, 0x7f, 0xff, 0xff, 0xff, 0xe4,
    0x00, 0x00, 0x00, 0x00, 0x00, 0x00, 0x00, 0xff, 0xff, 0xff, 0xa2, 0x00, 0x00, 0x00, 0x00, 0x00, 0x00, 0x03, 0xcf, 0xff,
    0xff, 0xf6, 0x00, 0x00, 0x00, 0x00, 0x00, 0x00, 0x05, 0xff, 0xff, 0xff, 0xff, 0xf6, 0x00, 0x03, 0xe9, 0x40, 0x00, 0x04,
    0xff, 0xff, 0x70, 0x7f, 0xff, 0xf7, 0x00, 0x7f, 0xff, 0x10, 0x01, 0xef, 0xff, 0x40, 0x00, 0x6f, 0xff, 0xf7, 0x0c, 0xff,
    0xb0, 0x00, 0x6f, 0xff, 0x80, 0x00, 0x00, 0x6f, 0xff, 0xfc, 0xff, 0xf6, 0x00, 0x09, 0xff, 0xf4, 0x00, 0x00, 0x00, 0x5f,
    0xff, 0xff, 0xfe, 0x10, 0x00, 0xaf, 0xff, 0x50, 0x00, 0x00, 0x00, 0x5f, 0xff, 0xff, 0x70, 0x00, 0x08, 0xff, 0xfc, 0x00,
    0x00, 0x00, 0x00, 0xdf, 0xff, 0xfa, 0x00, 0x00, 0x3f, 0xff, 0xfc, 0x51, 0x00, 0x27, 0xdf, 0xff, 0xff, 0xfa, 0x00, 0x00,
    0x8f, 0xff, 0xff, 0xfe, 0xff, 0xff, 0xff, 0xff, 0xff, 0xfa, 0x00, 0x00, 0x7f, 0xff, 0xff, 0xff, 0xff, 0xff, 0xa1, 0x3e,
    0xff, 0x60, 0x00, 0x00, 0x29, 0xef, 0xff, 0xff, 0xea, 0x40, 0x00, 0x3e, 0x80, 0x00, 0x00, 0x00, 0x00, 0x23, 0x44, 0x20,
    0x00, 0x00, 0x00, 0x20, 0x00, 0x01, 0x66, 0x61, 0x00, 0x3f, 0xff, 0x30, 0x02, 0xff, 0xf3, 0x00, 0x2f, 0xff, 0x20, 0x01,
    0xff, 0xf2, 0x00, 0x1f, 0xff, 0x10, 0x00, 0xff, 0xf1, 0x00, 0x0f, 0xff, 0x00, 0x00, 0xff, 0xf0, 0x00, 0x07, 0x77, 0x00,
    0x00, 0x00, 0x00, 0x00, 0x00, 0x00, 0x00, 0x00, 0x00, 0x00, 0x00, 0x00, 0x00, 0x00, 0x00, 0x00, 0x00, 0x00, 0x00, 0x00,
    0x00, 0x00, 0x00, 0x00, 0x00, 0x00, 0x00, 0x00, 0x00, 0x00, 0x00, 0x00, 0x00, 0x00, 0x00, 0x00, 0x00, 0x00, 0x00, 0x00,
    0x00, 0x00, 0x00, 0x00, 0x00, 0x00, 0x00, 0x00, 0x00, 0x7b, 0xbb, 0x30, 0x00, 0x00, 0x2f, 0xff, 0xc0, 0x00, 0x00, 0x09,
    0xff, 0xf4, 0x00, 0x00, 0x02, 0xff, 0xfd, 0x00, 0x00, 0x00, 0x7f, 0xff, 0x70, 0x00, 0x00, 0x0c, 0xff, 0xf2, 0x00, 0x00,
    0x02, 0xff, 0xfc, 0x00, 0x00, 0x00, 0x6f, 0xff, 0x80, 0x00, 0x00, 0x09, 0xff, 0xf5, 0x00, 0x00, 0x00, 0xcf, 0xff, 0x20,
    0x00, 0x00, 0x0e, 0xff, 0xf0, 0x00, 0x00, 0x01, 0xff, 0xfd, 0x00, 0x00, 0x00, 0x2f, 0xff, 0xc0, 0x00, 0x00, 0x03, 0xff,
    0xfb, 0x00, 0x00, 0x00, 0x4f, 0xff, 0xa0, 0x00, 0x00, 0x04, 0xff, 0xfa, 0x00, 0x00, 0x00, 0x3f, 0xff, 0xa0, 0x00, 0x00,
    0x02, 0xff, 0xfb, 0x00, 0x00, 0x00, 0x2f, 0xff, 0xc0, 0x00, 0x00, 0x01, 0xff, 0xfe, 0x00, 0x00, 0x00, 0x0d, 0xff, 0xf1,
    0x00, 0x00, 0x00, 0xaf, 0xff, 0x40, 0x00, 0x00, 0x07, 0xff, 0xf7, 0x00, 0x00, 0x00, 0x4f, 0xff, 0xa0, 0x00, 0x00, 0x00,
    0xef, 0xfe, 0x00, 0x00, 0x00, 0x09, 0xff, 0xf4, 0x00, 0x00, 0x00, 0x4f, 0xff, 0xa0, 0x00, 0x00, 0x00, 0xcf, 0xff, 0x10,
    0x00, 0x00, 0x05, 0xff, 0xf8, 0x00, 0x00, 0x00, 0x0c, 0xff, 0xe1, 0x00, 0x00, 0x00, 0x13, 0x33, 0x10, 0x1b, 0xbb, 0x80,
    0x00, 0x00, 0x00, 0xaf, 0xff, 0x30, 0x00, 0x00, 0x02, 0xff, 0xfb, 0x00, 0x00, 0x00, 0x0b, 0xff, 0xf3, 0x00, 0x00, 0x00,
    0x5f, 0xff, 0x90, 0x00, 0x00, 0x00, 0xef, 0xfe, 0x00, 0x00, 0x00, 0x0a, 0xff, 0xf4, 0x00, 0x00, 0x00, 0x6f, 0xff, 0x80,
    0x00, 0x00, 0x03, 0xff, 0xfb, 0x00, 0x00, 0x00, 0x1f, 0xff, 0xe0, 0x00, 0x00, 0x00, 0xdf, 0xff, 0x20, 0x00, 0x00, 0x0b,
    0xff, 0xf3, 0x00, 0x00, 0x00, 0xaf, 0xff, 0x50, 0x00, 0x00, 0x09, 0xff, 0xf6, 0x00, 0x00, 0x00, 0x8f, 0xff, 0x60, 0x00,
    0x00, 0x08, 0xff, 0xf6, 0x00, 0x00, 0x00, 0x9f, 0xff, 0x60, 0x00, 0x00, 0x09, 0xff, 0xf5, 0x00, 0x00, 0x00, 0xaf, 0xff,
    0x40, 0x00, 0x00, 0x0c, 0xff, 0xf3, 0x00, 0x00, 0x00, 0xef, 0xff, 0x00, 0x00, 0x00, 0x2f, 0xff, 0xd0, 0x00, 0x00, 0x05,
    0xff, 0xfa, 0x00, 0x00, 0x00, 0x8f, 0xff, 0x60, 0x00, 0x00, 0x0c, 0xff, 0xf1, 0x00, 0x00, 0x02, 0xff, 0xfb, 0x00, 0x00,
    0x00, 0x8f, 0xff, 0x60, 0x00, 0x00, 0x1e, 0xff, 0xe1, 0x00, 0x00, 0x06, 0xff, 0xf6, 0x00, 0x00, 0x01, 0xdf, 0xfd, 0x00,
    0x00, 0x00, 0x13, 0x33, 0x20, 0x00, 0x00, 0x00, 0x00, 0x00, 0x06, 0xba, 0x00, 0x00, 0x00, 0x00, 0x00, 0x8f, 0xd0, 0x00,
    0x00, 0x05, 0x60, 0x08, 0xfd, 0x00, 0x38, 0x01, 0xef, 0xc3, 0x8f, 0xd1, 0x9f, 0xf4, 0x3d, 0xff, 0xff, 0xff, 0xef, 0xff,
    0x70, 0x17, 0xef, 0xff, 0xff, 0xfa, 0x20, 0x00, 0x05, 0xff, 0xff, 0xf9, 0x00, 0x00, 0x2a, 0xff, 0xff, 0xff, 0xfd, 0x50,
    0x4f, 0xff, 0xed, 0xff, 0xcf, 0xff, 0x80, 0xdf, 0x91, 0x8f, 0xd0, 0x6e, 0xf3, 0x03, 0x30, 0x08, 0xfd, 0x00, 0x15, 0x00,
    0x00, 0x00, 0x8f, 0xd0, 0x00, 0x00, 0x00, 0x00, 0x05, 0x87, 0x00, 0x00, 0x00, 0x00, 0x00, 0x00, 0x00, 0x00, 0x00, 0x00,
    0x00, 0x00, 0x00, 0x00, 0x00, 0x00, 0x00, 0x00, 0x00, 0x00, 0x00, 0x00, 0x00, 0x00, 0x00, 0x00, 0x00, 0x00, 0x00, 0x00,
    0x00, 0x00, 0x00, 0x00, 0x00, 0x00, 0x00, 0x00, 0x00, 0x00, 0x00, 0x00, 0x00, 0x00, 0x00, 0x00, 0x00, 0x00, 0x00, 0x00,
    0x00, 0x00, 0x00, 0x00, 0x00, 0x00, 0x00, 0x00, 0x00, 0x00, 0x00, 0x00, 0x00, 0x00, 0x00, 0x00, 0x00, 0x00, 0x00, 0x00,
    0x00, 0x00, 0x00, 0x00, 0x00, 0x00, 0x00, 0x02, 0x66, 0x61, 0x00, 0x00, 0x00, 0x00, 0x00, 0x00, 0x00, 0x4f, 0xff, 0x20,
    0x00, 0x00, 0x00, 0x00, 0x00, 0x00, 0x04, 0xff, 0xf2, 0x00, 0x00, 0x00, 0x00, 0x00, 0x00, 0x00, 0x4f, 0xff, 0x20, 0x00,
    0x00, 0x00, 0x00, 0x00, 0x00, 0x04, 0xff, 0xf2, 0x00, 0x00, 0x00, 0x00, 0x00, 0x00, 0x00, 0x4f, 0xff, 0x20, 0x00, 0x00,
    0x00, 0x00, 0xbc, 0xcc, 0xcf, 0xff, 0xff, 0xcc, 0xcc, 0xa0, 0x00, 0x0e, 0xff, 0xff, 0xff, 0xff, 0xff, 0xff, 0xfc, 0x00,
    0x00, 0xef, 0xff, 0xff, 0xff, 0xff, 0xff, 0xff, 0xc0, 0x00, 0x06, 0x66, 0x66, 0xaf, 0xff, 0x86, 0x66, 0x65, 0x00, 0x00,
    0x00, 0x00, 0x04, 0xff, 0xf2, 0x00, 0x00, 0x00, 0x00, 0x00, 0x00, 0x00, 0x4f, 0xff, 0x20, 0x00, 0x00, 0x00, 0x00, 0x00,
    0x00, 0x04, 0xff, 0xf2, 0x00, 0x00, 0x00, 0x00, 0x00, 0x00, 0x00, 0x4f, 0xff, 0x20, 0x00, 0x00, 0x00, 0x00, 0x00, 0x00,
    0x04, 0xff, 0xf2, 0x00, 0x00, 0x00, 0x00, 0x00, 0x00, 0x00, 0x00, 0x00, 0x00, 0x00, 0x00, 0x00, 0x00, 0x00, 0x00, 0x00,
    0x00, 0x00, 0x00, 0x00, 0x00, 0x00, 0x00, 0x00, 0x00, 0x00, 0x00, 0x00, 0x00, 0x00, 0x00, 0x00, 0x00, 0x00, 0x00, 0x00,
    0x00, 0x00, 0x00, 0x00, 0x00, 0x00, 0x00, 0x00, 0x00, 0x00, 0x9f, 0xf8, 0x00, 0x06, 0xff, 0xff, 0x40, 0x09, 0xff, 0xff,
    0x70, 0x07, 0xff, 0xff, 0x60, 0x00, 0xbf, 0xff, 0x20, 0x00, 0x5f, 0xfb, 0x00, 0x00, 0x8f, 0xf6, 0x00, 0x00, 0xcf, 0xe1,
    0x00, 0x01, 0xff, 0xa0, 0x00, 0x04, 0xdd, 0x40, 0x00, 0x02, 0x99, 0x99, 0x99, 0x99, 0x50, 0x04, 0xff, 0xff, 0xff, 0xff,
    0x80, 0x04, 0xff, 0xff, 0xff, 0xff, 0x80, 0x03, 0xcc, 0xcc, 0xcc, 0xcc, 0x70, 0x00, 0x00, 0x00, 0x00, 0x00, 0x00, 0x00,
    0x00, 0x00, 0x00, 0x00, 0x00, 0x00, 0x00, 0x00, 0x00, 0x00, 0x00, 0x00, 0x00, 0x00, 0x00, 0x00, 0x00, 0x00, 0x00, 0x00,
    0x00, 0x00, 0x00, 0x00, 0x00, 0x00, 0x00, 0x00, 0x00, 0x00, 0x00, 0x00, 0x00, 0x00, 0x00, 0x00, 0x00, 0x00, 0x00, 0x00,
    0xaf, 0xf7, 0x00, 0x07, 0xff, 0xff, 0x40, 0x0a, 0xff, 0xff, 0x70, 0x08, 0xff, 0xff, 0x50, 0x01, 0xbf, 0xf9, 0x00, 0x00,
    0x02, 0x10, 0x00, 0x00, 0x00, 0x00, 0x00, 0x00, 0x8e, 0xee, 0x10, 0x00, 0x00, 0x00, 0x00, 0x0e, 0xff, 0xa0, 0x00, 0x00,
    0x00, 0x00, 0x04, 0xff, 0xf5, 0x00, 0x00, 0x00, 0x00, 0x00, 0x9f, 0xfe, 0x00, 0x00, 0x00, 0x00, 0x00, 0x0e, 0xff, 0x90,
    0x00, 0x00, 0x00, 0x00, 0x05, 0xff, 0xf4, 0x00, 0x00, 0x00, 0x00, 0x00, 0xaf, 0xfe, 0x00, 0x00, 0x00, 0x00, 0x00, 0x1e,
    0xff, 0x80, 0x00, 0x00, 0x00, 0x00, 0x05, 0xff, 0xf3, 0x00, 0x00, 0x00, 0x00, 0x00, 0xbf, 0xfd, 0x00, 0x00, 0x00, 0x00,
    0x00, 0x1f, 0xff, 0x80, 0x00, 0x00, 0x00, 0x00, 0x06, 0xff, 0xf2, 0x00, 0x00, 0x00, 0x00, 0x00, 0xcf, 0xfc, 0x00, 0x00,
    0x00, 0x00, 0x00, 0x2f, 0xff, 0x70, 0x00, 0x00, 0x00, 0x00, 0x07, 0xff, 0xf2, 0x00, 0x00, 0x00, 0x00, 0x00, 0xcf, 0xfb,
    0x00, 0x00, 0x00, 0x00, 0x00, 0x2f, 0xff, 0x60, 0x00, 0x00, 0x00, 0x00, 0x08, 0xff, 0xf1, 0x00, 0x00, 0x00, 0x00, 0x00,
    0xdf, 0xfb, 0x00, 0x00, 0x00, 0x00, 0x00, 0x3f, 0xff, 0x50, 0x00, 0x00, 0x00, 0x00, 0x09, 0xff, 0xe1, 0x00, 0x00, 0x00,
    0x00, 0x00, 0xef, 0xfa, 0x00, 0x00, 0x00, 0x00, 0x00, 0x4f, 0xff, 0x50, 0x00, 0x00, 0x00, 0x00, 0x09, 0xff, 0xe0, 0x00,
    0x00, 0x00, 0x00, 0x00, 0xef, 0xf9, 0x00, 0x00, 0x00, 0x00, 0x00, 0x5f, 0xff, 0x40, 0x00, 0x00, 0x00, 0x00, 0x0a, 0xff,
    0xd0, 0x00, 0x00, 0x00, 0x00, 0x01, 0xff, 0xf8, 0x00, 0x00, 0x00, 0x00, 0x00, 0x6f, 0xff, 0x30, 0x00, 0x00, 0x00, 0x00,
    0x0b, 0xff, 0xd0, 0x00, 0x00, 0x00, 0x00, 0x00, 0x33, 0x32, 0x00, 0x00, 0x00, 0x00, 0x00, 0x00, 0x00, 0x00, 0x00, 0x02,
    0x69, 0xaa, 0x84, 0x00, 0x00, 0x00, 0x00, 0x00, 0x00, 0x01, 0xaf, 0xff, 0xff, 0xff, 0xd5, 0x00, 0x00, 0x00, 0x00, 0x00,
    0x3e, 0xff, 0xff, 0xff, 0xff, 0xff, 0x90, 0x00, 0x00, 0x00, 0x02, 0xef, 0xff, 0xff, 0xef, 0xff, 0xff, 0xf9, 0x00, 0x00,
    0x00, 0x0c, 0xff, 0xff, 0x82, 0x00, 0x4c, 0xff, 0xff, 0x40, 0x00, 0x00, 0x5f, 0xff, 0xf5, 0x00, 0x00, 0x01, 0xcf, 0xff,
    0xd0, 0x00, 0x00, 0xbf, 0xff, 0xa0, 0x00, 0x00, 0x00, 0x2f, 0xff, 0xf4, 0x00, 0x01, 0xff, 0xff, 0x30, 0x00, 0x00, 0x00,
    0x0a, 0xff, 0xf9, 0x00, 0x04, 0xff, 0xfe, 0x00, 0x00, 0x00, 0x00, 0x07, 0xff, 0xfc, 0x00, 0x07, 0xff, 0xfb, 0x00, 0x00,
    0x00, 0x00, 0x03, 0xff, 0xff, 0x00, 0x08, 0xff, 0xfa, 0x00, 0x00, 0x00, 0x00, 0x02, 0xff, 0xff, 0x10, 0x09, 0xff, 0xf9,
    0x00, 0x00, 0x00, 0x00, 0x01, 0xff, 0xff, 0x20, 0x09, 0xff, 0xfa, 0x00, 0x00, 0x00, 0x00, 0x02, 0xff, 0xff, 0x10, 0x08,
    0xff, 0xfb, 0x00, 0x00, 0x00, 0x00, 0x03, 0xff, 0xff, 0x10, 0x06, 0xff, 0xfc, 0x00, 0x00, 0x00, 0x00, 0x04, 0xff, 0xfe,
    0x00, 0x03, 0xff, 0xff, 0x10, 0x00, 0x00, 0x00, 0x08, 0xff, 0xfb, 0x00, 0x00, 0xef, 0xff, 0x60, 0x00, 0x00, 0x00, 0x0d,
    0xff, 0xf7, 0x00, 0x00, 0x9f, 0xff, 0xd0, 0x00, 0x00, 0x00, 0x6f, 0xff, 0xf2, 0x00, 0x00, 0x2f, 0xff, 0xfb, 0x10, 0x00,
    0x04, 0xef, 0xff, 0xa0, 0x00, 0x00, 0x08, 0xff, 0xff, 0xe8, 0x56, 0xaf, 0xff, 0xfe, 0x20, 0x00, 0x00, 0x00, 0xbf, 0xff,
    0xff, 0xff, 0xff, 0xff, 0xf4, 0x00, 0x00, 0x00, 0x00, 0x09, 0xff, 0xff, 0xff, 0xff, 0xfe, 0x40, 0x00, 0x00, 0x00, 0x00,
    0x00, 0x4b, 0xff, 0xff, 0xfd, 0x81, 0x00, 0x00, 0x00, 0x00, 0x00, 0x00, 0x00, 0x13, 0x44, 0x20, 0x00, 0x00, 0x00, 0x00,
    0x56, 0x66, 0x66, 0x66, 0x61, 0x00, 0xbf, 0xff, 0xff, 0xff, 0xf2, 0x00, 0xbf, 0xff, 0xff, 0xff, 0xf2, 0x00, 0xbf, 0xff,
    0xff, 0xff, 0xf2, 0x00, 0x11, 0x11, 0x1f, 0xff, 0xf2, 0x00, 0x00, 0x00, 0x0f, 0xff, 0xf2, 0x00, 0x00, 0x00, 0x0f, 0xff,
    0xf2, 0x00, 0x00, 0x00, 0x0f, 0xff, 0xf2, 0x00, 0x00, 0x00, 0x0f, 0xff, 0xf2, 0x00, 0x00, 0x00, 0x0f, 0xff, 0xf2, 0x00,
    0x00, 0x00, 0x0f, 0xff, 0xf2, 0x00, 0x00, 0x00, 0x0f, 0xff, 0xf2, 0x00, 0x00, 0x00, 0x0f, 0xff, 0xf2, 0x00, 0x00, 0x00,
    0x0f, 0xff, 0xf2, 0x00, 0x00, 0x00, 0x0f, 0xff, 0xf2, 0x00, 0x00, 0x00, 0x0f, 0xff, 0xf2, 0x00, 0x00, 0x00, 0x0f, 0xff,
    0xf2, 0x00, 0x00, 0x00, 0x0f, 0xff, 0xf2, 0x00, 0x00, 0x00, 0x0f, 0xff, 0xf2, 0x00, 0x00, 0x00, 0x0f, 0xff, 0xf2, 0x00,
    0x00, 0x00, 0x0f, 0xff, 0xf2, 0x00, 0x00, 0x00, 0x0f, 0xff, 0xf2, 0x00, 0x00, 0x00, 0x0f, 0xff, 0xf2, 0x00, 0x00, 0x00,
    0x04, 0x89, 0xaa, 0x96, 0x10, 0x00, 0x00, 0x00, 0x01, 0x8e, 0xff, 0xff, 0xff, 0xff, 0xa2, 0x00, 0x00, 0x04, 0xef, 0xff,
    0xff, 0xff, 0xff, 0xff, 0xe2, 0x00, 0x04, 0xff, 0xff, 0xff, 0xfe, 0xff, 0xff, 0xff, 0xd0, 0x00, 0x3d, 0xff, 0xe7, 0x20,
    0x00, 0x4c, 0xff, 0xff, 0x50, 0x00, 0x1b, 0xc1, 0x00, 0x00, 0x00, 0x0c, 0xff, 0xf9, 0x00, 0x00, 0x01, 0x00, 0x00, 0x00,
    0x00, 0x7f, 0xff, 0xb0, 0x00, 0x00, 0x00, 0x00, 0x00, 0x00, 0x07, 0xff, 0xfb, 0x00, 0x00, 0x00, 0x00, 0x00, 0x00, 0x00,
    0xaf, 0xff, 0x80, 0x00, 0x00, 0x00, 0x00, 0x00, 0x00, 0x2e, 0xff, 0xf4, 0x00, 0x00, 0x00, 0x00, 0x00, 0x00, 0x0c, 0xff,
    0xfb, 0x00, 0x00, 0x00, 0x00, 0x00, 0x00, 0x0b, 0xff, 0xfe, 0x20, 0x00, 0x00, 0x00, 0x00, 0x00, 0x1b, 0xff, 0xff, 0x40,
    0x00, 0x00, 0x00, 0x00, 0x00, 0x1b, 0xff, 0xff, 0x50, 0x00, 0x00, 0x00, 0x00, 0x00, 0x1c, 0xff, 0xff, 0x50, 0x00, 0x00,
    0x00, 0x00, 0x00, 0x1c, 0xff, 0xfe, 0x40, 0x00, 0x00, 0x00, 0x00, 0x00, 0x2d, 0xff, 0xfe, 0x40, 0x00, 0x00, 0x00, 0x00,
    0x00, 0x2d, 0xff, 0xfe, 0x30, 0x00, 0x00, 0x00, 0x00, 0x00, 0x2d, 0xff, 0xfe, 0x30, 0x00, 0x00, 0x00, 0x00, 0x00, 0x3e,
    0xff, 0xff, 0xa8, 0x88, 0x88, 0x88, 0x88, 0x50, 0x0d, 0xff, 0xff, 0xff, 0xff, 0xff, 0xff, 0xff, 0xf9, 0x00, 0xdf, 0xff,
    0xff, 0xff, 0xff, 0xff, 0xff, 0xff, 0x90, 0x0d, 0xff, 0xff, 0xff, 0xff, 0xff, 0xff, 0xff, 0xf9, 0x00, 0x05, 0x66, 0x66,
    0x66, 0x66, 0x66, 0x66, 0x66, 0x20, 0x00, 0xdf, 0xff, 0xff, 0xff, 0xff, 0xff, 0xff, 0xf6, 0x00, 0x0d, 0xff, 0xff, 0xff,
    0xff, 0xff, 0xff, 0xff, 0x60, 0x00, 0xdf, 0xff, 0xff, 0xff, 0xff, 0xff, 0xff, 0xf3, 0x00, 0x01, 0x11, 0x11, 0x11, 0x11,
    0x4f, 0xff, 0xf6, 0x00, 0x00, 0x00, 0x00, 0x00, 0x00, 0x1d, 0xff, 0xf9, 0x00, 0x00, 0x00, 0x00, 0x00, 0x00, 0x0b, 0xff,
    0xfb, 0x00, 0x00, 0x00, 0x00, 0x00, 0x00, 0x09, 0xff, 0xfd, 0x10, 0x00, 0x00, 0x00, 0x00, 0x00, 0x07, 0xff, 0xfe, 0x20,
    0x00, 0x00, 0x00, 0x00, 0x00, 0x04, 0xff, 0xff, 0x50, 0x00, 0x00, 0x00, 0x00, 0x00, 0x00, 0xcf, 0xff, 0xff, 0xd7, 0x10,
    0x00, 0x00, 0x00, 0x00, 0x0c, 0xff, 0xff, 0xff, 0xfd, 0x30, 0x00, 0x00, 0x00, 0x00, 0xcf, 0xff, 0xff, 0xff, 0xfe, 0x20,
    0x00, 0x00, 0x00, 0x00, 0x00, 0x14, 0x9f, 0xff, 0xfa, 0x00, 0x00, 0x00, 0x00, 0x00, 0x00, 0x00, 0x7f, 0xff, 0xf1, 0x00,
    0x00, 0x00, 0x00, 0x00, 0x00, 0x00, 0xef, 0xff, 0x40, 0x00, 0x00, 0x00, 0x00, 0x00, 0x00, 0x0d, 0xff, 0xf4, 0x00, 0x22,
    0x00, 0x00, 0x00, 0x00, 0x02, 0xff, 0xff, 0x20, 0x0b, 0xe7, 0x10, 0x00, 0x00, 0x01, 0xcf, 0xff, 0xd0, 0x04, 0xff, 0xfe,
    0xb7, 0x65, 0x69, 0xef, 0xff, 0xf7, 0x00, 0xcf, 0xff, 0xff, 0xff, 0xff, 0xff, 0xff, 0xfc, 0x00, 0x01, 0xaf, 0xff, 0xff,
    0xff, 0xff, 0xff, 0xfb, 0x10, 0x00, 0x00, 0x28, 0xcf, 0xff, 0xff, 0xff, 0xb5, 0x00, 0x00, 0x00, 0x00, 0x00, 0x03, 0x44,
    0x43, 0x00, 0x00, 0x00, 0x00, 0x00, 0x00, 0x00, 0x00, 0x00, 0x00, 0x66, 0x66, 0x20, 0x00, 0x00, 0x00, 0x00, 0x00, 0x00,
    0x00, 0x08, 0xff, 0xfd, 0x10, 0x00, 0x00, 0x00, 0x00, 0x00, 0x00, 0x00, 0x5f, 0xff, 0xe3, 0x00, 0x00, 0x00, 0x00, 0x00,
    0x00, 0x00, 0x02, 0xef, 0xff, 0x60, 0x00, 0x00, 0x00, 0x00, 0x00, 0x00, 0x00, 0x1c, 0xff, 0xf9, 0x00, 0x00, 0x00, 0x00,
    0x00, 0x00, 0x00, 0x00, 0x9f, 0xff, 0xd1, 0x00, 0x00, 0x00, 0x00, 0x00, 0x00, 0x00, 0x06, 0xff, 0xfe, 0x30, 0x00, 0x00,
    0x00, 0x00, 0x00, 0x00, 0x00, 0x3e, 0xff, 0xf6, 0x00, 0x00, 0x00, 0x00, 0x00, 0x00, 0x00, 0x01, 0xdf, 0xff, 0x90, 0x00,
    0x00, 0x00, 0x00, 0x00, 0x00, 0x00, 0x0a, 0xff, 0xfc, 0x10, 0x01, 0x22, 0x21, 0x00, 0x00, 0x00, 0x00, 0x7f, 0xff, 0xe2,
    0x00, 0x08, 0xff, 0xf6, 0x00, 0x00, 0x00, 0x03, 0xff, 0xff, 0x60, 0x00, 0x08, 0xff, 0xf6, 0x00, 0x00, 0x00, 0x1d, 0xff,
    0xf9, 0x00, 0x00, 0x08, 0xff, 0xf6, 0x00, 0x00, 0x00, 0xbf, 0xff, 0xc1, 0x00, 0x00, 0x08, 0xff, 0xf6, 0x00, 0x00, 0x08,
    0xff, 0xff, 0xc9, 0x99, 0x99, 0x9f, 0xff, 0xff, 0x99, 0x93, 0x0e, 0xff, 0xff, 0xff, 0xff, 0xff, 0xff, 0xff, 0xff, 0xff,
    0xf6, 0x0e, 0xff, 0xff, 0xff, 0xff, 0xff, 0xff, 0xff, 0xff, 0xff, 0xf6, 0x0c, 0xee, 0xee, 0xee, 0xee, 0xee, 0xef, 0xff,
    0xff, 0xee, 0xe5, 0x00, 0x00, 0x00, 0x00, 0x00, 0x00, 0x09, 0xff, 0xf6, 0x00, 0x00, 0x00, 0x00, 0x00, 0x00, 0x00, 0x00,
    0x09, 0xff, 0xf6, 0x00, 0x00, 0x00, 0x00, 0x00, 0x00, 0x00, 0x00, 0x09, 0xff, 0xf6, 0x00, 0x00, 0x00, 0x00, 0x00, 0x00,
    0x00, 0x00, 0x09, 0xff, 0xf6, 0x00, 0x00, 0x00, 0x00, 0x00, 0x00, 0x00, 0x00, 0x09, 0xff, 0xf6, 0x00, 0x00, 0x00, 0x05,
    0x66, 0x66, 0x66, 0x66, 0x66, 0x66, 0x20, 0x00, 0x00, 0xdf, 0xff, 0xff, 0xff, 0xff, 0xff, 0xf6, 0x00, 0x00, 0x0e, 0xff,
    0xff, 0xff, 0xff, 0xff, 0xff, 0x60, 0x00, 0x01, 0xff, 0xff, 0xff, 0xff, 0xff, 0xff, 0xf6, 0x00, 0x00, 0x2f, 0xff, 0xc1,
    0x11, 0x11, 0x11, 0x11, 0x10, 0x00, 0x03, 0xff, 0xf9, 0x00, 0x00, 0x00, 0x00, 0x00, 0x00, 0x00, 0x5f, 0xff, 0x80, 0x00,
    0x00, 0x00, 0x00, 0x00, 0x00, 0x06, 0xff, 0xf7, 0x00, 0x00, 0x00, 0x00, 0x00, 0x00, 0x00, 0x8f, 0xff, 0x50, 0x00, 0x00,
    0x00, 0x00, 0x00, 0x00, 0x09, 0xff, 0xff, 0xbb, 0xb9, 0x74, 0x00, 0x00, 0x00, 0x00, 0xaf, 0xff, 0xff, 0xff, 0xff, 0xfe,
    0x70, 0x00, 0x00, 0x0c, 0xff, 0xff, 0xff, 0xff, 0xff, 0xff, 0xc1, 0x00, 0x00, 0xac, 0xcc, 0xcc, 0xcd, 0xff, 0xff, 0xff,
    0xa0, 0x00, 0x00, 0x00, 0x00, 0x00, 0x01, 0x6d, 0xff, 0xff, 0x20, 0x00, 0x00, 0x00, 0x00, 0x00, 0x00, 0x2e, 0xff, 0xf7,
    0x00, 0x00, 0x00, 0x00, 0x00, 0x00, 0x00, 0x9f, 0xff, 0x90, 0x00, 0x00, 0x00, 0x00, 0x00, 0x00, 0x08, 0xff, 0xfa, 0x00,
    0x04, 0x00, 0x00, 0x00, 0x00, 0x00, 0xbf, 0xff, 0x80, 0x06, 0xfa, 0x30, 0x00, 0x00, 0x00, 0x7f, 0xff, 0xf4, 0x00, 0xdf,
    0xff, 0xc8, 0x65, 0x68, 0xdf, 0xff, 0xfc, 0x00, 0x6f, 0xff, 0xff, 0xff, 0xff, 0xff, 0xff, 0xfe, 0x30, 0x00, 0x7e, 0xff,
    0xff, 0xff, 0xff, 0xff, 0xfd, 0x30, 0x00, 0x00, 0x15, 0xbe, 0xff, 0xff, 0xff, 0xc7, 0x10, 0x00, 0x00, 0x00, 0x00, 0x02,
    0x34, 0x43, 0x10, 0x00, 0x00, 0x00, 0x00, 0x00, 0x00, 0x00, 0x26, 0x9a, 0xba, 0x86, 0x10, 0x00, 0x00, 0x00, 0x00, 0x3b,
    0xff, 0xff, 0xff, 0xff, 0xfa, 0x10, 0x00, 0x00, 0x08, 0xff, 0xff, 0xff, 0xff, 0xff, 0xfd, 0x00, 0x00, 0x00, 0xaf, 0xff,
    0xff, 0xfd, 0xcd, 0xff, 0xf6, 0x00, 0x00, 0x07, 0xff, 0xff, 0xd5, 0x10, 0x00, 0x04, 0xa0, 0x00, 0x00, 0x2e, 0xff, 0xfa,
    0x10, 0x00, 0x00, 0x00, 0x00, 0x00, 0x00, 0x8f, 0xff, 0xd1, 0x00, 0x00, 0x00, 0x00, 0x00, 0x00, 0x00, 0xef, 0xff, 0x50,
    0x00, 0x00, 0x00, 0x00, 0x00, 0x00, 0x03, 0xff, 0xfe, 0x00, 0x00, 0x00, 0x00, 0x00, 0x00, 0x00, 0x06, 0xff, 0xfb, 0x00,
    0x59, 0xbc, 0xb9, 0x50, 0x00, 0x00, 0x08, 0xff, 0xfa, 0x4d, 0xff, 0xff, 0xff, 0xfe, 0x50, 0x00, 0x08, 0xff, 0xfe, 0xff,
    0xff, 0xff, 0xff, 0xff, 0xf7, 0x00, 0x09, 0xff, 0xff, 0xff, 0xe9, 0x77, 0xaf, 0xff, 0xff, 0x40, 0x08, 0xff, 0xff, 0xf9,
    0x00, 0x00, 0x02, 0xdf, 0xff, 0xc0, 0x07, 0xff, 0xff, 0xb0, 0x00, 0x00, 0x00, 0x3f, 0xff, 0xf2, 0x04, 0xff, 0xff, 0x50,
    0x00, 0x00, 0x00, 0x0d, 0xff, 0xf4, 0x01, 0xff, 0xff, 0x40, 0x00, 0x00, 0x00, 0x0c, 0xff, 0xf4, 0x00, 0xbf, 0xff, 0x70,
    0x00, 0x00, 0x00, 0x1e, 0xff, 0xf2, 0x00, 0x5f, 0xff, 0xe2, 0x00, 0x00, 0x00, 0x8f, 0xff, 0xd0, 0x00, 0x0b, 0xff, 0xfe,
    0x62, 0x00, 0x39, 0xff, 0xff, 0x60, 0x00, 0x01, 0xdf, 0xff, 0xff, 0xff, 0xff, 0xff, 0xfa, 0x00, 0x00, 0x00, 0x2b, 0xff,
    0xff, 0xff, 0xff, 0xff, 0x90, 0x00, 0x00, 0x00, 0x00, 0x5b, 0xff, 0xff, 0xff, 0xa4, 0x00, 0x00, 0x00, 0x00, 0x00, 0x00,
    0x13, 0x44, 0x31, 0x00, 0x00, 0x00, 0x16, 0x66, 0x66, 0x66, 0x66, 0x66, 0x66, 0x66, 0x66, 0x22, 0xff, 0xff, 0xff, 0xff,
    0xff, 0xff, 0xff, 0xff, 0xf5, 0x2f, 0xff, 0xff, 0xff, 0xff, 0xff, 0xff, 0xff, 0xff, 0x52, 0xff, 0xff, 0xff, 0xff, 0xff,
    0xff, 0xff, 0xff, 0xf3, 0x2f, 0xff, 0xd2, 0x22, 0x22, 0x22, 0x2a, 0xff, 0xfc, 0x02, 0xff, 0xfc, 0x00, 0x00, 0x00, 0x01,
    0xef, 0xff, 0x60, 0x2f, 0xff, 0xc0, 0x00, 0x00, 0x00, 0x7f, 0xff, 0xe0, 0x02, 0xee, 0xeb, 0x00, 0x00, 0x00, 0x0d, 0xff,
    0xf7, 0x00, 0x00, 0x00, 0x00, 0x00, 0x00, 0x06, 0xff, 0xfe, 0x10, 0x00, 0x00, 0x00, 0x00, 0x00, 0x00, 0xcf, 0xff, 0x90,
    0x00, 0x00, 0x00, 0x00, 0x00, 0x00, 0x4f, 0xff, 0xf2, 0x00, 0x00, 0x00, 0x00, 0x00, 0x00, 0x0b, 0xff, 0xfb, 0x00, 0x00,
    0x00, 0x00, 0x00, 0x00, 0x02, 0xff, 0xff, 0x40, 0x00, 0x00, 0x00, 0x00, 0x00, 0x00, 0x9f, 0xff, 0xc0, 0x00, 0x00, 0x00,
    0x00, 0x00, 0x00, 0x1f, 0xff, 0xf6, 0x00, 0x00, 0x00, 0x00, 0x00, 0x00, 0x07, 0xff, 0xfe, 0x00, 0x00, 0x00, 0x00, 0x00,
    0x00, 0x00, 0xef, 0xff, 0x70, 0x00, 0x00, 0x00, 0x00, 0x00, 0x00, 0x6f, 0xff, 0xe1, 0x00, 0x00, 0x00, 0x00, 0x00, 0x00,
    0x0c, 0xff, 0xf9, 0x00, 0x00, 0x00, 0x00, 0x00, 0x00, 0x04, 0xff, 0xff, 0x20, 0x00, 0x00, 0x00, 0x00, 0x00, 0x00, 0xbf,
    0xff, 0xb0, 0x00, 0x00, 0x00, 0x00, 0x00, 0x00, 0x3f, 0xff, 0xf4, 0x00, 0x00, 0x00, 0x00, 0x00, 0x00, 0x09, 0xff, 0xfc,
    0x00, 0x00, 0x00, 0x00, 0x00, 0x00, 0x00, 0x00, 0x15, 0x8a, 0xa9, 0x85, 0x10, 0x00, 0x00, 0x00, 0x00, 0x02, 0xaf, 0xff,
    0xff, 0xff, 0xff, 0x81, 0x00, 0x00, 0x00, 0x03, 0xef, 0xff, 0xff, 0xff, 0xff, 0xff, 0xd2, 0x00, 0x00, 0x02, 0xef, 0xff,
    0xfd, 0xa8, 0xad, 0xff, 0xff, 0xd1, 0x00, 0x00, 0x8f, 0xff, 0xe5, 0x00, 0x00, 0x06, 0xff, 0xff, 0x60, 0x00, 0x0c, 0xff,
    0xf7, 0x00, 0x00, 0x00, 0x09, 0xff, 0xfa, 0x00, 0x00, 0xdf, 0xff, 0x30, 0x00, 0x00, 0x00, 0x5f, 0xff, 0xb0, 0x00, 0x0c,
    0xff, 0xf5, 0x00, 0x00, 0x00, 0x07, 0xff, 0xfa, 0x00, 0x00, 0x8f, 0xff, 0xc1, 0x00, 0x00, 0x01, 0xdf, 0xff, 0x60, 0x00,
    0x01, 0xef, 0xff, 0xd7, 0x43, 0x48, 0xef, 0xff, 0xd1, 0x00, 0x00, 0x03, 0xef, 0xff, 0xff, 0xff, 0xff, 0xff, 0xc1, 0x00,
    0x00, 0x00, 0x19, 0xff, 0xff, 0xff, 0xff, 0xff, 0xf7, 0x00, 0x00, 0x00, 0x2d, 0xff, 0xff, 0xff, 0xff, 0xff, 0xff, 0xfb,
    0x10, 0x00, 0x0d, 0xff, 0xfe, 0x72, 0x00, 0x02, 0x9f, 0xff, 0xfb, 0x00, 0x05, 0xff, 0xfe, 0x20, 0x00, 0x00, 0x00, 0x4f,
    0xff, 0xf3, 0x00, 0x9f, 0xff, 0x90, 0x00, 0x00, 0x00, 0x00, 0xbf, 0xff, 0x70, 0x0b, 0xff, 0xf7, 0x00, 0x00, 0x00, 0x00,
    0x09, 0xff, 0xf9, 0x00, 0xaf, 0xff, 0x90, 0x00, 0x00, 0x00, 0x00, 0xcf, 0xff, 0x80, 0x06, 0xff, 0xff, 0x30, 0x00, 0x00,
    0x00, 0x5f, 0xff, 0xf4, 0x00, 0x1e, 0xff, 0xfe, 0x93, 0x10, 0x13, 0xaf, 0xff, 0xfd, 0x00, 0x00, 0x4f, 0xff, 0xff, 0xff,
    0xff, 0xff, 0xff, 0xfe, 0x30, 0x00, 0x00, 0x4d, 0xff, 0xff, 0xff, 0xff, 0xff, 0xfc, 0x30, 0x00, 0x00, 0x00, 0x06, 0xbf,
    0xff, 0xff, 0xfe, 0xb5, 0x00, 0x00, 0x00, 0x00, 0x00, 0x00, 0x12, 0x44, 0x32, 0x00, 0x00, 0x00, 0x00, 0x00, 0x00, 0x01,
    0x69, 0xaa, 0x97, 0x20, 0x00, 0x00, 0x00, 0x00, 0x01, 0x9f, 0xff, 0xff, 0xff, 0xfb, 0x30, 0x00, 0x00, 0x00, 0x2e, 0xff,
    0xff, 0xff, 0xff, 0xff, 0xf6, 0x00, 0x00, 0x01, 0xdf, 0xff, 0xfc, 0x99, 0xae, 0xff, 0xff, 0x50, 0x00, 0x09, 0xff, 0xfe,
    0x40, 0x00, 0x01, 0x9f, 0xff, 0xe1, 0x00, 0x0e, 0xff, 0xf5, 0x00, 0x00, 0x00, 0x0b, 0xff, 0xf8, 0x00, 0x2f, 0xff, 0xe0,
    0x00, 0x00, 0x00, 0x05, 0xff, 0xfe, 0x00, 0x3f, 0xff, 0xd0, 0x00, 0x00, 0x00, 0x03, 0xff, 0xff, 0x30, 0x2f, 0xff, 0xe0,
    0x00, 0x00, 0x00, 0x06, 0xff, 0xff, 0x60, 0x0e, 0xff, 0xf7, 0x00, 0x00, 0x00, 0x1d, 0xff, 0xff, 0x80, 0x08, 0xff, 0xff,
    0x82, 0x00, 0x04, 0xdf, 0xff, 0xff, 0x90, 0x01, 0xdf, 0xff, 0xff, 0xed, 0xef, 0xff, 0xff, 0xff, 0xa0, 0x00, 0x2d, 0xff,
    0xff, 0xff, 0xff, 0xfd, 0xaf, 0xff, 0x90, 0x00, 0x01, 0x8d, 0xff, 0xff, 0xfe, 0x81, 0x9f, 0xff, 0x80, 0x00, 0x00, 0x00,
    0x35, 0x65, 0x30, 0x00, 0xcf, 0xff, 0x60, 0x00, 0x00, 0x00, 0x00, 0x00, 0x00, 0x01, 0xff, 0xff, 0x20, 0x00, 0x00, 0x00,
    0x00, 0x00, 0x00, 0x07, 0xff, 0xfd, 0x00, 0x00, 0x00, 0x00, 0x00, 0x00, 0x00, 0x2e, 0xff, 0xf6, 0x00, 0x00, 0x01, 0x00,
    0x00, 0x00, 0x04, 0xef, 0xff, 0xd0, 0x00, 0x00, 0x1e, 0xa6, 0x43, 0x46, 0xbf, 0xff, 0xff, 0x30, 0x00, 0x00, 0x8f, 0xff,
    0xff, 0xff, 0xff, 0xff, 0xf5, 0x00, 0x00, 0x01, 0xef, 0xff, 0xff, 0xff, 0xff, 0xfd, 0x30, 0x00, 0x00, 0x00, 0x4a, 0xef,
    0xff, 0xff, 0xfb, 0x50, 0x00, 0x00, 0x00, 0x00, 0x00, 0x02, 0x44, 0x43, 0x00, 0x00, 0x00, 0x00, 0x00, 0x00, 0x00, 0x00,
    0x00, 0x00, 0xaf, 0xf7, 0x00, 0x07, 0xff, 0xff, 0x40, 0x0a, 0xff, 0xff, 0x70, 0x08, 0xff, 0xff, 0x50, 0x01, 0xbf, 0xf9,
    0x00, 0x00, 0x02, 0x10, 0x00, 0x00, 0x00, 0x00, 0x00, 0x00, 0x00, 0x00, 0x00, 0x00, 0x00, 0x00, 0x00, 0x00, 0x00, 0x00,
    0x00, 0x00, 0x00, 0x00, 0x00, 0x00, 0x00, 0x00, 0x00, 0x00, 0xaf, 0xf7, 0x00, 0x07, 0xff, 0xff, 0x40, 0x0a, 0xff, 0xff,
    0x70, 0x08, 0xff, 0xff, 0x50, 0x01, 0xbf, 0xf9, 0x00, 0x00, 0x02, 0x10, 0x00, 0x00, 0x00, 0x00, 0x00, 0x00, 0xaf, 0xf7,
    0x00, 0x07, 0xff, 0xff, 0x40, 0x0a, 0xff, 0xff, 0x70, 0x08, 0xff, 0xff, 0x50, 0x01, 0xbf, 0xf9, 0x00, 0x00, 0x02, 0x10,
    0x00, 0x00, 0x00, 0x00, 0x00, 0x00, 0x00, 0x00, 0x00, 0x00, 0x00, 0x00, 0x00, 0x00, 0x00, 0x00, 0x00, 0x00, 0x00, 0x00,
    0x00, 0x00, 0x00, 0x00, 0x00, 0x00, 0x9f, 0xf8, 0x00, 0x06, 0xff, 0xff, 0x40, 0x09, 0xff, 0xff, 0x70, 0x07, 0xff, 0xff,
    0x60, 0x00, 0xbf, 0xff, 0x20, 0x00, 0x5f, 0xfb, 0x00, 0x00, 0x8f, 0xf6, 0x00, 0x00, 0xcf, 0xe1, 0x00, 0x01, 0xff, 0xa0,
    0x00, 0x04, 0xdd, 0x40, 0x00, 0x00, 0x00, 0x00, 0x00, 0x00, 0x00, 0x00, 0x02, 0x60, 0x00, 0x00, 0x00, 0x00, 0x00, 0x00,
    0x01, 0x5b, 0xfc, 0x00, 0x00, 0x00, 0x00, 0x00, 0x00, 0x39, 0xef, 0xff, 0xc0, 0x00, 0x00, 0x00, 0x00, 0x16, 0xcf, 0xff,
    0xff, 0xfa, 0x00, 0x00, 0x00, 0x04, 0xaf, 0xff, 0xff, 0xfd, 0x82, 0x00, 0x00, 0x02, 0x7d, 0xff, 0xff, 0xff, 0xa4, 0x00,
    0x00, 0x00, 0x00, 0xef, 0xff, 0xff, 0xc6, 0x10, 0x00, 0x00, 0x00, 0x00, 0x0e, 0xff, 0xf8, 0x20, 0x00, 0x00, 0x00, 0x00,
    0x00, 0x00, 0xef, 0xff, 0xe8, 0x30, 0x00, 0x00, 0x00, 0x00, 0x00, 0x0a, 0xff, 0xff, 0xff, 0xc7, 0x10, 0x00, 0x00, 0x00,
    0x00, 0x02, 0x7d, 0xff, 0xff, 0xff, 0xa5, 0x00, 0x00, 0x00, 0x00, 0x00, 0x04, 0xaf, 0xff, 0xff, 0xfe, 0x83, 0x00, 0x00,
    0x00, 0x00, 0x00, 0x16, 0xcf, 0xff, 0xff, 0xc0, 0x00, 0x00, 0x00, 0x00, 0x00, 0x00, 0x39, 0xef, 0xfc, 0x00, 0x00, 0x00,
    0x00, 0x00, 0x00, 0x00, 0x01, 0x5b, 0xc0, 0x00, 0x00, 0x00, 0x00, 0x00, 0x00, 0x00, 0x00, 0x01, 0x00, 0x00, 0x00, 0x00,
    0x00, 0x00, 0x00, 0x00, 0x00, 0x00, 0x00, 0x00, 0x00, 0x00, 0x00, 0x00, 0x00, 0x00, 0x00, 0x00, 0x00, 0x00, 0x00, 0x00,
    0x00, 0x00, 0x00, 0x00, 0x00, 0x00, 0x00, 0xaa, 0xaa, 0xaa, 0xaa, 0xaa, 0xaa, 0xaa, 0x90, 0x00, 0x0e, 0xff, 0xff, 0xff,
    0xff, 0xff, 0xff, 0xfc, 0x00, 0x00, 0xef, 0xff, 0xff, 0xff, 0xff, 0xff, 0xff, 0xc0, 0x00, 0x07, 0x88, 0x88, 0x88, 0x88,
    0x88, 0x88, 0x87, 0x00, 0x00, 0x00, 0x00, 0x00, 0x00, 0x00, 0x00, 0x00, 0x00, 0x00, 0x00, 0x00, 0x00, 0x00, 0x00, 0x00,
    0x00, 0x00, 0x00, 0x00, 0x00, 0x00, 0x00, 0x00, 0x00, 0x00, 0x00, 0x00, 0x00, 0x00, 0x00, 0x00, 0x00, 0x00, 0x00, 0x00,
    0x00, 0x00, 0x00, 0xde, 0xee, 0xee, 0xee, 0xee, 0xee, 0xee, 0xb0, 0x00, 0x0e, 0xff, 0xff, 0xff, 0xff, 0xff, 0xff, 0xfc,
    0x00, 0x00, 0xef, 0xff, 0xff, 0xff, 0xff, 0xff, 0xff, 0xc0, 0x00, 0x04, 0x44, 0x44, 0x44, 0x44, 0x44, 0x44, 0x43, 0x00,
    0x00, 0x00, 0x00, 0x00, 0x00, 0x00, 0x00, 0x00, 0x00, 0x00, 0x00, 0x00, 0x00, 0x00, 0x00, 0x00, 0x00, 0x00, 0x00, 0x00,
    0x00, 0x00, 0x00, 0x00, 0x00, 0x00, 0x00, 0x00, 0x00, 0x00, 0x00, 0x00, 0x00, 0x00, 0x00, 0x00, 0x00, 0x00, 0x00, 0x00,
    0x00, 0x00, 0x00, 0x00, 0x00, 0x00, 0x00, 0x00, 0x00, 0x72, 0x00, 0x00, 0x00, 0x00, 0x00, 0x00, 0x00, 0x00, 0x0e, 0xfb,
    0x50, 0x00, 0x00, 0x00, 0x00, 0x00, 0x00, 0x00, 0xef, 0xff, 0xe8, 0x20, 0x00, 0x00, 0x00, 0x00, 0x00, 0x0c, 0xff, 0xff,
    0xff, 0xc6, 0x10, 0x00, 0x00, 0x00, 0x00, 0x03, 0x9e, 0xff, 0xff, 0xfe, 0x93, 0x00, 0x00, 0x00, 0x00, 0x00, 0x05, 0xbf,
    0xff, 0xff, 0xfd, 0x71, 0x00, 0x00, 0x00, 0x00, 0x00, 0x17, 0xcf, 0xff, 0xff, 0xc0, 0x00, 0x00, 0x00, 0x00, 0x00, 0x00,
    0x39, 0xff, 0xfc, 0x00, 0x00, 0x00, 0x00, 0x00, 0x00, 0x39, 0xef, 0xff, 0xc0, 0x00, 0x00, 0x00, 0x00, 0x27, 0xdf, 0xff,
    0xff, 0xf9, 0x00, 0x00, 0x00, 0x05, 0xbf, 0xff, 0xff, 0xfc, 0x71, 0x00, 0x00, 0x03, 0x9e, 0xff, 0xff, 0xfe, 0x93, 0x00,
    0x00, 0x00, 0x00, 0xef, 0xff, 0xff, 0xc6, 0x10, 0x00, 0x00, 0x00, 0x00, 0x0e, 0xff, 0xe8, 0x20, 0x00, 0x00, 0x00, 0x00,
    0x00, 0x00, 0xeb, 0x50, 0x00, 0x00, 0x00, 0x00, 0x00, 0x00, 0x00, 0x01, 0x00, 0x00, 0x00, 0x00, 0x00, 0x00, 0x00, 0x00,
    0x00, 0x00, 0x00, 0x00, 0x00, 0x00, 0x00, 0x00, 0x00, 0x00, 0x00, 0x00, 0x00, 0x00, 0x00, 0x00, 0x00, 0x00, 0x00, 0x00,
    0x00, 0x00, 0x00, 0x00, 0x00, 0x00, 0x00, 0x00, 0x00, 0x00, 0x00, 0x15, 0x8a, 0xba, 0x96, 0x20, 0x00, 0x00, 0x00, 0x01,
    0x9e, 0xff, 0xff, 0xff, 0xff, 0xb3, 0x00, 0x00, 0x04, 0xdf, 0xff, 0xff, 0xff, 0xff, 0xff, 0xe4, 0x00, 0x04, 0xef, 0xff,
    0xff, 0xdc, 0xdf, 0xff, 0xff, 0xe1, 0x00, 0x6e, 0xff, 0xd5, 0x10, 0x00, 0x2b, 0xff, 0xff, 0x60, 0x00, 0x2b, 0xc1, 0x00,
    0x00, 0x00, 0x0d, 0xff, 0xf8, 0x00, 0x00, 0x01, 0x00, 0x00, 0x00, 0x00, 0x9f, 0xff, 0x90, 0x00, 0x00, 0x00, 0x00, 0x00,
    0x00, 0x0a, 0xff, 0xf7, 0x00, 0x00, 0x00, 0x00, 0x00, 0x00, 0x03, 0xff, 0xff, 0x20, 0x00, 0x00, 0x00, 0x00, 0x00, 0x02,
    0xef, 0xff, 0x80, 0x00, 0x00, 0x00, 0x00, 0x00, 0x03, 0xef, 0xff, 0xb0, 0x00, 0x00, 0x00, 0x00, 0x00, 0x03, 0xef, 0xff,
    0xb1, 0x00, 0x00, 0x00, 0x00, 0x00, 0x01, 0xdf, 0xff, 0xa0, 0x00, 0x00, 0x00, 0x00, 0x00, 0x00, 0x7f, 0xff, 0xc1, 0x00,
    0x00, 0x00, 0x00, 0x00, 0x00, 0x0c, 0xff, 0xf5, 0x00, 0x00, 0x00, 0x00, 0x00, 0x00, 0x00, 0x78, 0x88, 0x20, 0x00, 0x00,
    0x00, 0x00, 0x00, 0x00, 0x00, 0x00, 0x00, 0x00, 0x00, 0x00, 0x00, 0x00, 0x00, 0x00, 0x00, 0x00, 0x00, 0x00, 0x00, 0x00,
    0x00, 0x00, 0x00, 0x02, 0x9a, 0x50, 0x00, 0x00, 0x00, 0x00, 0x00, 0x00, 0x01, 0xef, 0xff, 0x50, 0x00, 0x00, 0x00, 0x00,
    0x00, 0x00, 0x5f, 0xff, 0xf9, 0x00, 0x00, 0x00, 0x00, 0x00, 0x00, 0x04, 0xff, 0xff, 0x80, 0x00, 0x00, 0x00, 0x00, 0x00,
    0x00, 0x09, 0xff, 0xc1, 0x00, 0x00, 0x00, 0x00, 0x00, 0x00, 0x00, 0x01, 0x20, 0x00, 0x00, 0x00, 0x00, 0x00, 0x00, 0x00,
    0x00, 0x00, 0x00, 0x36, 0x8a, 0xaa, 0x97, 0x41, 0x00, 0x00, 0x00, 0x00, 0x00, 0x00, 0x00, 0x00, 0x00, 0x00, 0x29, 0xef,
    0xff, 0xff, 0xff, 0xff, 0xfb, 0x40, 0x00, 0x00, 0x00, 0x00, 0x00, 0x00, 0x00, 0x02, 0x9f, 0xff, 0xff, 0xff, 0xef, 0xff,
    0xff, 0xff, 0xc4, 0x00, 0x00, 0x00, 0x00, 0x00, 0x00, 0x04, 0xef, 0xff, 0xd9, 0x52, 0x10, 0x01, 0x37, 0xbf, 0xff, 0xf8,
    0x00, 0x00, 0x00, 0x00, 0x00, 0x06, 0xff, 0xfd, 0x60, 0x00, 0x00, 0x00, 0x00, 0x00, 0x29, 0xff, 0xfb, 0x00, 0x00, 0x00,
    0x00, 0x04, 0xff, 0xfa, 0x10, 0x00, 0x00, 0x00, 0x00, 0x00, 0x00, 0x04, 0xef, 0xf9, 0x00, 0x00, 0x00, 0x02, 0xef, 0xf9,
    0x00, 0x00, 0x00, 0x01, 0x00, 0x00, 0x00, 0x00, 0x02, 0xef, 0xf6, 0x00, 0x00, 0x00, 0xaf, 0xfb, 0x00, 0x00, 0x06, 0xbe,
    0xff, 0xd8, 0x20, 0xcd, 0xd9, 0x03, 0xff, 0xe1, 0x00, 0x00, 0x3f, 0xfe, 0x10, 0x00, 0x1c, 0xff, 0xff, 0xff, 0xfe, 0x5e,
    0xff, 0xa0, 0x08, 0xff, 0x70, 0x00, 0x0a, 0xff, 0x80, 0x00, 0x1d, 0xff, 0xff, 0xff, 0xff, 0xff, 0xff, 0xfa, 0x00, 0x1e,
    0xfd, 0x00, 0x00, 0xef, 0xf2, 0x00, 0x0a, 0xff, 0xfd, 0x62, 0x13, 0x8e, 0xff, 0xff, 0xa0, 0x00, 0xaf, 0xf3, 0x00, 0x4f,
    0xfc, 0x00, 0x03, 0xff, 0xfd, 0x10, 0x00, 0x00, 0x3e, 0xff, 0xfa, 0x00, 0x05, 0xff, 0x70, 0x06, 0xff, 0x90, 0x00, 0x9f,
    0xff, 0x40, 0x00, 0x00, 0x00, 0x6f, 0xff, 0xa0, 0x00, 0x3f, 0xf9, 0x00, 0x8f, 0xf7, 0x00, 0x0c, 0xff, 0xd0, 0x00, 0x00,
    0x00, 0x01, 0xff, 0xfa, 0x00, 0x01, 0xff, 0xa0, 0x09, 0xff, 0x60, 0x00, 0xdf, 0xfb, 0x00, 0x00, 0x00, 0x00, 0x0f, 0xff,
    0xa0, 0x00, 0x0f, 0xfa, 0x00, 0x9f, 0xf6, 0x00, 0x0d, 0xff, 0xb0, 0x00, 0x00, 0x00, 0x00, 0xff, 0xfa, 0x00, 0x01, 0xff,
    0x90, 0x08, 0xff, 0x70, 0x00, 0xcf, 0xfd, 0x00, 0x00, 0x00, 0x00, 0x1f, 0xff, 0xa0, 0x00, 0x2f, 0xf8, 0x00, 0x6f, 0xf9,
    0x00, 0x09, 0xff, 0xf3, 0x00, 0x00, 0x00, 0x05, 0xff, 0xfa, 0x00, 0x05, 0xff, 0x50, 0x03, 0xff, 0xd0, 0x00, 0x3f, 0xff,
    0xc1, 0x00, 0x00, 0x02, 0xef, 0xff, 0xa0, 0x00, 0x9f, 0xf2, 0x00, 0x0e, 0xff, 0x20, 0x00, 0xbf, 0xff, 0xc4, 0x00, 0x05,
    0xdf, 0xff, 0xfe, 0x20, 0x4f, 0xfb, 0x00, 0x00, 0x9f, 0xf9, 0x00, 0x02, 0xef, 0xff, 0xff, 0xef, 0xff, 0xfc, 0xff, 0xfe,
    0xdf, 0xff, 0x40, 0x00, 0x02, 0xff, 0xf2, 0x00, 0x02, 0xdf, 0xff, 0xff, 0xff, 0xf7, 0x1e, 0xff, 0xff, 0xff, 0x70, 0x00,
    0x00, 0x09, 0xff, 0xc1, 0x00, 0x01, 0x8d, 0xff, 0xff, 0xa4, 0x00, 0x2b, 0xff, 0xfd, 0x60, 0x00, 0x00, 0x00, 0x1d, 0xff,
    0xa0, 0x00, 0x00, 0x02, 0x32, 0x00, 0x00, 0x00, 0x01, 0x32, 0x00, 0x00, 0x00, 0x00, 0x00, 0x3e, 0xff, 0xc2, 0x00, 0x00,
    0x00, 0x00, 0x00, 0x00, 0x00, 0x00, 0x00, 0x00, 0x00, 0x00, 0x00, 0x00, 0x4e, 0xff, 0xe8, 0x10, 0x00, 0x00, 0x00, 0x00,
    0x15, 0x00, 0x00, 0x00, 0x00, 0x00, 0x00, 0x00, 0x00, 0x2d, 0xff, 0xff, 0xb7, 0x43, 0x23, 0x46, 0xae, 0xf2, 0x00, 0x00,
    0x00, 0x00, 0x00, 0x00, 0x00, 0x00, 0x17, 0xef, 0xff, 0xff, 0xff, 0xff, 0xff, 0xff, 0x70, 0x00, 0x00, 0x00, 0x00, 0x00,
    0x00, 0x00, 0x00, 0x01, 0x7c, 0xff, 0xff, 0xff, 0xff, 0xfc, 0x71, 0x00, 0x00, 0x00, 0x00, 0x00, 0x00, 0x00, 0x00, 0x00,
    0x00, 0x01, 0x46, 0x78, 0x76, 0x41, 0x00, 0x00, 0x00, 0x00, 0x00, 0x00, 0x00, 0x00, 0x00, 0x00, 0x00, 0x16, 0x66, 0x61,
    0x00, 0x00, 0x00, 0x00, 0x00, 0x00, 0x00, 0x00, 0x00, 0x00, 0x8f, 0xff, 0xf6, 0x00, 0x00, 0x00, 0x00, 0x00, 0x00, 0x00,
    0x00, 0x00, 0x00, 0xef, 0xff, 0xfd, 0x00, 0x00, 0x00, 0x00, 0x00, 0x00, 0x00, 0x00, 0x00, 0x06, 0xff, 0xff, 0xff, 0x50,
    0x00, 0x00, 0x00, 0x00, 0x00, 0x00, 0x00, 0x00, 0x0d, 0xff, 0xff, 0xff, 0xc0, 0x00, 0x00, 0x00, 0x00, 0x00, 0x00, 0x00,
    0x00, 0x4f, 0xff, 0x9b, 0xff, 0xf3, 0x00, 0x00, 0x00, 0x00, 0x00, 0x00, 0x00, 0x00, 0xbf, 0xff, 0x35, 0xff, 0xfa, 0x00,
    0x00, 0x00, 0x00, 0x00, 0x00, 0x00, 0x03, 0xff, 0xfb, 0x00, 0xdf, 0xff, 0x20, 0x00, 0x00, 0x00, 0x00, 0x00, 0x00, 0x0a,
    0xff, 0xf5, 0x00, 0x7f, 0xff, 0x90, 0x00, 0x00, 0x00, 0x00, 0x00, 0x00, 0x2f, 0xff, 0xd0, 0x00, 0x1e, 0xff, 0xe1, 0x00,
    0x00, 0x00, 0x00, 0x00, 0x00, 0x8f, 0xff, 0x70, 0x00, 0x09, 0xff, 0xf7, 0x00, 0x00, 0x00, 0x00, 0x00, 0x01, 0xef, 0xff,
    0x10, 0x00, 0x03, 0xff, 0xfe, 0x00, 0x00, 0x00, 0x00, 0x00, 0x07, 0xff, 0xf9, 0x00, 0x00, 0x00, 0xbf, 0xff, 0x60, 0x00,
    0x00, 0x00, 0x00, 0x0d, 0xff, 0xf3, 0x00, 0x00, 0x00, 0x5f, 0xff, 0xc0, 0x00, 0x00, 0x00, 0x00, 0x5f, 0xff, 0xf7, 0x77,
    0x77, 0x77, 0x7f, 0xff, 0xf4, 0x00, 0x00, 0x00, 0x00, 0xcf, 0xff, 0xff, 0xff, 0xff, 0xff, 0xff, 0xff, 0xfb, 0x00, 0x00,
    0x00, 0x04, 0xff, 0xff, 0xff, 0xff, 0xff, 0xff, 0xff, 0xff, 0xff, 0x30, 0x00, 0x00, 0x0a, 0xff, 0xff, 0xcc, 0xcc, 0xcc,
    0xcc, 0xcc, 0xff, 0xff, 0x90, 0x00, 0x00, 0x2f, 0xff, 0xf1, 0x00, 0x00, 0x00, 0x00, 0x00, 0x2f, 0xff, 0xf2, 0x00, 0x00,
    0x9f, 0xff, 0x90, 0x00, 0x00, 0x00, 0x00, 0x00, 0x0b, 0xff, 0xf8, 0x00, 0x01, 0xef, 0xff, 0x30, 0x00, 0x00, 0x00, 0x00,
    0x00, 0x05, 0xff, 0xfe, 0x10, 0x07, 0xff, 0xfc, 0x00, 0x00, 0x00, 0x00, 0x00, 0x00, 0x00, 0xdf, 0xff, 0x60, 0x0e, 0xff,
    0xf5, 0x00, 0x00, 0x00, 0x00, 0x00, 0x00, 0x00, 0x7f, 0xff, 0xd0, 0x00, 0x06, 0x66, 0x66, 0x66, 0x66, 0x66, 0x54, 0x20,
    0x00, 0x00, 0x00, 0x00, 0x0f, 0xff, 0xff, 0xff, 0xff, 0xff, 0xff, 0xfd, 0x71, 0x00, 0x00, 0x00, 0x0f, 0xff, 0xff, 0xff,
    0xff, 0xff, 0xff, 0xff, 0xfd, 0x20, 0x00, 0x00, 0x0f, 0xff, 0xfd, 0xdd, 0xdd, 0xde, 0xff, 0xff, 0xff, 0xd1, 0x00, 0x00,
    0x0f, 0xff, 0xf2, 0x00, 0x00, 0x00, 0x04, 0xbf, 0xff, 0xf6, 0x00, 0x00, 0x0f, 0xff, 0xf2, 0x00, 0x00, 0x00, 0x00, 0x0c,
    0xff, 0xfa, 0x00, 0x00, 0x0f, 0xff, 0xf2, 0x00, 0x00, 0x00, 0x00, 0x07, 0xff, 0xfb, 0x00, 0x00, 0x0f, 0xff, 0xf2, 0x00,
    0x00, 0x00, 0x00, 0x07, 0xff, 0xf9, 0x00, 0x00, 0x0f, 0xff, 0xf2, 0x00, 0x00, 0x00, 0x00, 0x0d, 0xff, 0xf5, 0x00, 0x00,
    0x0f, 0xff, 0xf2, 0x00, 0x00, 0x00, 0x15, 0xcf, 0xff, 0xd0, 0x00, 0x00, 0x0f, 0xff, 0xff, 0xee, 0xee, 0xef, 0xff, 0xff,
    0xfd, 0x20, 0x00, 0x00, 0x0f, 0xff, 0xff, 0xff, 0xff, 0xff, 0xff, 0xff, 0xf6, 0x00, 0x00, 0x00, 0x0f, 0xff, 0xff, 0xff,
    0xff, 0xff, 0xff, 0xff, 0xff, 0xc2, 0x00, 0x00, 0x0f, 0xff, 0xf7, 0x44, 0x44, 0x44, 0x56, 0xaf, 0xff, 0xfc, 0x00, 0x00,
    0x0f, 0xff, 0xf2, 0x00, 0x00, 0x00, 0x00, 0x02, 0xef, 0xff, 0x60, 0x00, 0x0f, 0xff, 0xf2, 0x00, 0x00, 0x00, 0x00, 0x00,
    0x7f, 0xff, 0xb0, 0x00, 0x0f, 0xff, 0xf2, 0x00, 0x00, 0x00, 0x00, 0x00, 0x5f, 0xff, 0xd0, 0x00, 0x0f, 0xff, 0xf2, 0x00,
    0x00, 0x00, 0x00, 0x00, 0x7f, 0xff, 0xd0, 0x00, 0x0f, 0xff, 0xf2, 0x00, 0x00, 0x00, 0x00, 0x02, 0xef, 0xff, 0xa0, 0x00,
    0x0f, 0xff, 0xf6, 0x44, 0x44, 0x44, 0x56, 0x9f, 0xff, 0xff, 0x40, 0x00, 0x0f, 0xff, 0xff, 0xff, 0xff, 0xff, 0xff, 0xff,
    0xff, 0xf9, 0x00, 0x00, 0x0f, 0xff, 0xff, 0xff, 0xff, 0xff, 0xff, 0xff, 0xfe, 0x70, 0x00, 0x00, 0x0f, 0xff, 0xff, 0xff,
    0xff, 0xff, 0xfe, 0xda, 0x61, 0x00, 0x00, 0x00, 0x00, 0x00, 0x00, 0x02, 0x68, 0xaa, 0x98, 0x51, 0x00, 0x00, 0x00, 0x00,
    0x00, 0x00, 0x4c, 0xff, 0xff, 0xff, 0xff, 0xfb, 0x30, 0x00, 0x00, 0x00, 0x01, 0xbf, 0xff, 0xff, 0xff, 0xff, 0xff, 0xff,
    0x90, 0x00, 0x00, 0x03, 0xdf, 0xff, 0xff, 0xff, 0xef, 0xff, 0xff, 0xff, 0xa0, 0x00, 0x01, 0xdf, 0xff, 0xfe, 0x73, 0x00,
    0x02, 0x7e, 0xff, 0xfb, 0x10, 0x00, 0xbf, 0xff, 0xf9, 0x10, 0x00, 0x00, 0x00, 0x19, 0xfa, 0x00, 0x00, 0x5f, 0xff, 0xf8,
    0x00, 0x00, 0x00, 0x00, 0x00, 0x05, 0x00, 0x00, 0x0c, 0xff, 0xfc, 0x00, 0x00, 0x00, 0x00, 0x00, 0x00, 0x00, 0x00, 0x02,
    0xff, 0xff, 0x40, 0x00, 0x00, 0x00, 0x00, 0x00, 0x00, 0x00, 0x00, 0x5f, 0xff, 0xe0, 0x00, 0x00, 0x00, 0x00, 0x00, 0x00,
    0x00, 0x00, 0x07, 0xff, 0xfb, 0x00, 0x00, 0x00, 0x00, 0x00, 0x00, 0x00, 0x00, 0x00, 0x8f, 0xff, 0x90, 0x00, 0x00, 0x00,
    0x00, 0x00, 0x00, 0x00, 0x00, 0x08, 0xff, 0xfa, 0x00, 0x00, 0x00, 0x00, 0x00, 0x00, 0x00, 0x00, 0x00, 0x7f, 0xff, 0xc0,
    0x00, 0x00, 0x00, 0x00, 0x00, 0x00, 0x00, 0x00, 0x04, 0xff, 0xff, 0x10, 0x00, 0x00, 0x00, 0x00, 0x00, 0x00, 0x00, 0x00,
    0x0e, 0xff, 0xf7, 0x00, 0x00, 0x00, 0x00, 0x00, 0x00, 0x00, 0x00, 0x00, 0xaf, 0xff, 0xe2, 0x00, 0x00, 0x00, 0x00, 0x00,
    0x00, 0x00, 0x00, 0x02, 0xff, 0xff, 0xd2, 0x00, 0x00, 0x00, 0x00, 0x02, 0xb3, 0x00, 0x00, 0x08, 0xff, 0xff, 0xe5, 0x00,
    0x00, 0x00, 0x05, 0xef, 0xe3, 0x00, 0x00, 0x0a, 0xff, 0xff, 0xfd, 0x96, 0x56, 0x8d, 0xff, 0xff, 0xe1, 0x00, 0x00, 0x09,
    0xff, 0xff, 0xff, 0xff, 0xff, 0xff, 0xff, 0xe4, 0x00, 0x00, 0x00, 0x06, 0xdf, 0xff, 0xff, 0xff, 0xff, 0xff, 0xb3, 0x00,
    0x00, 0x00, 0x00, 0x00, 0x6b, 0xef, 0xff, 0xff, 0xea, 0x40, 0x00, 0x00, 0x00, 0x00, 0x00, 0x00, 0x00, 0x24, 0x43, 0x20,
    0x00, 0x00, 0x00, 0x00, 0x06, 0x66, 0x66, 0x66, 0x66, 0x66, 0x52, 0x00, 0x00, 0x00, 0x00, 0x00, 0x00, 0x0f, 0xff, 0xff,
    0xff, 0xff, 0xff, 0xff, 0xea, 0x40, 0x00, 0x00, 0x00, 0x00, 0x0f, 0xff, 0xff, 0xff, 0xff, 0xff, 0xff, 0xff, 0xfc, 0x30,
    0x00, 0x00, 0x00, 0x0f, 0xff, 0xff, 0xff, 0xff, 0xff, 0xff, 0xff, 0xff, 0xf6, 0x00, 0x00, 0x00, 0x0f, 0xff, 0xf4, 0x22,
    0x22, 0x23, 0x58, 0xef, 0xff, 0xff, 0x60, 0x00, 0x00, 0x0f, 0xff, 0xf3, 0x00, 0x00, 0x00, 0x00, 0x07, 0xff, 0xff, 0xf3,
    0x00, 0x00, 0x0f, 0xff, 0xf3, 0x00, 0x00, 0x00, 0x00, 0x00, 0x3f, 0xff, 0xfc, 0x00, 0x00, 0x0f, 0xff, 0xf3, 0x00, 0x00,
    0x00, 0x00, 0x00, 0x06, 0xff, 0xff, 0x40, 0x00, 0x0f, 0xff, 0xf3, 0x00, 0x00, 0x00, 0x00, 0x00, 0x00, 0xcf, 0xff, 0x90,
    0x00, 0x0f, 0xff, 0xf3, 0x00, 0x00, 0x00, 0x00, 0x00, 0x00, 0x7f, 0xff, 0xc0, 0x00, 0x0f, 0xff, 0xf3, 0x00, 0x00, 0x00,
    0x00, 0x00, 0x00, 0x4f, 0xff, 0xe0, 0x00, 0x0f, 0xff, 0xf3, 0x00, 0x00, 0x00, 0x00, 0x00, 0x00, 0x3f, 0xff, 0xf0, 0x00,
    0x0f, 0xff, 0xf3, 0x00, 0x00, 0x00, 0x00, 0x00, 0x00, 0x3f, 0xff, 0xf0, 0x00, 0x0f, 0xff, 0xf3, 0x00, 0x00, 0x00, 0x00,
    0x00, 0x00, 0x5f, 0xff, 0xe0, 0x00, 0x0f, 0xff, 0xf3, 0x00, 0x00, 0x00, 0x00, 0x00, 0x00, 0x9f, 0xff, 0xb0, 0x00, 0x0f,
    0xff, 0xf3, 0x00, 0x00, 0x00, 0x00, 0x00, 0x01, 0xef, 0xff, 0x70, 0x00, 0x0f, 0xff, 0xf3, 0x00, 0x00, 0x00, 0x00, 0x00,
    0x0b, 0xff, 0xff, 0x20, 0x00, 0x0f, 0xff, 0xf3, 0x00, 0x00, 0x00, 0x00, 0x00, 0x9f, 0xff, 0xf9, 0x00, 0x00, 0x0f, 0xff,
    0xf3, 0x00, 0x00, 0x00, 0x00, 0x5c, 0xff, 0xff, 0xd1, 0x00, 0x00, 0x0f, 0xff, 0xf9, 0x88, 0x88, 0x89, 0xbe, 0xff, 0xff,
    0xfe, 0x20, 0x00, 0x00, 0x0f, 0xff, 0xff, 0xff, 0xff, 0xff, 0xff, 0xff, 0xff, 0xc2, 0x00, 0x00, 0x00, 0x0f, 0xff, 0xff,
    0xff, 0xff, 0xff, 0xff, 0xff, 0xd6, 0x00, 0x00, 0x00, 0x00, 0x0f, 0xff, 0xff, 0xff, 0xff, 0xff, 0xec, 0x94, 0x00, 0x00,
    0x00, 0x00, 0x00, 0x06, 0x66, 0x66, 0x66, 0x66, 0x66, 0x66, 0x66, 0x62, 0x00, 0x00, 0xff, 0xff, 0xff, 0xff, 0xff, 0xff,
    0xff, 0xff, 0x50, 0x00, 0x0f, 0xff, 0xff, 0xff, 0xff, 0xff, 0xff, 0xff, 0xf5, 0x00, 0x00, 0xff, 0xff, 0xff, 0xff, 0xff,
    0xff, 0xff, 0xff, 0x50, 0x00, 0x0f, 0xff, 0xf4, 0x11, 0x11, 0x11, 0x11, 0x11, 0x10, 0x00, 0x00, 0xff, 0xff, 0x20, 0x00,
    0x00, 0x00, 0x00, 0x00, 0x00, 0x00, 0x0f, 0xff, 0xf2, 0x00, 0x00, 0x00, 0x00, 0x00, 0x00, 0x00, 0x00, 0xff, 0xff, 0x20,
    0x00, 0x00, 0x00, 0x00, 0x00, 0x00, 0x00, 0x0f, 0xff, 0xf2, 0x00, 0x00, 0x00, 0x00, 0x00, 0x00, 0x00, 0x00, 0xff, 0xff,
    0x41, 0x11, 0x11, 0x11, 0x11, 0x10, 0x00, 0x00, 0x0f, 0xff, 0xff, 0xff, 0xff, 0xff, 0xff, 0xff, 0x00, 0x00, 0x00, 0xff,
    0xff, 0xff, 0xff, 0xff, 0xff, 0xff, 0xf0, 0x00, 0x00, 0x0f, 0xff, 0xff, 0xff, 0xff, 0xff, 0xff, 0xff, 0x00, 0x00, 0x00,
    0xff, 0xff, 0x75, 0x55, 0x55, 0x55, 0x55, 0x50, 0x00, 0x00, 0x0f, 0xff, 0xf2, 0x00, 0x00, 0x00, 0x00, 0x00, 0x00, 0x00,
    0x00, 0xff, 0xff, 0x20, 0x00, 0x00, 0x00, 0x00, 0x00, 0x00, 0x00, 0x0f, 0xff, 0xf2, 0x00, 0x00, 0x00, 0x00, 0x00, 0x00,
    0x00, 0x00, 0xff, 0xff, 0x20, 0x00, 0x00, 0x00, 0x00, 0x00, 0x00, 0x00, 0x0f, 0xff, 0xf2, 0x00, 0x00, 0x00, 0x00, 0x00,
    0x00, 0x00, 0x00, 0xff, 0xff, 0x98, 0x88, 0x88, 0x88, 0x88, 0x88, 0x60, 0x00, 0x0f, 0xff, 0xff, 0xff, 0xff, 0xff, 0xff,
    0xff, 0xfc, 0x00, 0x00, 0xff, 0xff, 0xff, 0xff, 0xff, 0xff, 0xff, 0xff, 0xc0, 0x00, 0x0f, 0xff, 0xff, 0xff, 0xff, 0xff,
    0xff, 0xff, 0xfc, 0x00, 0x00, 0x06, 0x66, 0x66, 0x66, 0x66, 0x66, 0x66, 0x66, 0x62, 0x00, 0x0f, 0xff, 0xff, 0xff, 0xff,
    0xff, 0xff, 0xff, 0xf5, 0x00, 0x0f, 0xff, 0xff, 0xff, 0xff, 0xff, 0xff, 0xff, 0xf5, 0x00, 0x0f, 0xff, 0xff, 0xff, 0xff,
    0xff, 0xff, 0xff, 0xf5, 0x00, 0x0f, 0xff, 0xf4, 0x11, 0x11, 0x11, 0x11, 0x11, 0x10, 0x00, 0x0f, 0xff, 0xf3, 0x00, 0x00,
    0x00, 0x00, 0x00, 0x00, 0x00, 0x0f, 0xff, 0xf3, 0x00, 0x00, 0x00, 0x00, 0x00, 0x00, 0x00, 0x0f, 0xff, 0xf3, 0x00, 0x00,
    0x00, 0x00, 0x00, 0x00, 0x00, 0x0f, 0xff, 0xf3, 0x00, 0x00, 0x00, 0x00, 0x00, 0x00, 0x00, 0x0f, 0xff, 0xf3, 0x00, 0x00,
    0x00, 0x00, 0x00, 0x00, 0x00, 0x0f, 0xff, 0xf4, 0x11, 0x11, 0x11, 0x11, 0x11, 0x00, 0x00, 0x0f, 0xff, 0xff, 0xff, 0xff,
    0xff, 0xff, 0xff, 0x00, 0x00, 0x0f, 0xff, 0xff, 0xff, 0xff, 0xff, 0xff, 0xff, 0x00, 0x00, 0x0f, 0xff, 0xff, 0xff, 0xff,
    0xff, 0xff, 0xff, 0x00, 0x00, 0x0f, 0xff, 0xf9, 0x66, 0x66, 0x66, 0x66, 0x66, 0x00, 0x00, 0x0f, 0xff, 0xf3, 0x00, 0x00,
    0x00, 0x00, 0x00, 0x00, 0x00, 0x0f, 0xff, 0xf3, 0x00, 0x00, 0x00, 0x00, 0x00, 0x00, 0x00, 0x0f, 0xff, 0xf3, 0x00, 0x00,
    0x00, 0x00, 0x00, 0x00, 0x00, 0x0f, 0xff, 0xf3, 0x00, 0x00, 0x00, 0x00, 0x00, 0x00, 0x00, 0x0f, 0xff, 0xf3, 0x00, 0x00,
    0x00, 0x00, 0x00, 0x00, 0x00, 0x0f, 0xff, 0xf3, 0x00, 0x00, 0x00, 0x00, 0x00, 0x00, 0x00, 0x0f, 0xff, 0xf3, 0x00, 0x00,
    0x00, 0x00, 0x00, 0x00, 0x00, 0x0f, 0xff, 0xf3, 0x00, 0x00, 0x00, 0x00, 0x00, 0x00, 0x00, 0x00, 0x00, 0x00, 0x01, 0x58,
    0x9a, 0xa8, 0x62, 0x00, 0x00, 0x00, 0x00, 0x00, 0x00, 0x00, 0x4b, 0xff, 0xff, 0xff, 0xff, 0xfc, 0x50, 0x00, 0x00, 0x00,
    0x00, 0x01, 0xbf, 0xff, 0xff, 0xff, 0xff, 0xff, 0xff, 0xc2, 0x00, 0x00, 0x00, 0x03, 0xdf, 0xff, 0xff, 0xff, 0xef, 0xff,
    0xff, 0xff, 0xd2, 0x00, 0x00, 0x01, 0xdf, 0xff, 0xfe, 0x83, 0x00, 0x02, 0x6c, 0xff, 0xfd, 0x20, 0x00, 0x00, 0xbf, 0xff,
    0xfa, 0x10, 0x00, 0x00, 0x00, 0x05, 0xec, 0x10, 0x00, 0x00, 0x5f, 0xff, 0xf9, 0x00, 0x00, 0x00, 0x00, 0x00, 0x03, 0x10,
    0x00, 0x00, 0x0c, 0xff, 0xfc, 0x00, 0x00, 0x00, 0x00, 0x00, 0x00, 0x00, 0x00, 0x00, 0x02, 0xff, 0xff, 0x40, 0x00, 0x00,
    0x00, 0x00, 0x00, 0x00, 0x00, 0x00, 0x00, 0x5f, 0xff, 0xe0, 0x00, 0x00, 0x00, 0x00, 0x00, 0x00, 0x00, 0x00, 0x00, 0x07,
    0xff, 0xfb, 0x00, 0x00, 0x00, 0x00, 0x00, 0x00, 0x00, 0x00, 0x00, 0x00, 0x8f, 0xff, 0x90, 0x00, 0x00, 0x00, 0x00, 0x00,
    0x05, 0x77, 0x71, 0x00, 0x08, 0xff, 0xfa, 0x00, 0x00, 0x00, 0x00, 0x00, 0x00, 0xaf, 0xff, 0x30, 0x00, 0x7f, 0xff, 0xc0,
    0x00, 0x00, 0x00, 0x00, 0x00, 0x0a, 0xff, 0xf3, 0x00, 0x04, 0xff, 0xff, 0x10, 0x00, 0x00, 0x00, 0x00, 0x00, 0xaf, 0xff,
    0x30, 0x00, 0x0e, 0xff, 0xf7, 0x00, 0x00, 0x00, 0x00, 0x00, 0x0a, 0xff, 0xf3, 0x00, 0x00, 0xaf, 0xff, 0xe2, 0x00, 0x00,
    0x00, 0x00, 0x00, 0xaf, 0xff, 0x30, 0x00, 0x02, 0xff, 0xff, 0xd2, 0x00, 0x00, 0x00, 0x00, 0x0a, 0xff, 0xf3, 0x00, 0x00,
    0x07, 0xff, 0xff, 0xe6, 0x00, 0x00, 0x00, 0x02, 0xff, 0xff, 0x30, 0x00, 0x00, 0x0a, 0xff, 0xff, 0xfd, 0x96, 0x56, 0x7b,
    0xff, 0xff, 0xf3, 0x00, 0x00, 0x00, 0x09, 0xff, 0xff, 0xff, 0xff, 0xff, 0xff, 0xff, 0xff, 0x20, 0x00, 0x00, 0x00, 0x05,
    0xdf, 0xff, 0xff, 0xff, 0xff, 0xff, 0xf9, 0x10, 0x00, 0x00, 0x00, 0x00, 0x00, 0x6b, 0xef, 0xff, 0xff, 0xeb, 0x71, 0x00,
    0x00, 0x00, 0x00, 0x00, 0x00, 0x00, 0x00, 0x23, 0x44, 0x20, 0x00, 0x00, 0x00, 0x00, 0x00, 0x06, 0x66, 0x61, 0x00, 0x00,
    0x00, 0x00, 0x00, 0x26, 0x66, 0x60, 0x00, 0x00, 0x0f, 0xff, 0xf3, 0x00, 0x00, 0x00, 0x00, 0x00, 0x4f, 0xff, 0xe0, 0x00,
    0x00, 0x0f, 0xff, 0xf3, 0x00, 0x00, 0x00, 0x00, 0x00, 0x4f, 0xff, 0xe0, 0x00, 0x00, 0x0f, 0xff, 0xf3, 0x00, 0x00, 0x00,
    0x00, 0x00, 0x4f, 0xff, 0xe0, 0x00, 0x00, 0x0f, 0xff, 0xf3, 0x00, 0x00, 0x00, 0x00, 0x00, 0x4f, 0xff, 0xe0, 0x00, 0x00,
    0x0f, 0xff, 0xf3, 0x00, 0x00, 0x00, 0x00, 0x00, 0x4f, 0xff, 0xe0, 0x00, 0x00, 0x0f, 0xff, 0xf3, 0x00, 0x00, 0x00, 0x00,
    0x00, 0x4f, 0xff, 0xe0, 0x00, 0x00, 0x0f, 0xff, 0xf3, 0x00, 0x00, 0x00, 0x00, 0x00, 0x4f, 0xff, 0xe0, 0x00, 0x00, 0x0f,
    0xff, 0xf3, 0x00, 0x00, 0x00, 0x00, 0x00, 0x4f, 0xff, 0xe0, 0x00, 0x00, 0x0f, 0xff, 0xf5, 0x22, 0x22, 0x22, 0x22, 0x22,
    0x6f, 0xff, 0xe0, 0x00, 0x00, 0x0f, 0xff, 0xff, 0xff, 0xff, 0xff, 0xff, 0xff, 0xff, 0xff, 0xe0, 0x00, 0x00, 0x0f, 0xff,
    0xff, 0xff, 0xff, 0xff, 0xff, 0xff, 0xff, 0xff, 0xe0, 0x00, 0x00, 0x0f, 0xff, 0xff, 0xff, 0xff, 0xff, 0xff, 0xff, 0xff,
    0xff, 0xe0, 0x00, 0x00, 0x0f, 0xff, 0xf9, 0x66, 0x66, 0x66, 0x66, 0x66, 0xaf, 0xff, 0xe0, 0x00, 0x00, 0x0f, 0xff, 0xf3,
    0x00, 0x00, 0x00, 0x00, 0x00, 0x4f, 0xff, 0xe0, 0x00, 0x00, 0x0f, 0xff, 0xf3, 0x00, 0x00, 0x00, 0x00, 0x00, 0x4f, 0xff,
    0xe0, 0x00, 0x00, 0x0f, 0xff, 0xf3, 0x00, 0x00, 0x00, 0x00, 0x00, 0x4f, 0xff, 0xe0, 0x00, 0x00, 0x0f, 0xff, 0xf3, 0x00,
    0x00, 0x00, 0x00, 0x00, 0x4f, 0xff, 0xe0, 0x00, 0x00, 0x0f, 0xff, 0xf3, 0x00, 0x00, 0x00, 0x00, 0x00, 0x4f, 0xff, 0xe0,
    0x00, 0x00, 0x0f, 0xff, 0xf3, 0x00, 0x00, 0x00, 0x00, 0x00, 0x4f, 0xff, 0xe0, 0x00, 0x00, 0x0f, 0xff, 0xf3, 0x00, 0x00,
    0x00, 0x00, 0x00, 0x4f, 0xff, 0xe0, 0x00, 0x00, 0x0f, 0xff, 0xf3, 0x00, 0x00, 0x00, 0x00, 0x00, 0x4f, 0xff, 0xe0, 0x00,
    0x00, 0x0f, 0xff, 0xf3, 0x00, 0x00, 0x00, 0x00, 0x00, 0x4f, 0xff, 0xe0, 0x00, 0x00, 0x06, 0x66, 0x61, 0x00, 0x00, 0x0f,
    0xff, 0xf3, 0x00, 0x00, 0x0f, 0xff, 0xf3, 0x00, 0x00, 0x0f, 0xff, 0xf3, 0x00, 0x00, 0x0f, 0xff, 0xf3, 0x00, 0x00, 0x0f,
    0xff, 0xf3, 0x00, 0x00, 0x0f, 0xff, 0xf3, 0x00, 0x00, 0x0f, 0xff, 0xf3, 0x00, 0x00, 0x0f, 0xff, 0xf3, 0x00, 0x00, 0x0f,
    0xff, 0xf3, 0x00, 0x00, 0x0f, 0xff, 0xf3, 0x00, 0x00, 0x0f, 0xff, 0xf3, 0x00, 0x00, 0x0f, 0xff, 0xf3, 0x00, 0x00, 0x0f,
    0xff, 0xf3, 0x00, 0x00, 0x0f, 0xff, 0xf3, 0x00, 0x00, 0x0f, 0xff, 0xf3, 0x00, 0x00, 0x0f, 0xff, 0xf3, 0x00, 0x00, 0x0f,
    0xff, 0xf3, 0x00, 0x00, 0x0f, 0xff, 0xf3, 0x00, 0x00, 0x0f, 0xff, 0xf3, 0x00, 0x00, 0x0f, 0xff, 0xf3, 0x00, 0x00, 0x0f,
    0xff, 0xf3, 0x00, 0x00, 0x0f, 0xff, 0xf3, 0x00, 0x00, 0x06, 0x66, 0x66, 0x66, 0x66, 0x66, 0x60, 0x00, 0x00, 0x1f, 0xff,
    0xff, 0xff, 0xff, 0xff, 0xf0, 0x00, 0x00, 0x1f, 0xff, 0xff, 0xff, 0xff, 0xff, 0xf0, 0x00, 0x00, 0x1f, 0xff, 0xff, 0xff,
    0xff, 0xff, 0xf0, 0x00, 0x00, 0x01, 0x11, 0x11, 0x11, 0x3f, 0xff, 0xf0, 0x00, 0x00, 0x00, 0x00, 0x00, 0x00, 0x2f, 0xff,
    0xf0, 0x00, 0x00, 0x00, 0x00, 0x00, 0x00, 0x2f, 0xff, 0xf0, 0x00, 0x00, 0x00, 0x00, 0x00, 0x00, 0x2f, 0xff, 0xf0, 0x00,
    0x00, 0x00, 0x00, 0x00, 0x00, 0x2f, 0xff, 0xf0, 0x00, 0x00, 0x00, 0x00, 0x00, 0x00, 0x2f, 0xff, 0xf0, 0x00, 0x00, 0x00,
    0x00, 0x00, 0x00, 0x2f, 0xff, 0xf0, 0x00, 0x00, 0x00, 0x00, 0x00, 0x00, 0x2f, 0xff, 0xf0, 0x00, 0x00, 0x00, 0x00, 0x00,
    0x00, 0x2f, 0xff, 0xf0, 0x00, 0x00, 0x00, 0x00, 0x00, 0x00, 0x2f, 0xff, 0xf0, 0x00, 0x00, 0x00, 0x00, 0x00, 0x00, 0x2f,
    0xff, 0xf0, 0x00, 0x00, 0x00, 0x00, 0x00, 0x00, 0x2f, 0xff, 0xf0, 0x00, 0x00, 0x00, 0x00, 0x00, 0x00, 0x2f, 0xff, 0xe0,
    0x00, 0x00, 0x43, 0x00, 0x00, 0x00, 0x5f, 0xff, 0xd0, 0x00, 0x02, 0xee, 0x30, 0x00, 0x00, 0xcf, 0xff, 0xa0, 0x00, 0x1d,
    0xff, 0xf9, 0x53, 0x5c, 0xff, 0xff, 0x40, 0x00, 0x2d, 0xff, 0xff, 0xff, 0xff, 0xff, 0xfb, 0x00, 0x00, 0x02, 0xcf, 0xff,
    0xff, 0xff, 0xff, 0xc1, 0x00, 0x00, 0x00, 0x06, 0xcf, 0xff, 0xff, 0xd7, 0x10, 0x00, 0x00, 0x00, 0x00, 0x01, 0x34, 0x42,
    0x00, 0x00, 0x00, 0x00, 0x00, 0x06, 0x66, 0x61, 0x00, 0x00, 0x00, 0x00, 0x00, 0x66, 0x66, 0x40, 0x00, 0x0f, 0xff, 0xf2,
    0x00, 0x00, 0x00, 0x00, 0x0a, 0xff, 0xfe, 0x20, 0x00, 0x0f, 0xff, 0xf2, 0x00, 0x00, 0x00, 0x00, 0x9f, 0xff, 0xe3, 0x00,
    0x00, 0x0f, 0xff, 0xf2, 0x00, 0x00, 0x00, 0x09, 0xff, 0xfe, 0x30, 0x00, 0x00, 0x0f, 0xff, 0xf2, 0x00, 0x00, 0x00, 0x8f,
    0xff, 0xf4, 0x00, 0x00, 0x00, 0x0f, 0xff, 0xf2, 0x00, 0x00, 0x08, 0xff, 0xff, 0x50, 0x00, 0x00, 0x00, 0x0f, 0xff, 0xf2,
    0x00, 0x00, 0x7f, 0xff, 0xf5, 0x00, 0x00, 0x00, 0x00, 0x0f, 0xff, 0xf2, 0x00, 0x06, 0xff, 0xff, 0x60, 0x00, 0x00, 0x00,
    0x00, 0x0f, 0xff, 0xf2, 0x00, 0x6f, 0xff, 0xf7, 0x00, 0x00, 0x00, 0x00, 0x00, 0x0f, 0xff, 0xf2, 0x05, 0xff, 0xff, 0x80,
    0x00, 0x00, 0x00, 0x00, 0x00, 0x0f, 0xff, 0xf2, 0x5f, 0xff, 0xff, 0x00, 0x00, 0x00, 0x00, 0x00, 0x00, 0x0f, 0xff, 0xf7,
    0xff, 0xff, 0xff, 0x30, 0x00, 0x00, 0x00, 0x00, 0x00, 0x0f, 0xff, 0xff, 0xff, 0xff, 0xff, 0xe2, 0x00, 0x00, 0x00, 0x00,
    0x00, 0x0f, 0xff, 0xff, 0xff, 0xff, 0xff, 0xfc, 0x00, 0x00, 0x00, 0x00, 0x00, 0x0f, 0xff, 0xff, 0xfc, 0x18, 0xff, 0xff,
    0x90, 0x00, 0x00, 0x00, 0x00, 0x0f, 0xff, 0xff, 0xc1, 0x00, 0xaf, 0xff, 0xf6, 0x00, 0x00, 0x00, 0x00, 0x0f, 0xff, 0xff,
    0x10, 0x00, 0x1c, 0xff, 0xff, 0x40, 0x00, 0x00, 0x00, 0x0f, 0xff, 0xf4, 0x00, 0x00, 0x02, 0xdf, 0xff, 0xe2, 0x00, 0x00,
    0x00, 0x0f, 0xff, 0xf2, 0x00, 0x00, 0x00, 0x3e, 0xff, 0xfc, 0x10, 0x00, 0x00, 0x0f, 0xff, 0xf2, 0x00, 0x00, 0x00, 0x05,
    0xff, 0xff, 0xa0, 0x00, 0x00, 0x0f, 0xff, 0xf2, 0x00, 0x00, 0x00, 0x00, 0x7f, 0xff, 0xf7, 0x00, 0x00, 0x0f, 0xff, 0xf2,
    0x00, 0x00, 0x00, 0x00, 0x09, 0xff, 0xff, 0x40, 0x00, 0x0f, 0xff, 0xf2, 0x00, 0x00, 0x00, 0x00, 0x00, 0xbf, 0xff, 0xe2,
    0x00, 0x06, 0x66, 0x61, 0x00, 0x00, 0x00, 0x00, 0x00, 0x00, 0x00, 0xff, 0xff, 0x30, 0x00, 0x00, 0x00, 0x00, 0x00, 0x00,
    0x0f, 0xff, 0xf3, 0x00, 0x00, 0x00, 0x00, 0x00, 0x00, 0x00, 0xff, 0xff, 0x30, 0x00, 0x00, 0x00, 0x00, 0x00, 0x00, 0x0f,
    0xff, 0xf3, 0x00, 0x00, 0x00, 0x00, 0x00, 0x00, 0x00, 0xff, 0xff, 0x30, 0x00, 0x00, 0x00, 0x00, 0x00, 0x00, 0x0f, 0xff,
    0xf3, 0x00, 0x00, 0x00, 0x00, 0x00, 0x00, 0x00, 0xff, 0xff, 0x30, 0x00, 0x00, 0x00, 0x00, 0x00, 0x00, 0x0f, 0xff, 0xf3,
    0x00, 0x00, 0x00, 0x00, 0x00, 0x00, 0x00, 0xff, 0xff, 0x30, 0x00, 0x00, 0x00, 0x00, 0x00, 0x00, 0x0f, 0xff, 0xf3, 0x00,
    0x00, 0x00, 0x00, 0x00, 0x00, 0x00, 0xff, 0xff, 0x30, 0x00, 0x00, 0x00, 0x00, 0x00, 0x00, 0x0f, 0xff, 0xf3, 0x00, 0x00,
    0x00, 0x00, 0x00, 0x00, 0x00, 0xff, 0xff, 0x30, 0x00, 0x00, 0x00, 0x00, 0x00, 0x00, 0x0f, 0xff, 0xf3, 0x00, 0x00, 0x00,
    0x00, 0x00, 0x00, 0x00, 0xff, 0xff, 0x30, 0x00, 0x00, 0x00, 0x00, 0x00, 0x00, 0x0f, 0xff, 0xf3, 0x00, 0x00, 0x00, 0x00,
    0x00, 0x00, 0x00, 0xff, 0xff, 0x30, 0x00, 0x00, 0x00, 0x00, 0x00, 0x00, 0x0f, 0xff, 0xf3, 0x00, 0x00, 0x00, 0x00, 0x00,
    0x00, 0x00, 0xff, 0xff, 0x98, 0x88, 0x88, 0x88, 0x88, 0x87, 0x00, 0x0f, 0xff, 0xff, 0xff, 0xff, 0xff, 0xff, 0xff, 0xd0,
    0x00, 0xff, 0xff, 0xff, 0xff, 0xff, 0xff, 0xff, 0xfd, 0x00, 0x0f, 0xff, 0xff, 0xff, 0xff, 0xff, 0xff, 0xff, 0xd0, 0x00,
    0x06, 0x66, 0x30, 0x00, 0x00, 0x00, 0x00, 0x00, 0x00, 0x00, 0x00, 0x66, 0x63, 0x00, 0x00, 0x00, 0xff, 0xfe, 0x10, 0x00,
    0x00, 0x00, 0x00, 0x00, 0x00, 0x00, 0x7f, 0xff, 0x80, 0x00, 0x00, 0x0f, 0xff, 0xf9, 0x00, 0x00, 0x00, 0x00, 0x00, 0x00,
    0x00, 0x1e, 0xff, 0xf8, 0x00, 0x00, 0x00, 0xff, 0xff, 0xf3, 0x00, 0x00, 0x00, 0x00, 0x00, 0x00, 0x0a, 0xff, 0xff, 0x80,
    0x00, 0x00, 0x0f, 0xff, 0xff, 0xc0, 0x00, 0x00, 0x00, 0x00, 0x00, 0x03, 0xff, 0xff, 0xf8, 0x00, 0x00, 0x00, 0xff, 0xff,
    0xff, 0x60, 0x00, 0x00, 0x00, 0x00, 0x00, 0xcf, 0xff, 0xff, 0x80, 0x00, 0x00, 0x0f, 0xff, 0xff, 0xfe, 0x10, 0x00, 0x00,
    0x00, 0x00, 0x6f, 0xff, 0xff, 0xf8, 0x00, 0x00, 0x00, 0xff, 0xff, 0xff, 0xf9, 0x00, 0x00, 0x00, 0x00, 0x1e, 0xff, 0xff,
    0xff, 0x80, 0x00, 0x00, 0x0f, 0xff, 0xfd, 0xff, 0xf3, 0x00, 0x00, 0x00, 0x09, 0xff, 0xfc, 0xff, 0xf8, 0x00, 0x00, 0x00,
    0xff, 0xff, 0x5f, 0xff, 0xb0, 0x00, 0x00, 0x03, 0xff, 0xfb, 0x7f, 0xff, 0x80, 0x00, 0x00, 0x0f, 0xff, 0xf0, 0xbf, 0xff,
    0x60, 0x00, 0x00, 0xcf, 0xff, 0x37, 0xff, 0xf8, 0x00, 0x00, 0x00, 0xff, 0xff, 0x02, 0xff, 0xfe, 0x10, 0x00, 0x5f, 0xff,
    0x80, 0x7f, 0xff, 0x80, 0x00, 0x00, 0x0f, 0xff, 0xf0, 0x08, 0xff, 0xf8, 0x00, 0x1e, 0xff, 0xe1, 0x07, 0xff, 0xf8, 0x00,
    0x00, 0x00, 0xff, 0xff, 0x00, 0x0d, 0xff, 0xf3, 0x08, 0xff, 0xf5, 0x00, 0x7f, 0xff, 0x80, 0x00, 0x00, 0x0f, 0xff, 0xf0,
    0x00, 0x4f, 0xff, 0xb2, 0xff, 0xfb, 0x00, 0x07, 0xff, 0xf8, 0x00, 0x00, 0x00, 0xff, 0xff, 0x00, 0x00, 0xaf, 0xff, 0xff,
    0xff, 0x30, 0x00, 0x7f, 0xff, 0x80, 0x00, 0x00, 0x0f, 0xff, 0xf0, 0x00, 0x02, 0xef, 0xff, 0xff, 0x80, 0x00, 0x07, 0xff,
    0xf8, 0x00, 0x00, 0x00, 0xff, 0xff, 0x00, 0x00, 0x07, 0xff, 0xff, 0xe1, 0x00, 0x00, 0x7f, 0xff, 0x80, 0x00, 0x00, 0x0f,
    0xff, 0xf0, 0x00, 0x00, 0x0d, 0xff, 0xf6, 0x00, 0x00, 0x06, 0xff, 0xf8, 0x00, 0x00, 0x00, 0xff, 0xff, 0x00, 0x00, 0x00,
    0x4f, 0xfc, 0x00, 0x00, 0x00, 0x6f, 0xff, 0x80, 0x00, 0x00, 0x0f, 0xff, 0xf0, 0x00, 0x00, 0x00, 0x67, 0x20, 0x00, 0x00,
    0x06, 0xff, 0xf8, 0x00, 0x00, 0x00, 0xff, 0xff, 0x00, 0x00, 0x00, 0x00, 0x00, 0x00, 0x00, 0x00, 0x6f, 0xff, 0x80, 0x00,
    0x00, 0x0f, 0xff, 0xf0, 0x00, 0x00, 0x00, 0x00, 0x00, 0x00, 0x00, 0x06, 0xff, 0xf8, 0x00, 0x00, 0x00, 0x06, 0x66, 0x40,
    0x00, 0x00, 0x00, 0x00, 0x00, 0x16, 0x66, 0x60, 0x00, 0x00, 0x0f, 0xff, 0xf3, 0x00, 0x00, 0x00, 0x00, 0x00, 0x4f, 0xff,
    0xe0, 0x00, 0x00, 0x0f, 0xff, 0xfd, 0x10, 0x00, 0x00, 0x00, 0x00, 0x4f, 0xff, 0xe0, 0x00, 0x00, 0x0f, 0xff, 0xff, 0xc0,
    0x00, 0x00, 0x00, 0x00, 0x4f, 0xff, 0xe0, 0x00, 0x00, 0x0f, 0xff, 0xff, 0xf9, 0x00, 0x00, 0x00, 0x00, 0x4f, 0xff, 0xe0,
    0x00, 0x00, 0x0f, 0xff, 0xff, 0xff, 0x60, 0x00, 0x00, 0x00, 0x4f, 0xff, 0xe0, 0x00, 0x00, 0x0f, 0xff, 0xff, 0xff, 0xf4,
    0x00, 0x00, 0x00, 0x4f, 0xff, 0xe0, 0x00, 0x00, 0x0f, 0xff, 0xff, 0xff, 0xfe, 0x20, 0x00, 0x00, 0x4f, 0xff, 0xe0, 0x00,
    0x00, 0x0f, 0xff, 0xf7, 0xff, 0xff, 0xc1, 0x00, 0x00, 0x4f, 0xff, 0xe0, 0x00, 0x00, 0x0f, 0xff, 0xf2, 0x8f, 0xff, 0xfa,
    0x00, 0x00, 0x4f, 0xff, 0xe0, 0x00, 0x00, 0x0f, 0xff, 0xf2, 0x0a, 0xff, 0xff, 0x70, 0x00, 0x4f, 0xff, 0xe0, 0x00, 0x00,
    0x0f, 0xff, 0xf2, 0x01, 0xcf, 0xff, 0xf5, 0x00, 0x4f, 0xff, 0xe0, 0x00, 0x00, 0x0f, 0xff, 0xf2, 0x00, 0x2e, 0xff, 0xfe,
    0x30, 0x4f, 0xff, 0xe0, 0x00, 0x00, 0x0f, 0xff, 0xf2, 0x00, 0x04, 0xff, 0xff, 0xd1, 0x4f, 0xff, 0xe0, 0x00, 0x00, 0x0f,
    0xff, 0xf2, 0x00, 0x00, 0x7f, 0xff, 0xfb, 0x4f, 0xff, 0xe0, 0x00, 0x00, 0x0f, 0xff, 0xf2, 0x00, 0x00, 0x09, 0xff, 0xff,
    0xcf, 0xff, 0xe0, 0x00, 0x00, 0x0f, 0xff, 0xf2, 0x00, 0x00, 0x00, 0xcf, 0xff, 0xff, 0xff, 0xe0, 0x00, 0x00, 0x0f, 0xff,
    0xf2, 0x00, 0x00, 0x00, 0x1d, 0xff, 0xff, 0xff, 0xe0, 0x00, 0x00, 0x0f, 0xff, 0xf2, 0x00, 0x00, 0x00, 0x03, 0xff, 0xff,
    0xff, 0xe0, 0x00, 0x00, 0x0f, 0xff, 0xf2, 0x00, 0x00, 0x00, 0x00, 0x5f, 0xff, 0xff, 0xe0, 0x00, 0x00, 0x0f, 0xff, 0xf2,
    0x00, 0x00, 0x00, 0x00, 0x08, 0xff, 0xff, 0xe0, 0x00, 0x00, 0x0f, 0xff, 0xf2, 0x00, 0x00, 0x00, 0x00, 0x00, 0xbf, 0xff,
    0xe0, 0x00, 0x00, 0x0f, 0xff, 0xf2, 0x00, 0x00, 0x00, 0x00, 0x00, 0x1d, 0xff, 0xe0, 0x00, 0x00, 0x00, 0x00, 0x00, 0x01,
    0x68, 0xaa, 0x98, 0x51, 0x00, 0x00, 0x00, 0x00, 0x00, 0x00, 0x00, 0x00, 0x4b, 0xff, 0xff, 0xff, 0xff, 0xfb, 0x40, 0x00,
    0x00, 0x00, 0x00, 0x00, 0x01, 0xbf, 0xff, 0xff, 0xff, 0xff, 0xff, 0xff, 0xa1, 0x00, 0x00, 0x00, 0x00, 0x03, 0xdf, 0xff,
    0xff, 0xff, 0xef, 0xff, 0xff, 0xff, 0xd2, 0x00, 0x00, 0x00, 0x01, 0xdf, 0xff, 0xfe, 0x73, 0x00, 0x03, 0x7e, 0xff, 0xff,
    0xd1, 0x00, 0x00, 0x00, 0xbf, 0xff, 0xf9, 0x10, 0x00, 0x00, 0x00, 0x1a, 0xff, 0xff, 0xa0, 0x00, 0x00, 0x5f, 0xff, 0xf9,
    0x00, 0x00, 0x00, 0x00, 0x00, 0x09, 0xff, 0xff, 0x40, 0x00, 0x0c, 0xff, 0xfc, 0x00, 0x00, 0x00, 0x00, 0x00, 0x00, 0x0d,
    0xff, 0xfb, 0x00, 0x01, 0xff, 0xff, 0x40, 0x00, 0x00, 0x00, 0x00, 0x00, 0x00, 0x5f, 0xff, 0xf1, 0x00, 0x5f, 0xff, 0xe0,
    0x00, 0x00, 0x00, 0x00, 0x00, 0x00, 0x00, 0xef, 0xff, 0x50, 0x07, 0xff, 0xfb, 0x00, 0x00, 0x00, 0x00, 0x00, 0x00, 0x00,
    0x0c, 0xff, 0xf6, 0x00, 0x8f, 0xff, 0x90, 0x00, 0x00, 0x00, 0x00, 0x00, 0x00, 0x00, 0xaf, 0xff, 0x80, 0x08, 0xff, 0xfa,
    0x00, 0x00, 0x00, 0x00, 0x00, 0x00, 0x00, 0x0b, 0xff, 0xf7, 0x00, 0x7f, 0xff, 0xc0, 0x00, 0x00, 0x00, 0x00, 0x00, 0x00,
    0x00, 0xdf, 0xff, 0x60, 0x04, 0xff, 0xff, 0x10, 0x00, 0x00, 0x00, 0x00, 0x00, 0x00, 0x2f, 0xff, 0xf3, 0x00, 0x0e, 0xff,
    0xf7, 0x00, 0x00, 0x00, 0x00, 0x00, 0x00, 0x08, 0xff, 0xfe, 0x00, 0x00, 0x9f, 0xff, 0xe2, 0x00, 0x00, 0x00, 0x00, 0x00,
    0x02, 0xef, 0xff, 0x90, 0x00, 0x02, 0xff, 0xff, 0xc1, 0x00, 0x00, 0x00, 0x00, 0x02, 0xdf, 0xff, 0xe1, 0x00, 0x00, 0x07,
    0xff, 0xff, 0xd5, 0x00, 0x00, 0x00, 0x05, 0xef, 0xff, 0xf6, 0x00, 0x00, 0x00, 0x09, 0xff, 0xff, 0xfd, 0x86, 0x56, 0x9d,
    0xff, 0xff, 0xf9, 0x00, 0x00, 0x00, 0x00, 0x08, 0xff, 0xff, 0xff, 0xff, 0xff, 0xff, 0xff, 0xf8, 0x00, 0x00, 0x00, 0x00,
    0x00, 0x05, 0xdf, 0xff, 0xff, 0xff, 0xff, 0xff, 0xd5, 0x00, 0x00, 0x00, 0x00, 0x00, 0x00, 0x00, 0x5a, 0xef, 0xff, 0xff,
    0xea, 0x50, 0x00, 0x00, 0x00, 0x00, 0x00, 0x00, 0x00, 0x00, 0x00, 0x23, 0x43, 0x20, 0x00, 0x00, 0x00, 0x00, 0x00, 0x00,
    0x06, 0x66, 0x66, 0x66, 0x66, 0x64, 0x31, 0x00, 0x00, 0x00, 0x00, 0x00, 0xff, 0xff, 0xff, 0xff, 0xff, 0xff, 0xea, 0x50,
    0x00, 0x00, 0x00, 0x0f, 0xff, 0xff, 0xff, 0xff, 0xff, 0xff, 0xff, 0xb1, 0x00, 0x00, 0x00, 0xff, 0xff, 0xff, 0xff, 0xff,
    0xff, 0xff, 0xff, 0xc1, 0x00, 0x00, 0x0f, 0xff, 0xf4, 0x22, 0x22, 0x23, 0x7d, 0xff, 0xff, 0xa0, 0x00, 0x00, 0xff, 0xff,
    0x30, 0x00, 0x00, 0x00, 0x09, 0xff, 0xff, 0x30, 0x00, 0x0f, 0xff, 0xf3, 0x00, 0x00, 0x00, 0x00, 0x0d, 0xff, 0xf7, 0x00,
    0x00, 0xff, 0xff, 0x30, 0x00, 0x00, 0x00, 0x00, 0x9f, 0xff, 0xa0, 0x00, 0x0f, 0xff, 0xf3, 0x00, 0x00, 0x00, 0x00, 0x07,
    0xff, 0xfb, 0x00, 0x00, 0xff, 0xff, 0x30, 0x00, 0x00, 0x00, 0x00, 0x8f, 0xff, 0xa0, 0x00, 0x0f, 0xff, 0xf3, 0x00, 0x00,
    0x00, 0x00, 0x0d, 0xff, 0xf8, 0x00, 0x00, 0xff, 0xff, 0x30, 0x00, 0x00, 0x00, 0x08, 0xff, 0xff, 0x30, 0x00, 0x0f, 0xff,
    0xf3, 0x00, 0x00, 0x01, 0x5b, 0xff, 0xff, 0xb0, 0x00, 0x00, 0xff, 0xff, 0xff, 0xff, 0xff, 0xff, 0xff, 0xff, 0xd2, 0x00,
    0x00, 0x0f, 0xff, 0xff, 0xff, 0xff, 0xff, 0xff, 0xff, 0xc2, 0x00, 0x00, 0x00, 0xff, 0xff, 0xff, 0xff, 0xff, 0xff, 0xfc,
    0x70, 0x00, 0x00, 0x00, 0x0f, 0xff, 0xfa, 0x88, 0x88, 0x76, 0x52, 0x00, 0x00, 0x00, 0x00, 0x00, 0xff, 0xff, 0x30, 0x00,
    0x00, 0x00, 0x00, 0x00, 0x00, 0x00, 0x00, 0x0f, 0xff, 0xf3, 0x00, 0x00, 0x00, 0x00, 0x00, 0x00, 0x00, 0x00, 0x00, 0xff,
    0xff, 0x30, 0x00, 0x00, 0x00, 0x00, 0x00, 0x00, 0x00, 0x00, 0x0f, 0xff, 0xf3, 0x00, 0x00, 0x00, 0x00, 0x00, 0x00, 0x00,
    0x00, 0x00, 0xff, 0xff, 0x30, 0x00, 0x00, 0x00, 0x00, 0x00, 0x00, 0x00, 0x00, 0x0f, 0xff, 0xf3, 0x00, 0x00, 0x00, 0x00,
    0x00, 0x00, 0x00, 0x00, 0x00, 0x00, 0x00, 0x00, 0x01, 0x68, 0xaa, 0x98, 0x51, 0x00, 0x00, 0x00, 0x00, 0x00, 0x00, 0x00,
    0x00, 0x4b, 0xff, 0xff, 0xff, 0xff, 0xfb, 0x40, 0x00, 0x00, 0x00, 0x00, 0x00, 0x01, 0xbf, 0xff, 0xff, 0xff, 0xff, 0xff,
    0xff, 0xa1, 0x00, 0x00, 0x00, 0x00, 0x03, 0xdf, 0xff, 0xff, 0xff, 0xef, 0xff, 0xff, 0xff, 0xd2, 0x00, 0x00, 0x00, 0x01,
    0xdf, 0xff, 0xfe, 0x73, 0x00, 0x03, 0x7e, 0xff, 0xff, 0xd1, 0x00, 0x00, 0x00, 0xbf, 0xff, 0xf9, 0x10, 0x00, 0x00, 0x00,
    0x1a, 0xff, 0xff, 0xa0, 0x00, 0x00, 0x5f, 0xff, 0xf8, 0x00, 0x00, 0x00, 0x00, 0x00, 0x09, 0xff, 0xff, 0x40, 0x00, 0x0c,
    0xff, 0xfc, 0x00, 0x00, 0x00, 0x00, 0x00, 0x00, 0x0d, 0xff, 0xfb, 0x00, 0x01, 0xff, 0xff, 0x40, 0x00, 0x00, 0x00, 0x00,
    0x00, 0x00, 0x5f, 0xff, 0xf1, 0x00, 0x5f, 0xff, 0xe0, 0x00, 0x00, 0x00, 0x00, 0x00, 0x00, 0x00, 0xef, 0xff, 0x50, 0x07,
    0xff, 0xfb, 0x00, 0x00, 0x00, 0x00, 0x00, 0x00, 0x00, 0x0c, 0xff, 0xf6, 0x00, 0x8f, 0xff, 0x90, 0x00, 0x00, 0x00, 0x00,
    0x00, 0x00, 0x00, 0xaf, 0xff, 0x80, 0x08, 0xff, 0xfa, 0x00, 0x00, 0x00, 0x00, 0x00, 0x00, 0x00, 0x0b, 0xff, 0xf7, 0x00,
    0x7f, 0xff, 0xc0, 0x00, 0x00, 0x00, 0x00, 0x00, 0x00, 0x00, 0xdf, 0xff, 0x60, 0x04, 0xff, 0xff, 0x10, 0x00, 0x00, 0x00,
    0x00, 0x00, 0x00, 0x2f, 0xff, 0xf3, 0x00, 0x0e, 0xff, 0xf7, 0x00, 0x00, 0x00, 0x00, 0x00, 0x00, 0x08, 0xff, 0xfe, 0x00,
    0x00, 0x9f, 0xff, 0xe2, 0x00, 0x00, 0x00, 0x00, 0x00, 0x03, 0xef, 0xff, 0x90, 0x00, 0x02, 0xff, 0xff, 0xc1, 0x00, 0x00,
    0x00, 0x00, 0x02, 0xdf, 0xff, 0xe1, 0x00, 0x00, 0x07, 0xff, 0xff, 0xd5, 0x00, 0x00, 0x00, 0x05, 0xef, 0xff, 0xf6, 0x00,
    0x00, 0x00, 0x09, 0xff, 0xff, 0xfd, 0x86, 0x56, 0x9d, 0xff, 0xff, 0xf9, 0x00, 0x00, 0x00, 0x00, 0x08, 0xff, 0xff, 0xff,
    0xff, 0xff, 0xff, 0xff, 0xf8, 0x00, 0x00, 0x00, 0x00, 0x00, 0x05, 0xdf, 0xff, 0xff, 0xff, 0xff, 0xff, 0xd5, 0x00, 0x00,
    0x00, 0x00, 0x00, 0x00, 0x00, 0x5a, 0xef, 0xff, 0xff, 0xfb, 0x50, 0x00, 0x00, 0x00, 0x00, 0x00, 0x00, 0x00, 0x00, 0x00,
    0x2c, 0xff, 0xff, 0xc1, 0x00, 0x00, 0x2c, 0x40, 0x00, 0x00, 0x00, 0x00, 0x00, 0x00, 0x08, 0xff, 0xff, 0xe8, 0x55, 0x9e,
    0xfe, 0x20, 0x00, 0x00, 0x00, 0x00, 0x00, 0x00, 0x07, 0xff, 0xff, 0xff, 0xff, 0xff, 0xf5, 0x00, 0x00, 0x00, 0x00, 0x00,
    0x00, 0x00, 0x03, 0xcf, 0xff, 0xff, 0xff, 0xe5, 0x00, 0x00, 0x00, 0x00, 0x00, 0x00, 0x00, 0x00, 0x00, 0x49, 0xcd, 0xdb,
    0x61, 0x00, 0x00, 0x06, 0x66, 0x66, 0x66, 0x66, 0x65, 0x31, 0x00, 0x00, 0x00, 0x00, 0x00, 0xff, 0xff, 0xff, 0xff, 0xff,
    0xff, 0xfb, 0x50, 0x00, 0x00, 0x00, 0x0f, 0xff, 0xff, 0xff, 0xff, 0xff, 0xff, 0xff, 0xb2, 0x00, 0x00, 0x00, 0xff, 0xff,
    0xff, 0xff, 0xff, 0xff, 0xff, 0xff, 0xd1, 0x00, 0x00, 0x0f, 0xff, 0xf4, 0x22, 0x22, 0x23, 0x7d, 0xff, 0xff, 0xa0, 0x00,
    0x00, 0xff, 0xff, 0x30, 0x00, 0x00, 0x00, 0x09, 0xff, 0xff, 0x30, 0x00, 0x0f, 0xff, 0xf3, 0x00, 0x00, 0x00, 0x00, 0x0d,
    0xff, 0xf7, 0x00, 0x00, 0xff, 0xff, 0x30, 0x00, 0x00, 0x00, 0x00, 0x9f, 0xff, 0xa0, 0x00, 0x0f, 0xff, 0xf3, 0x00, 0x00,
    0x00, 0x00, 0x07, 0xff, 0xfb, 0x00, 0x00, 0xff, 0xff, 0x30, 0x00, 0x00, 0x00, 0x00, 0x8f, 0xff, 0xa0, 0x00, 0x0f, 0xff,
    0xf3, 0x00, 0x00, 0x00, 0x00, 0x0d, 0xff, 0xf8, 0x00, 0x00, 0xff, 0xff, 0x30, 0x00, 0x00, 0x00, 0x08, 0xff, 0xff, 0x30,
    0x00, 0x0f, 0xff, 0xf3, 0x00, 0x00, 0x01, 0x4b, 0xff, 0xff, 0xb0, 0x00, 0x00, 0xff, 0xff, 0xff, 0xff, 0xff, 0xff, 0xff,
    0xff, 0xd2, 0x00, 0x00, 0x0f, 0xff, 0xff, 0xff, 0xff, 0xff, 0xff, 0xff, 0xc2, 0x00, 0x00, 0x00, 0xff, 0xff, 0xff, 0xff,
    0xff, 0xff, 0xff, 0x70, 0x00, 0x00, 0x00, 0x0f, 0xff, 0xfa, 0x77, 0x77, 0x7f, 0xff, 0xf9, 0x00, 0x00, 0x00, 0x00, 0xff,
    0xff, 0x30, 0x00, 0x00, 0x3f, 0xff, 0xf4, 0x00, 0x00, 0x00, 0x0f, 0xff, 0xf3, 0x00, 0x00, 0x00, 0x7f, 0xff, 0xe1, 0x00,
    0x00, 0x00, 0xff, 0xff, 0x30, 0x00, 0x00, 0x00, 0xcf, 0xff, 0xa0, 0x00, 0x00, 0x0f, 0xff, 0xf3, 0x00, 0x00, 0x00, 0x02,
    0xef, 0xff, 0x60, 0x00, 0x00, 0xff, 0xff, 0x30, 0x00, 0x00, 0x00, 0x06, 0xff, 0xfe, 0x20, 0x00, 0x0f, 0xff, 0xf3, 0x00,
    0x00, 0x00, 0x00, 0x0a, 0xff, 0xfc, 0x00, 0x00, 0x00, 0x00, 0x26, 0x9a, 0xba, 0x96, 0x30, 0x00, 0x00, 0x00, 0x00, 0x3b,
    0xff, 0xff, 0xff, 0xff, 0xfe, 0x81, 0x00, 0x00, 0x07, 0xff, 0xff, 0xff, 0xff, 0xff, 0xff, 0xfe, 0x00, 0x00, 0x5f, 0xff,
    0xff, 0xec, 0xbc, 0xef, 0xff, 0xf9, 0x00, 0x00, 0xcf, 0xff, 0xd5, 0x00, 0x00, 0x02, 0x7d, 0xf3, 0x00, 0x03, 0xff, 0xff,
    0x20, 0x00, 0x00, 0x00, 0x00, 0x40, 0x00, 0x05, 0xff, 0xfc, 0x00, 0x00, 0x00, 0x00, 0x00, 0x00, 0x00, 0x05, 0xff, 0xfd,
    0x00, 0x00, 0x00, 0x00, 0x00, 0x00, 0x00, 0x03, 0xff, 0xff, 0x90, 0x00, 0x00, 0x00, 0x00, 0x00, 0x00, 0x00, 0xdf, 0xff,
    0xfe, 0x84, 0x10, 0x00, 0x00, 0x00, 0x00, 0x00, 0x3f, 0xff, 0xff, 0xff, 0xfb, 0x84, 0x00, 0x00, 0x00, 0x00, 0x03, 0xdf,
    0xff, 0xff, 0xff, 0xff, 0xe8, 0x10, 0x00, 0x00, 0x00, 0x05, 0xbf, 0xff, 0xff, 0xff, 0xff, 0xd3, 0x00, 0x00, 0x00, 0x00,
    0x01, 0x59, 0xcf, 0xff, 0xff, 0xfe, 0x20, 0x00, 0x00, 0x00, 0x00, 0x00, 0x01, 0x6d, 0xff, 0xff, 0x90, 0x00, 0x00, 0x00,
    0x00, 0x00, 0x00, 0x00, 0xaf, 0xff, 0xd0, 0x00, 0x00, 0x00, 0x00, 0x00, 0x00, 0x00, 0x3f, 0xff, 0xf0, 0x00, 0x41, 0x00,
    0x00, 0x00, 0x00, 0x00, 0x3f, 0xff, 0xd0, 0x00, 0xee, 0x71, 0x00, 0x00, 0x00, 0x00, 0xaf, 0xff, 0xa0, 0x06, 0xff, 0xfe,
    0xa6, 0x42, 0x23, 0x7d, 0xff, 0xff, 0x40, 0x0a, 0xff, 0xff, 0xff, 0xff, 0xff, 0xff, 0xff, 0xf9, 0x00, 0x00, 0x8e, 0xff,
    0xff, 0xff, 0xff, 0xff, 0xff, 0x80, 0x00, 0x00, 0x01, 0x6a, 0xef, 0xff, 0xff, 0xfe, 0x93, 0x00, 0x00, 0x00, 0x00, 0x00,
    0x02, 0x34, 0x44, 0x20, 0x00, 0x00, 0x00, 0x56, 0x66, 0x66, 0x66, 0x66, 0x66, 0x66, 0x66, 0x66, 0x61, 0xdf, 0xff, 0xff,
    0xff, 0xff, 0xff, 0xff, 0xff, 0xff, 0xf2, 0xdf, 0xff, 0xff, 0xff, 0xff, 0xff, 0xff, 0xff, 0xff, 0xf2, 0xdf, 0xff, 0xff,
    0xff, 0xff, 0xff, 0xff, 0xff, 0xff, 0xf2, 0x12, 0x22, 0x22, 0x28, 0xff, 0xfb, 0x22, 0x22, 0x22, 0x20, 0x00, 0x00, 0x00,
    0x07, 0xff, 0xfb, 0x00, 0x00, 0x00, 0x00, 0x00, 0x00, 0x00, 0x07, 0xff, 0xfb, 0x00, 0x00, 0x00, 0x00, 0x00, 0x00, 0x00,
    0x07, 0xff, 0xfb, 0x00, 0x00, 0x00, 0x00, 0x00, 0x00, 0x00, 0x07, 0xff, 0xfb, 0x00, 0x00, 0x00, 0x00, 0x00, 0x00, 0x00,
    0x07, 0xff, 0xfb, 0x00, 0x00, 0x00, 0x00, 0x00, 0x00, 0x00, 0x07, 0xff, 0xfb, 0x00, 0x00, 0x00, 0x00, 0x00, 0x00, 0x00,
    0x07, 0xff, 0xfb, 0x00, 0x00, 0x00, 0x00, 0x00, 0x00, 0x00, 0x07, 0xff, 0xfb, 0x00, 0x00, 0x00, 0x00, 0x00, 0x00, 0x00,
    0x07, 0xff, 0xfb, 0x00, 0x00, 0x00, 0x00, 0x00, 0x00, 0x00, 0x07, 0xff, 0xfb, 0x00, 0x00, 0x00, 0x00, 0x00, 0x00, 0x00,
    0x07, 0xff, 0xfb, 0x00, 0x00, 0x00, 0x00, 0x00, 0x00, 0x00, 0x07, 0xff, 0xfb, 0x00, 0x00, 0x00, 0x00, 0x00, 0x00, 0x00,
    0x07, 0xff, 0xfb, 0x00, 0x00, 0x00, 0x00, 0x00, 0x00, 0x00, 0x07, 0xff, 0xfb, 0x00, 0x00, 0x00, 0x00, 0x00, 0x00, 0x00,
    0x07, 0xff, 0xfb, 0x00, 0x00, 0x00, 0x00, 0x00, 0x00, 0x00, 0x07, 0xff, 0xfb, 0x00, 0x00, 0x00, 0x00, 0x00, 0x00, 0x00,
    0x07, 0xff, 0xfb, 0x00, 0x00, 0x00, 0x00, 0x00, 0x00, 0x00, 0x07, 0xff, 0xfb, 0x00, 0x00, 0x00, 0x00, 0x00, 0x16, 0x66,
    0x60, 0x00, 0x00, 0x00, 0x00, 0x00, 0x46, 0x66, 0x30, 0x00, 0x03, 0xff, 0xff, 0x00, 0x00, 0x00, 0x00, 0x00, 0x0a, 0xff,
    0xf6, 0x00, 0x00, 0x3f, 0xff, 0xf0, 0x00, 0x00, 0x00, 0x00, 0x00, 0xaf, 0xff, 0x60, 0x00, 0x03, 0xff, 0xff, 0x00, 0x00,
    0x00, 0x00, 0x00, 0x0a, 0xff, 0xf6, 0x00, 0x00, 0x3f, 0xff, 0xf0, 0x00, 0x00, 0x00, 0x00, 0x00, 0xaf, 0xff, 0x60, 0x00,
    0x03, 0xff, 0xff, 0x00, 0x00, 0x00, 0x00, 0x00, 0x0a, 0xff, 0xf6, 0x00, 0x00, 0x3f, 0xff, 0xf0, 0x00, 0x00, 0x00, 0x00,
    0x00, 0xaf, 0xff, 0x60, 0x00, 0x03, 0xff, 0xff, 0x00, 0x00, 0x00, 0x00, 0x00, 0x0a, 0xff, 0xf6, 0x00, 0x00, 0x3f, 0xff,
    0xf0, 0x00, 0x00, 0x00, 0x00, 0x00, 0xaf, 0xff, 0x60, 0x00, 0x03, 0xff, 0xff, 0x00, 0x00, 0x00, 0x00, 0x00, 0x0a, 0xff,
    0xf6, 0x00, 0x00, 0x3f, 0xff, 0xf0, 0x00, 0x00, 0x00, 0x00, 0x00, 0xaf, 0xff, 0x60, 0x00, 0x03, 0xff, 0xff, 0x00, 0x00,
    0x00, 0x00, 0x00, 0x0a, 0xff, 0xf6, 0x00, 0x00, 0x3f, 0xff, 0xf0, 0x00, 0x00, 0x00, 0x00, 0x00, 0xaf, 0xff, 0x60, 0x00,
    0x02, 0xff, 0xff, 0x00, 0x00, 0x00, 0x00, 0x00, 0x0a, 0xff, 0xf6, 0x00, 0x00, 0x1f, 0xff, 0xf1, 0x00, 0x00, 0x00, 0x00,
    0x00, 0xbf, 0xff, 0x50, 0x00, 0x00, 0xff, 0xff, 0x40, 0x00, 0x00, 0x00, 0x00, 0x0e, 0xff, 0xf4, 0x00, 0x00, 0x0c, 0xff,
    0xf8, 0x00, 0x00, 0x00, 0x00, 0x03, 0xff, 0xff, 0x10, 0x00, 0x00, 0x8f, 0xff, 0xe2, 0x00, 0x00, 0x00, 0x00, 0xbf, 0xff,
    0xb0, 0x00, 0x00, 0x02, 0xff, 0xff, 0xc2, 0x00, 0x00, 0x00, 0x9f, 0xff, 0xf5, 0x00, 0x00, 0x00, 0x08, 0xff, 0xff, 0xfa,
    0x65, 0x68, 0xdf, 0xff, 0xfc, 0x00, 0x00, 0x00, 0x00, 0x0b, 0xff, 0xff, 0xff, 0xff, 0xff, 0xff, 0xfd, 0x10, 0x00, 0x00,
    0x00, 0x00, 0x09, 0xff, 0xff, 0xff, 0xff, 0xff, 0xfb, 0x10, 0x00, 0x00, 0x00, 0x00, 0x00, 0x03, 0x9e, 0xff, 0xff, 0xfe,
    0xb4, 0x00, 0x00, 0x00, 0x00, 0x00, 0x00, 0x00, 0x00, 0x02, 0x34, 0x43, 0x00, 0x00, 0x00, 0x00, 0x00, 0x06, 0x66, 0x63,
    0x00, 0x00, 0x00, 0x00, 0x00, 0x00, 0x00, 0x56, 0x66, 0x20, 0xbf, 0xff, 0xb0, 0x00, 0x00, 0x00, 0x00, 0x00, 0x00, 0x1f,
    0xff, 0xf1, 0x05, 0xff, 0xff, 0x30, 0x00, 0x00, 0x00, 0x00, 0x00, 0x07, 0xff, 0xfa, 0x00, 0x0d, 0xff, 0xf9, 0x00, 0x00,
    0x00, 0x00, 0x00, 0x00, 0xef, 0xff, 0x30, 0x00, 0x7f, 0xff, 0xe1, 0x00, 0x00, 0x00, 0x00, 0x00, 0x6f, 0xff, 0xc0, 0x00,
    0x01, 0xef, 0xff, 0x70, 0x00, 0x00, 0x00, 0x00, 0x0c, 0xff, 0xf5, 0x00, 0x00, 0x09, 0xff, 0xfd, 0x00, 0x00, 0x00, 0x00,
    0x04, 0xff, 0xfd, 0x00, 0x00, 0x00, 0x2f, 0xff, 0xf5, 0x00, 0x00, 0x00, 0x00, 0xaf, 0xff, 0x70, 0x00, 0x00, 0x00, 0xbf,
    0xff, 0xb0, 0x00, 0x00, 0x00, 0x2f, 0xff, 0xe1, 0x00, 0x00, 0x00, 0x04, 0xff, 0xff, 0x30, 0x00, 0x00, 0x08, 0xff, 0xf9,
    0x00, 0x00, 0x00, 0x00, 0x0d, 0xff, 0xf9, 0x00, 0x00, 0x01, 0xef, 0xff, 0x20, 0x00, 0x00, 0x00, 0x00, 0x6f, 0xff, 0xf1,
    0x00, 0x00, 0x6f, 0xff, 0xb0, 0x00, 0x00, 0x00, 0x00, 0x01, 0xef, 0xff, 0x70, 0x00, 0x0d, 0xff, 0xf4, 0x00, 0x00, 0x00,
    0x00, 0x00, 0x08, 0xff, 0xfd, 0x00, 0x05, 0xff, 0xfd, 0x00, 0x00, 0x00, 0x00, 0x00, 0x00, 0x2f, 0xff, 0xf5, 0x00, 0xbf,
    0xff, 0x60, 0x00, 0x00, 0x00, 0x00, 0x00, 0x00, 0xaf, 0xff, 0xc0, 0x3f, 0xff, 0xe1, 0x00, 0x00, 0x00, 0x00, 0x00, 0x00,
    0x03, 0xff, 0xff, 0x39, 0xff, 0xf8, 0x00, 0x00, 0x00, 0x00, 0x00, 0x00, 0x00, 0x0c, 0xff, 0xfb, 0xff, 0xff, 0x20, 0x00,
    0x00, 0x00, 0x00, 0x00, 0x00, 0x00, 0x5f, 0xff, 0xff, 0xff, 0xa0, 0x00, 0x00, 0x00, 0x00, 0x00, 0x00, 0x00, 0x00, 0xdf,
    0xff, 0xff, 0xf4, 0x00, 0x00, 0x00, 0x00, 0x00, 0x00, 0x00, 0x00, 0x07, 0xff, 0xff, 0xfc, 0x00, 0x00, 0x00, 0x00, 0x00,
    0x00, 0x00, 0x00, 0x00, 0x1f, 0xff, 0xff, 0x60, 0x00, 0x00, 0x00, 0x00, 0x00, 0x00, 0x00, 0x00, 0x00, 0x9f, 0xff, 0xe0,
    0x00, 0x00, 0x00, 0x00, 0x00, 0x06, 0x66, 0x61, 0x00, 0x00, 0x00, 0x00, 0x00, 0x36, 0x66, 0x30, 0x00, 0x00, 0x00, 0x00,
    0x02, 0x66, 0x64, 0x00, 0xcf, 0xff, 0x70, 0x00, 0x00, 0x00, 0x00, 0x0b, 0xff, 0xfa, 0x00, 0x00, 0x00, 0x00, 0x00, 0x8f,
    0xff, 0x60, 0x07, 0xff, 0xfc, 0x00, 0x00, 0x00, 0x00, 0x02, 0xff, 0xff, 0xf1, 0x00, 0x00, 0x00, 0x00, 0x0d, 0xff, 0xf2,
    0x00, 0x2f, 0xff, 0xf2, 0x00, 0x00, 0x00, 0x00, 0x7f, 0xff, 0xff, 0x50, 0x00, 0x00, 0x00, 0x03, 0xff, 0xfc, 0x00, 0x00,
    0xdf, 0xff, 0x70, 0x00, 0x00, 0x00, 0x0c, 0xff, 0xff, 0xfa, 0x00, 0x00, 0x00, 0x00, 0x8f, 0xff, 0x70, 0x00, 0x08, 0xff,
    0xfc, 0x00, 0x00, 0x00, 0x02, 0xff, 0xff, 0xff, 0xe1, 0x00, 0x00, 0x00, 0x0d, 0xff, 0xf2, 0x00, 0x00, 0x3f, 0xff, 0xf2,
    0x00, 0x00, 0x00, 0x7f, 0xff, 0xff, 0xff, 0x50, 0x00, 0x00, 0x03, 0xff, 0xfc, 0x00, 0x00, 0x00, 0xdf, 0xff, 0x60, 0x00,
    0x00, 0x0c, 0xff, 0xe5, 0xff, 0xfa, 0x00, 0x00, 0x00, 0x8f, 0xff, 0x70, 0x00, 0x00, 0x08, 0xff, 0xfb, 0x00, 0x00, 0x02,
    0xff, 0xfa, 0x0e, 0xff, 0xe1, 0x00, 0x00, 0x0d, 0xff, 0xf2, 0x00, 0x00, 0x00, 0x3f, 0xff, 0xf1, 0x00, 0x00, 0x7f, 0xff,
    0x50, 0x9f, 0xff, 0x50, 0x00, 0x03, 0xff, 0xfc, 0x00, 0x00, 0x00, 0x00, 0xdf, 0xff, 0x60, 0x00, 0x0c, 0xff, 0xe1, 0x04,
    0xff, 0xfa, 0x00, 0x00, 0x8f, 0xff, 0x70, 0x00, 0x00, 0x00, 0x08, 0xff, 0xfb, 0x00, 0x02, 0xff, 0xfa, 0x00, 0x0e, 0xff,
    0xe1, 0x00, 0x0d, 0xff, 0xf2, 0x00, 0x00, 0x00, 0x00, 0x3f, 0xff, 0xf1, 0x00, 0x8f, 0xff, 0x50, 0x00, 0x9f, 0xff, 0x50,
    0x03, 0xff, 0xfc, 0x00, 0x00, 0x00, 0x00, 0x00, 0xdf, 0xff, 0x60, 0x0d, 0xff, 0xe0, 0x00, 0x04, 0xff, 0xfa, 0x00, 0x8f,
    0xff, 0x70, 0x00, 0x00, 0x00, 0x00, 0x08, 0xff, 0xfb, 0x03, 0xff, 0xf9, 0x00, 0x00, 0x0e, 0xff, 0xe0, 0x0d, 0xff, 0xf2,
    0x00, 0x00, 0x00, 0x00, 0x00, 0x3f, 0xff, 0xf1, 0x8f, 0xff, 0x40, 0x00, 0x00, 0x9f, 0xff, 0x53, 0xff, 0xfc, 0x00, 0x00,
    0x00, 0x00, 0x00, 0x00, 0xdf, 0xff, 0x6d, 0xff, 0xe0, 0x00, 0x00, 0x04, 0xff, 0xfa, 0x8f, 0xff, 0x70, 0x00, 0x00, 0x00,
    0x00, 0x00, 0x08, 0xff, 0xfe, 0xff, 0xf9, 0x00, 0x00, 0x00, 0x0e, 0xff, 0xee, 0xff, 0xf2, 0x00, 0x00, 0x00, 0x00, 0x00,
    0x00, 0x3f, 0xff, 0xff, 0xff, 0x40, 0x00, 0x00, 0x00, 0x9f, 0xff, 0xff, 0xfc, 0x00, 0x00, 0x00, 0x00, 0x00, 0x00, 0x00,
    0xdf, 0xff, 0xff, 0xe0, 0x00, 0x00, 0x00, 0x04, 0xff, 0xff, 0xff, 0x70, 0x00, 0x00, 0x00, 0x00, 0x00, 0x00, 0x08, 0xff,
    0xff, 0xf9, 0x00, 0x00, 0x00, 0x00, 0x0e, 0xff, 0xff, 0xf2, 0x00, 0x00, 0x00, 0x00, 0x00, 0x00, 0x00, 0x3f, 0xff, 0xff,
    0x40, 0x00, 0x00, 0x00, 0x00, 0x9f, 0xff, 0xfc, 0x00, 0x00, 0x00, 0x00, 0x00, 0x00, 0x00, 0x00, 0xdf, 0xff, 0xd0, 0x00,
    0x00, 0x00, 0x00, 0x04, 0xff, 0xff, 0x70, 0x00, 0x00, 0x00, 0x00, 0x16, 0x66, 0x64, 0x00, 0x00, 0x00, 0x00, 0x00, 0x26,
    0x66, 0x61, 0x09, 0xff, 0xfe, 0x20, 0x00, 0x00, 0x00, 0x00, 0xcf, 0xff, 0xa0, 0x01, 0xdf, 0xff, 0xc0, 0x00, 0x00, 0x00,
    0x08, 0xff, 0xfd, 0x10, 0x00, 0x3f, 0xff, 0xf8, 0x00, 0x00, 0x00, 0x4f, 0xff, 0xf4, 0x00, 0x00, 0x07, 0xff, 0xff, 0x40,
    0x00, 0x01, 0xdf, 0xff, 0x80, 0x00, 0x00, 0x00, 0xbf, 0xff, 0xe1, 0x00, 0x0a, 0xff, 0xfc, 0x00, 0x00, 0x00, 0x00, 0x2e,
    0xff, 0xfb, 0x00, 0x6f, 0xff, 0xe2, 0x00, 0x00, 0x00, 0x00, 0x05, 0xff, 0xff, 0x62, 0xef, 0xff, 0x50, 0x00, 0x00, 0x00,
    0x00, 0x00, 0x9f, 0xff, 0xff, 0xff, 0xf9, 0x00, 0x00, 0x00, 0x00, 0x00, 0x00, 0x1d, 0xff, 0xff, 0xff, 0xd1, 0x00, 0x00,
    0x00, 0x00, 0x00, 0x00, 0x03, 0xff, 0xff, 0xff, 0x30, 0x00, 0x00, 0x00, 0x00, 0x00, 0x00, 0x00, 0xcf, 0xff, 0xff, 0x00,
    0x00, 0x00, 0x00, 0x00, 0x00, 0x00, 0x02, 0xef, 0xff, 0xff, 0x40, 0x00, 0x00, 0x00, 0x00, 0x00, 0x00, 0x0c, 0xff, 0xff,
    0xff, 0xe1, 0x00, 0x00, 0x00, 0x00, 0x00, 0x00, 0x8f, 0xff, 0xff, 0xff, 0xfb, 0x00, 0x00, 0x00, 0x00, 0x00, 0x04, 0xff,
    0xff, 0x54, 0xff, 0xff, 0x70, 0x00, 0x00, 0x00, 0x00, 0x1e, 0xff, 0xf9, 0x00, 0x8f, 0xff, 0xf3, 0x00, 0x00, 0x00, 0x00,
    0xbf, 0xff, 0xd1, 0x00, 0x0c, 0xff, 0xfd, 0x10, 0x00, 0x00, 0x07, 0xff, 0xff, 0x30, 0x00, 0x02, 0xef, 0xff, 0xa0, 0x00,
    0x00, 0x3f, 0xff, 0xf7, 0x00, 0x00, 0x00, 0x6f, 0xff, 0xf5, 0x00, 0x01, 0xdf, 0xff, 0xc0, 0x00, 0x00, 0x00, 0x0a, 0xff,
    0xfe, 0x20, 0x09, 0xff, 0xfe, 0x20, 0x00, 0x00, 0x00, 0x01, 0xdf, 0xff, 0xc0, 0x5f, 0xff, 0xf6, 0x00, 0x00, 0x00, 0x00,
    0x00, 0x4f, 0xff, 0xf8, 0x16, 0x66, 0x62, 0x00, 0x00, 0x00, 0x00, 0x00, 0x00, 0x56, 0x66, 0x20, 0xbf, 0xff, 0xb0, 0x00,
    0x00, 0x00, 0x00, 0x00, 0x3f, 0xff, 0xd0, 0x02, 0xff, 0xff, 0x50, 0x00, 0x00, 0x00, 0x00, 0x0c, 0xff, 0xf4, 0x00, 0x08,
    0xff, 0xfd, 0x10, 0x00, 0x00, 0x00, 0x06, 0xff, 0xfa, 0x00, 0x00, 0x1d, 0xff, 0xf8, 0x00, 0x00, 0x00, 0x01, 0xef, 0xfe,
    0x20, 0x00, 0x00, 0x5f, 0xff, 0xf2, 0x00, 0x00, 0x00, 0x9f, 0xff, 0x70, 0x00, 0x00, 0x00, 0xbf, 0xff, 0xb0, 0x00, 0x00,
    0x4f, 0xff, 0xd0, 0x00, 0x00, 0x00, 0x02, 0xff, 0xff, 0x50, 0x00, 0x0c, 0xff, 0xf4, 0x00, 0x00, 0x00, 0x00, 0x08, 0xff,
    0xfd, 0x10, 0x07, 0xff, 0xfa, 0x00, 0x00, 0x00, 0x00, 0x00, 0x0d, 0xff, 0xf8, 0x02, 0xef, 0xfe, 0x20, 0x00, 0x00, 0x00,
    0x00, 0x00, 0x4f, 0xff, 0xf2, 0xaf, 0xff, 0x70, 0x00, 0x00, 0x00, 0x00, 0x00, 0x00, 0xaf, 0xff, 0xff, 0xff, 0xc0, 0x00,
    0x00, 0x00, 0x00, 0x00, 0x00, 0x02, 0xef, 0xff, 0xff, 0xf4, 0x00, 0x00, 0x00, 0x00, 0x00, 0x00, 0x00, 0x07, 0xff, 0xff,
    0xfa, 0x00, 0x00, 0x00, 0x00, 0x00, 0x00, 0x00, 0x00, 0x0f, 0xff, 0xff, 0x10, 0x00, 0x00, 0x00, 0x00, 0x00, 0x00, 0x00,
    0x00, 0xbf, 0xff, 0xe0, 0x00, 0x00, 0x00, 0x00, 0x00, 0x00, 0x00, 0x00, 0x08, 0xff, 0xfa, 0x00, 0x00, 0x00, 0x00, 0x00,
    0x00, 0x00, 0x00, 0x00, 0x8f, 0xff, 0xa0, 0x00, 0x00, 0x00, 0x00, 0x00, 0x00, 0x00, 0x00, 0x08, 0xff, 0xfa, 0x00, 0x00,
    0x00, 0x00, 0x00, 0x00, 0x00, 0x00, 0x00, 0x8f, 0xff, 0xa0, 0x00, 0x00, 0x00, 0x00, 0x00, 0x00, 0x00, 0x00, 0x08, 0xff,
    0xfa, 0x00, 0x00, 0x00, 0x00, 0x00, 0x00, 0x00, 0x00, 0x00, 0x8f, 0xff, 0xa0, 0x00, 0x00, 0x00, 0x00, 0x00, 0x00, 0x00,
    0x00, 0x08, 0xff, 0xfa, 0x00, 0x00, 0x00, 0x00, 0x00, 0x03, 0x66, 0x66, 0x66, 0x66, 0x66, 0x66, 0x66, 0x66, 0x66, 0x00,
    0x7f, 0xff, 0xff, 0xff, 0xff, 0xff, 0xff, 0xff, 0xff, 0xf0, 0x07, 0xff, 0xff, 0xff, 0xff, 0xff, 0xff, 0xff, 0xff, 0xff,
    0x00, 0x7f, 0xff, 0xff, 0xff, 0xff, 0xff, 0xff, 0xff, 0xff, 0xd0, 0x01, 0x22, 0x22, 0x22, 0x22, 0x22, 0x22, 0xdf, 0xff,
    0xe2, 0x00, 0x00, 0x00, 0x00, 0x00, 0x00, 0x00, 0xaf, 0xff, 0xf4, 0x00, 0x00, 0x00, 0x00, 0x00, 0x00, 0x00, 0x7f, 0xff,
    0xf7, 0x00, 0x00, 0x00, 0x00, 0x00, 0x00, 0x00, 0x4f, 0xff, 0xf9, 0x00, 0x00, 0x00, 0x00, 0x00, 0x00, 0x00, 0x2e, 0xff,
    0xfc, 0x00, 0x00, 0x00, 0x00, 0x00, 0x00, 0x00, 0x1d, 0xff, 0xfd, 0x10, 0x00, 0x00, 0x00, 0x00, 0x00, 0x00, 0x0b, 0xff,
    0xff, 0x30, 0x00, 0x00, 0x00, 0x00, 0x00, 0x00, 0x08, 0xff, 0xff, 0x50, 0x00, 0x00, 0x00, 0x00, 0x00, 0x00, 0x06, 0xff,
    0xff, 0x80, 0x00, 0x00, 0x00, 0x00, 0x00, 0x00, 0x03, 0xff, 0xff, 0xb0, 0x00, 0x00, 0x00, 0x00, 0x00, 0x00, 0x02, 0xef,
    0xff, 0xd1, 0x00, 0x00, 0x00, 0x00, 0x00, 0x00, 0x00, 0xcf, 0xff, 0xe2, 0x00, 0x00, 0x00, 0x00, 0x00, 0x00, 0x00, 0xaf,
    0xff, 0xf4, 0x00, 0x00, 0x00, 0x00, 0x00, 0x00, 0x00, 0x7f, 0xff, 0xf7, 0x00, 0x00, 0x00, 0x00, 0x00, 0x00, 0x00, 0x4f,
    0xff, 0xf9, 0x00, 0x00, 0x00, 0x00, 0x00, 0x00, 0x00, 0x2e, 0xff, 0xff, 0x88, 0x88, 0x88, 0x88, 0x88, 0x88, 0x83, 0x0a,
    0xff, 0xff, 0xff, 0xff, 0xff, 0xff, 0xff, 0xff, 0xff, 0x70, 0xbf, 0xff, 0xff, 0xff, 0xff, 0xff, 0xff, 0xff, 0xff, 0xf7,
    0x0b, 0xff, 0xff, 0xff, 0xff, 0xff, 0xff, 0xff, 0xff, 0xff, 0x70, 0x00, 0x0b, 0xbb, 0xbb, 0xbb, 0x70, 0x00, 0xff, 0xff,
    0xff, 0xfa, 0x00, 0x0f, 0xff, 0xff, 0xff, 0xa0, 0x00, 0xff, 0xff, 0x77, 0x75, 0x00, 0x0f, 0xff, 0xf0, 0x00, 0x00, 0x00,
    0xff, 0xff, 0x00, 0x00, 0x00, 0x0f, 0xff, 0xf0, 0x00, 0x00, 0x00, 0xff, 0xff, 0x00, 0x00, 0x00, 0x0f, 0xff, 0xf0, 0x00,
    0x00, 0x00, 0xff, 0xff, 0x00, 0x00, 0x00, 0x0f, 0xff, 0xf0, 0x00, 0x00, 0x00, 0xff, 0xff, 0x00, 0x00, 0x00, 0x0f, 0xff,
    0xf0, 0x00, 0x00, 0x00, 0xff, 0xff, 0x00, 0x00, 0x00, 0x0f, 0xff, 0xf0, 0x00, 0x00, 0x00, 0xff, 0xff, 0x00, 0x00, 0x00,
    0x0f, 0xff, 0xf0, 0x00, 0x00, 0x00, 0xff, 0xff, 0x00, 0x00, 0x00, 0x0f, 0xff, 0xf0, 0x00, 0x00, 0x00, 0xff, 0xff, 0x00,
    0x00, 0x00, 0x0f, 0xff, 0xf0, 0x00, 0x00, 0x00, 0xff, 0xff, 0x00, 0x00, 0x00, 0x0f, 0xff, 0xf0, 0x00, 0x00, 0x00, 0xff,
    0xff, 0x00, 0x00, 0x00, 0x0f, 0xff, 0xf0, 0x00, 0x00, 0x00, 0xff, 0xff, 0x00, 0x00, 0x00, 0x0f, 0xff, 0xf0, 0x00, 0x00,
    0x00, 0xff, 0xff, 0xff, 0xfa, 0x00, 0x0f, 0xff, 0xff, 0xff, 0xa0, 0x00, 0xff, 0xff, 0xff, 0xfa, 0x00, 0x03, 0x33, 0x33,
    0x33, 0x20, 0x2e, 0xee, 0x60, 0x00, 0x00, 0x00, 0x00, 0x00, 0xcf, 0xfc, 0x00, 0x00, 0x00, 0x00, 0x00, 0x07, 0xff, 0xf2,
    0x00, 0x00, 0x00, 0x00, 0x00, 0x2f, 0xff, 0x80, 0x00, 0x00, 0x00, 0x00, 0x00, 0xbf, 0xfd, 0x00, 0x00, 0x00, 0x00, 0x00,
    0x06, 0xff, 0xf3, 0x00, 0x00, 0x00, 0x00, 0x00, 0x1f, 0xff, 0x80, 0x00, 0x00, 0x00, 0x00, 0x00, 0xaf, 0xfd, 0x00, 0x00,
    0x00, 0x00, 0x00, 0x05, 0xff, 0xf4, 0x00, 0x00, 0x00, 0x00, 0x00, 0x1e, 0xff, 0x90, 0x00, 0x00, 0x00, 0x00, 0x00, 0xaf,
    0xfe, 0x00, 0x00, 0x00, 0x00, 0x00, 0x04, 0xff, 0xf5, 0x00, 0x00, 0x00, 0x00, 0x00, 0x0e, 0xff, 0xa0, 0x00, 0x00, 0x00,
    0x00, 0x00, 0x9f, 0xfe, 0x10, 0x00, 0x00, 0x00, 0x00, 0x04, 0xff, 0xf5, 0x00, 0x00, 0x00, 0x00, 0x00, 0x0d, 0xff, 0xb0,
    0x00, 0x00, 0x00, 0x00, 0x00, 0x8f, 0xff, 0x10, 0x00, 0x00, 0x00, 0x00, 0x03, 0xff, 0xf6, 0x00, 0x00, 0x00, 0x00, 0x00,
    0x0d, 0xff, 0xb0, 0x00, 0x00, 0x00, 0x00, 0x00, 0x7f, 0xff, 0x20, 0x00, 0x00, 0x00, 0x00, 0x02, 0xff, 0xf7, 0x00, 0x00,
    0x00, 0x00, 0x00, 0x0c, 0xff, 0xc0, 0x00, 0x00, 0x00, 0x00, 0x00, 0x7f, 0xff, 0x20, 0x00, 0x00, 0x00, 0x00, 0x01, 0xff,
    0xf8, 0x00, 0x00, 0x00, 0x00, 0x00, 0x0b, 0xff, 0xd0, 0x00, 0x00, 0x00, 0x00, 0x00, 0x6f, 0xff, 0x30, 0x00, 0x00, 0x00,
    0x00, 0x01, 0xff, 0xf8, 0x00, 0x00, 0x00, 0x00, 0x00, 0x0a, 0xff, 0xe0, 0x00, 0x00, 0x00, 0x00, 0x00, 0x5f, 0xff, 0x40,
    0x00, 0x00, 0x00, 0x00, 0x00, 0xef, 0xf9, 0x00, 0x00, 0x00, 0x00, 0x00, 0x02, 0x33, 0x20, 0x5b, 0xbb, 0xbb, 0xbb, 0x20,
    0x07, 0xff, 0xff, 0xff, 0xf3, 0x00, 0x7f, 0xff, 0xff, 0xff, 0x30, 0x03, 0x77, 0x7e, 0xff, 0xf3, 0x00, 0x00, 0x00, 0xcf,
    0xff, 0x30, 0x00, 0x00, 0x0c, 0xff, 0xf3, 0x00, 0x00, 0x00, 0xcf, 0xff, 0x30, 0x00, 0x00, 0x0c, 0xff, 0xf3, 0x00, 0x00,
    0x00, 0xcf, 0xff, 0x30, 0x00, 0x00, 0x0c, 0xff, 0xf3, 0x00, 0x00, 0x00, 0xcf, 0xff, 0x30, 0x00, 0x00, 0x0c, 0xff, 0xf3,
    0x00, 0x00, 0x00, 0xcf, 0xff, 0x30, 0x00, 0x00, 0x0c, 0xff, 0xf3, 0x00, 0x00, 0x00, 0xcf, 0xff, 0x30, 0x00, 0x00, 0x0c,
    0xff, 0xf3, 0x00, 0x00, 0x00, 0xcf, 0xff, 0x30, 0x00, 0x00, 0x0c, 0xff, 0xf3, 0x00, 0x00, 0x00, 0xcf, 0xff, 0x30, 0x00,
    0x00, 0x0c, 0xff, 0xf3, 0x00, 0x00, 0x00, 0xcf, 0xff, 0x30, 0x00, 0x00, 0x0c, 0xff, 0xf3, 0x00, 0x00, 0x00, 0xcf, 0xff,
    0x30, 0x00, 0x00, 0x0c, 0xff, 0xf3, 0x00, 0x00, 0x00, 0xcf, 0xff, 0x30, 0x00, 0x00, 0x0c, 0xff, 0xf3, 0x00, 0x00, 0x00,
    0xcf, 0xff, 0x30, 0x07, 0xff, 0xff, 0xff, 0xf3, 0x00, 0x7f, 0xff, 0xff, 0xff, 0x30, 0x07, 0xff, 0xff, 0xff, 0xf3, 0x00,
    0x13, 0x33, 0x33, 0x33, 0x00, 0x00, 0x00, 0x00, 0x00, 0x04, 0xdd, 0xd4, 0x00, 0x00, 0x00, 0x00, 0x00, 0x00, 0x00, 0xbf,
    0xff, 0xa0, 0x00, 0x00, 0x00, 0x00, 0x00, 0x00, 0x2f, 0xff, 0xff, 0x20, 0x00, 0x00, 0x00, 0x00, 0x00, 0x09, 0xff, 0xdf,
    0xf8, 0x00, 0x00, 0x00, 0x00, 0x00, 0x01, 0xef, 0xe2, 0xff, 0xe1, 0x00, 0x00, 0x00, 0x00, 0x00, 0x7f, 0xf8, 0x0a, 0xff,
    0x60, 0x00, 0x00, 0x00, 0x00, 0x0d, 0xff, 0x20, 0x3f, 0xfc, 0x00, 0x00, 0x00, 0x00, 0x05, 0xff, 0xb0, 0x00, 0xcf, 0xf4,
    0x00, 0x00, 0x00, 0x00, 0xbf, 0xf5, 0x00, 0x06, 0xff, 0xa0, 0x00, 0x00, 0x00, 0x3f, 0xfd, 0x00, 0x00, 0x1e, 0xff, 0x20,
    0x00, 0x00, 0x09, 0xff, 0x70, 0x00, 0x00, 0x8f, 0xf8, 0x00, 0x00, 0x01, 0xef, 0xf1, 0x00, 0x00, 0x02, 0xff, 0xe0, 0x00,
    0x00, 0x7f, 0xfa, 0x00, 0x00, 0x00, 0x0b, 0xff, 0x60, 0x00, 0x05, 0x77, 0x20, 0x00, 0x00, 0x00, 0x37, 0x75, 0x00, 0x00,
    0x00, 0x00, 0x00, 0x00, 0x00, 0x00, 0x00, 0x00, 0x00, 0x00, 0x00, 0x00, 0x00, 0x00, 0x00, 0x00, 0x00, 0x00, 0x00, 0x00,
    0x00, 0x00, 0x00, 0x00, 0x00, 0x00, 0x00, 0x00, 0x00, 0x00, 0x00, 0x00, 0x00, 0x00, 0x00, 0x00, 0x00, 0xff, 0xff, 0xff,
    0xff, 0xff, 0xff, 0xff, 0xff, 0xff, 0xff, 0xff, 0xff, 0xff, 0xff, 0xff, 0xff, 0x77, 0x77, 0x77, 0x77, 0x77, 0x77, 0x77,
    0x77, 0x00, 0x03, 0xcc, 0xcc, 0x40, 0x00, 0x00, 0x00, 0x00, 0x00, 0x00, 0x03, 0xdf, 0xff, 0x40, 0x00, 0x00, 0x00, 0x00,
    0x00, 0x00, 0x01, 0xbf, 0xff, 0x40, 0x00, 0x00, 0x00, 0x00, 0x00, 0x00, 0x00, 0x8f, 0xfe, 0x40, 0x00, 0x00, 0x00, 0x00,
    0x00, 0x00, 0x00, 0x59, 0x98, 0x10, 0x00, 0x00, 0x00, 0x00, 0x00, 0x00, 0x00, 0x00, 0x00, 0x00, 0x00, 0x00, 0x00, 0x00,
    0x00, 0x00, 0x00, 0x00, 0x00, 0x00, 0x00, 0x00, 0x00, 0x00, 0x00, 0x00, 0x00, 0x00, 0x00, 0x00, 0x00, 0x00, 0x00, 0x00,
    0x00, 0x00, 0x00, 0x00, 0x00, 0x00, 0x00, 0x00, 0x00, 0x00, 0x00, 0x00, 0x00, 0x00, 0x00, 0x00, 0x00, 0x00, 0x00, 0x00,
    0x00, 0x00, 0x00, 0x00, 0x00, 0x00, 0x00, 0x00, 0x00, 0x00, 0x00, 0x00, 0x00, 0x00, 0x00, 0x00, 0x00, 0x00, 0x00, 0x00,
    0x00, 0x00, 0x00, 0x00, 0x00, 0x00, 0x00, 0x00, 0x00, 0x00, 0x00, 0x00, 0x00, 0x00, 0x00, 0x00, 0x00, 0x00, 0x00, 0x00,
    0x00, 0x00, 0x00, 0x00, 0x00, 0x00, 0x00, 0x00, 0x00, 0x00, 0x00, 0x00, 0x00, 0x00, 0x00, 0x00, 0x00, 0x00, 0x00, 0x00,
    0x00, 0x00, 0x00, 0x00, 0x00, 0x00, 0x00, 0x00, 0x00, 0x00, 0x00, 0x00, 0x00, 0x00, 0x00, 0x00, 0x00, 0x00, 0x00, 0x00,
    0x00, 0x00, 0x00, 0x00, 0x00, 0x00, 0x00, 0x00, 0x00, 0x00, 0x00, 0x00, 0x00, 0x00, 0x00, 0x00, 0x00, 0x00, 0x00, 0x00,
    0x00, 0x00, 0x00, 0x00, 0x00, 0x00, 0x00, 0x00, 0x00, 0x00, 0x00, 0x00, 0x00, 0x00, 0x00, 0x00, 0x00, 0x00, 0x00, 0x00,
    0x00, 0x00, 0x00, 0x00, 0x00, 0x00, 0x00, 0x00, 0x00, 0x00, 0x00, 0x00, 0x13, 0x44, 0x31, 0x00, 0x00, 0x00, 0x00, 0x00,
    0x27, 0xcf, 0xff, 0xff, 0xfc, 0x60, 0x00, 0x00, 0x00, 0x8f, 0xff, 0xff, 0xff, 0xff, 0xff, 0xc1, 0x00, 0x00, 0x0b, 0xff,
    0xff, 0xff, 0xff, 0xff, 0xff, 0xb0, 0x00, 0x00, 0x3f, 0xfa, 0x52, 0x12, 0x5b, 0xff, 0xff, 0x40, 0x00, 0x00, 0x72, 0x00,
    0x00, 0x00, 0x0b, 0xff, 0xf9, 0x00, 0x00, 0x00, 0x00, 0x00, 0x00, 0x00, 0x4f, 0xff, 0xc0, 0x00, 0x00, 0x00, 0x00, 0x00,
    0x00, 0x01, 0xff, 0xfe, 0x00, 0x00, 0x00, 0x59, 0xce, 0xff, 0xff, 0xff, 0xff, 0xe0, 0x00, 0x02, 0xcf, 0xff, 0xff, 0xff,
    0xff, 0xff, 0xfe, 0x00, 0x00, 0xcf, 0xff, 0xfc, 0xaa, 0xaa, 0xbf, 0xff, 0xe0, 0x00, 0x5f, 0xff, 0xd1, 0x00, 0x00, 0x01,
    0xff, 0xfe, 0x00, 0x08, 0xff, 0xf7, 0x00, 0x00, 0x00, 0x2f, 0xff, 0xe0, 0x00, 0x8f, 0xff, 0x70, 0x00, 0x00, 0x09, 0xff,
    0xfe, 0x00, 0x05, 0xff, 0xfe, 0x30, 0x00, 0x19, 0xff, 0xff, 0xe0, 0x00, 0x0d, 0xff, 0xff, 0xcb, 0xcf, 0xff, 0xff, 0xfe,
    0x00, 0x00, 0x3e, 0xff, 0xff, 0xff, 0xff, 0x9d, 0xff, 0xe0, 0x00, 0x00, 0x19, 0xdf, 0xff, 0xfc, 0x50, 0xdf, 0xfe, 0x00,
    0x00, 0x00, 0x00, 0x13, 0x21, 0x00, 0x00, 0x00, 0x00, 0x00, 0x00, 0x4b, 0xbb, 0x70, 0x00, 0x00, 0x00, 0x00, 0x00, 0x00,
    0x00, 0x00, 0x6f, 0xff, 0x90, 0x00, 0x00, 0x00, 0x00, 0x00, 0x00, 0x00, 0x00, 0x6f, 0xff, 0x90, 0x00, 0x00, 0x00, 0x00,
    0x00, 0x00, 0x00, 0x00, 0x6f, 0xff, 0x90, 0x00, 0x00, 0x00, 0x00, 0x00, 0x00, 0x00, 0x00, 0x6f, 0xff, 0x90, 0x00, 0x00,
    0x00, 0x00, 0x00, 0x00, 0x00, 0x00, 0x6f, 0xff, 0x90, 0x00, 0x00, 0x00, 0x00, 0x00, 0x00, 0x00, 0x00, 0x6f, 0xff, 0x90,
    0x00, 0x23, 0x43, 0x00, 0x00, 0x00, 0x00, 0x00, 0x6f, 0xff, 0x90, 0x6c, 0xff, 0xff, 0xfa, 0x30, 0x00, 0x00, 0x00, 0x6f,
    0xff, 0xab, 0xff, 0xff, 0xff, 0xff, 0xf7, 0x00, 0x00, 0x00, 0x6f, 0xff, 0xff, 0xff, 0xff, 0xff, 0xff, 0xff, 0x90, 0x00,
    0x00, 0x6f, 0xff, 0xff, 0xf9, 0x42, 0x37, 0xef, 0xff, 0xf5, 0x00, 0x00, 0x6f, 0xff, 0xfe, 0x30, 0x00, 0x00, 0x1c, 0xff,
    0xfe, 0x00, 0x00, 0x6f, 0xff, 0xf5, 0x00, 0x00, 0x00, 0x02, 0xef, 0xff, 0x50, 0x00, 0x6f, 0xff, 0xf0, 0x00, 0x00, 0x00,
    0x00, 0x9f, 0xff, 0x80, 0x00, 0x6f, 0xff, 0xf0, 0x00, 0x00, 0x00, 0x00, 0x6f, 0xff, 0xa0, 0x00, 0x6f, 0xff, 0xe0, 0x00,
    0x00, 0x00, 0x00, 0x5f, 0xff, 0xb0, 0x00, 0x6f, 0xff, 0xf0, 0x00, 0x00, 0x00, 0x00, 0x6f, 0xff, 0xa0, 0x00, 0x6f, 0xff,
    0xf0, 0x00, 0x00, 0x00, 0x00, 0xaf, 0xff, 0x80, 0x00, 0x6f, 0xff, 0xf6, 0x00, 0x00, 0x00, 0x02, 0xff, 0xff, 0x40, 0x00,
    0x6f, 0xff, 0xfe, 0x40, 0x00, 0x00, 0x2d, 0xff, 0xfd, 0x00, 0x00, 0x6f, 0xff, 0xff, 0xfa, 0x53, 0x48, 0xef, 0xff, 0xf5,
    0x00, 0x00, 0x6f, 0xff, 0xff, 0xff, 0xff, 0xff, 0xff, 0xff, 0x80, 0x00, 0x00, 0x6f, 0xff, 0x8a, 0xff, 0xff, 0xff, 0xff,
    0xf6, 0x00, 0x00, 0x00, 0x6f, 0xff, 0x70, 0x5b, 0xff, 0xff, 0xe9, 0x20, 0x00, 0x00, 0x00, 0x00, 0x00, 0x00, 0x00, 0x02,
    0x31, 0x00, 0x00, 0x00, 0x00, 0x00, 0x00, 0x00, 0x00, 0x24, 0x43, 0x10, 0x00, 0x00, 0x00, 0x00, 0x00, 0x18, 0xdf, 0xff,
    0xff, 0xc7, 0x00, 0x00, 0x00, 0x00, 0x5e, 0xff, 0xff, 0xff, 0xff, 0xfc, 0x20, 0x00, 0x00, 0x7f, 0xff, 0xff, 0xff, 0xff,
    0xff, 0xfd, 0x10, 0x00, 0x4f, 0xff, 0xfd, 0x73, 0x24, 0x9f, 0xff, 0xf8, 0x00, 0x0d, 0xff, 0xfb, 0x10, 0x00, 0x00, 0x3e,
    0xe6, 0x00, 0x05, 0xff, 0xfe, 0x10, 0x00, 0x00, 0x00, 0x31, 0x00, 0x00, 0x9f, 0xff, 0x80, 0x00, 0x00, 0x00, 0x00, 0x00,
    0x00, 0x0b, 0xff, 0xf5, 0x00, 0x00, 0x00, 0x00, 0x00, 0x00, 0x00, 0xcf, 0xff, 0x40, 0x00, 0x00, 0x00, 0x00, 0x00, 0x00,
    0x0b, 0xff, 0xf5, 0x00, 0x00, 0x00, 0x00, 0x00, 0x00, 0x00, 0x9f, 0xff, 0x90, 0x00, 0x00, 0x00, 0x00, 0x00, 0x00, 0x04,
    0xff, 0xfe, 0x20, 0x00, 0x00, 0x00, 0x42, 0x00, 0x00, 0x0d, 0xff, 0xfc, 0x20, 0x00, 0x00, 0x4f, 0xf8, 0x10, 0x00, 0x3f,
    0xff, 0xfe, 0x84, 0x35, 0xaf, 0xff, 0xf7, 0x00, 0x00, 0x6f, 0xff, 0xff, 0xff, 0xff, 0xff, 0xfc, 0x00, 0x00, 0x00, 0x4d,
    0xff, 0xff, 0xff, 0xff, 0xfb, 0x10, 0x00, 0x00, 0x00, 0x17, 0xcf, 0xff, 0xff, 0xb5, 0x00, 0x00, 0x00, 0x00, 0x00, 0x00,
    0x02, 0x32, 0x00, 0x00, 0x00, 0x00, 0x00, 0x00, 0x00, 0x00, 0x00, 0x00, 0x00, 0x07, 0xbb, 0xb4, 0x00, 0x00, 0x00, 0x00,
    0x00, 0x00, 0x00, 0x00, 0x0a, 0xff, 0xf5, 0x00, 0x00, 0x00, 0x00, 0x00, 0x00, 0x00, 0x00, 0x0a, 0xff, 0xf5, 0x00, 0x00,
    0x00, 0x00, 0x00, 0x00, 0x00, 0x00, 0x0a, 0xff, 0xf5, 0x00, 0x00, 0x00, 0x00, 0x00, 0x00, 0x00, 0x00, 0x0a, 0xff, 0xf5,
    0x00, 0x00, 0x00, 0x00, 0x00, 0x00, 0x00, 0x00, 0x0a, 0xff, 0xf5, 0x00, 0x00, 0x00, 0x00, 0x00, 0x34, 0x31, 0x00, 0x0a,
    0xff, 0xf5, 0x00, 0x00, 0x00, 0x03, 0xaf, 0xff, 0xff, 0xc6, 0x0a, 0xff, 0xf5, 0x00, 0x00, 0x00, 0x8f, 0xff, 0xff, 0xff,
    0xff, 0xbb, 0xff, 0xf5, 0x00, 0x00, 0x09, 0xff, 0xff, 0xff, 0xff, 0xff, 0xff, 0xff, 0xf5, 0x00, 0x00, 0x6f, 0xff, 0xfd,
    0x73, 0x24, 0x9f, 0xff, 0xff, 0xf5, 0x00, 0x01, 0xef, 0xff, 0xc1, 0x00, 0x00, 0x03, 0xef, 0xff, 0xf5, 0x00, 0x05, 0xff,
    0xfe, 0x20, 0x00, 0x00, 0x00, 0x6f, 0xff, 0xf5, 0x00, 0x09, 0xff, 0xf9, 0x00, 0x00, 0x00, 0x00, 0x0f, 0xff, 0xf5, 0x00,
    0x0b, 0xff, 0xf6, 0x00, 0x00, 0x00, 0x00, 0x0f, 0xff, 0xf5, 0x00, 0x0c, 0xff, 0xf4, 0x00, 0x00, 0x00, 0x00, 0x0e, 0xff,
    0xf5, 0x00, 0x0b, 0xff, 0xf6, 0x00, 0x00, 0x00, 0x00, 0x0f, 0xff, 0xf5, 0x00, 0x09, 0xff, 0xf9, 0x00, 0x00, 0x00, 0x00,
    0x0f, 0xff, 0xf5, 0x00, 0x05, 0xff, 0xfe, 0x20, 0x00, 0x00, 0x00, 0x6f, 0xff, 0xf5, 0x00, 0x00, 0xef, 0xff, 0xc2, 0x00,
    0x00, 0x04, 0xff, 0xff, 0xf5, 0x00, 0x00, 0x5f, 0xff, 0xfe, 0x84, 0x35, 0xaf, 0xff, 0xff, 0xf5, 0x00, 0x00, 0x08, 0xff,
    0xff, 0xff, 0xff, 0xff, 0xff, 0xff, 0xf5, 0x00, 0x00, 0x00, 0x7f, 0xff, 0xff, 0xff, 0xff, 0xa8, 0xff, 0xf5, 0x00, 0x00,
    0x00, 0x02, 0x9e, 0xff, 0xff, 0xb5, 0x07, 0xff, 0xf5, 0x00, 0x00, 0x00, 0x00, 0x00, 0x23, 0x20, 0x00, 0x00, 0x00, 0x00,
    0x00, 0x00, 0x00, 0x00, 0x00, 0x34, 0x43, 0x00, 0x00, 0x00, 0x00, 0x00, 0x00, 0x03, 0xae, 0xff, 0xff, 0xea, 0x30, 0x00,
    0x00, 0x00, 0x00, 0x6f, 0xff, 0xff, 0xff, 0xff, 0xf7, 0x00, 0x00, 0x00, 0x08, 0xff, 0xff, 0xff, 0xff, 0xff, 0xff, 0x80,
    0x00, 0x00, 0x5f, 0xff, 0xf9, 0x30, 0x02, 0x9f, 0xff, 0xf4, 0x00, 0x00, 0xef, 0xff, 0x60, 0x00, 0x00, 0x05, 0xff, 0xfd,
    0x00, 0x05, 0xff, 0xfa, 0x00, 0x00, 0x00, 0x00, 0x9f, 0xff, 0x30, 0x09, 0xff, 0xf5, 0x00, 0x00, 0x00, 0x00, 0x4f, 0xff,
    0x70, 0x0b, 0xff, 0xff, 0xee, 0xee, 0xee, 0xee, 0xff, 0xff, 0x90, 0x0c, 0xff, 0xff, 0xff, 0xff, 0xff, 0xff, 0xff, 0xff,
    0xa0, 0x0b, 0xff, 0xfe, 0xbb, 0xbb, 0xbb, 0xbb, 0xbb, 0xbb, 0x70, 0x09, 0xff, 0xf7, 0x00, 0x00, 0x00, 0x00, 0x00, 0x00,
    0x00, 0x04, 0xff, 0xfd, 0x10, 0x00, 0x00, 0x00, 0x00, 0x00, 0x00, 0x00, 0xdf, 0xff, 0xb1, 0x00, 0x00, 0x00, 0x4b, 0x10,
    0x00, 0x00, 0x3f, 0xff, 0xfe, 0x84, 0x33, 0x6b, 0xff, 0xb0, 0x00, 0x00, 0x06, 0xff, 0xff, 0xff, 0xff, 0xff, 0xff, 0xf4,
    0x00, 0x00, 0x00, 0x4d, 0xff, 0xff, 0xff, 0xff, 0xfe, 0x60, 0x00, 0x00, 0x00, 0x01, 0x7c, 0xff, 0xff, 0xfc, 0x81, 0x00,
    0x00, 0x00, 0x00, 0x00, 0x00, 0x02, 0x32, 0x10, 0x00, 0x00, 0x00, 0x00, 0x00, 0x01, 0x7b, 0xde, 0xca, 0x40, 0x00, 0x02,
    0xdf, 0xff, 0xff, 0xfa, 0x00, 0x01, 0xdf, 0xff, 0xff, 0xff, 0x50, 0x00, 0x6f, 0xff, 0xe7, 0x56, 0xb0, 0x00, 0x0a, 0xff,
    0xf6, 0x00, 0x00, 0x00, 0x00, 0xcf, 0xff, 0x20, 0x00, 0x00, 0x00, 0x0d, 0xff, 0xf1, 0x00, 0x00, 0x09, 0xff, 0xff, 0xff,
    0xff, 0xff, 0xb0, 0xaf, 0xff, 0xff, 0xff, 0xff, 0xfb, 0x0a, 0xff, 0xff, 0xff, 0xff, 0xff, 0xb0, 0x24, 0x4f, 0xff, 0xf6,
    0x44, 0x43, 0x00, 0x00, 0xdf, 0xff, 0x20, 0x00, 0x00, 0x00, 0x0d, 0xff, 0xf2, 0x00, 0x00, 0x00, 0x00, 0xdf, 0xff, 0x20,
    0x00, 0x00, 0x00, 0x0d, 0xff, 0xf2, 0x00, 0x00, 0x00, 0x00, 0xdf, 0xff, 0x20, 0x00, 0x00, 0x00, 0x0d, 0xff, 0xf2, 0x00,
    0x00, 0x00, 0x00, 0xdf, 0xff, 0x20, 0x00, 0x00, 0x00, 0x0d, 0xff, 0xf2, 0x00, 0x00, 0x00, 0x00, 0xdf, 0xff, 0x20, 0x00,
    0x00, 0x00, 0x0d, 0xff, 0xf2, 0x00, 0x00, 0x00, 0x00, 0xdf, 0xff, 0x20, 0x00, 0x00, 0x00, 0x0d, 0xff, 0xf2, 0x00, 0x00,
    0x00, 0x00, 0xdf, 0xff, 0x20, 0x00, 0x00, 0x00, 0x00, 0x00, 0x01, 0x34, 0x32, 0x00, 0x00, 0x11, 0x11, 0x00, 0x00, 0x00,
    0x04, 0xbf, 0xff, 0xff, 0xd8, 0x13, 0xff, 0xf9, 0x00, 0x00, 0x01, 0x9f, 0xff, 0xff, 0xff, 0xff, 0xd6, 0xff, 0xf9, 0x00,
    0x00, 0x0b, 0xff, 0xff, 0xff, 0xff, 0xff, 0xff, 0xff, 0xf9, 0x00, 0x00, 0x8f, 0xff, 0xfd, 0x73, 0x23, 0x7d, 0xff, 0xff,
    0xf9, 0x00, 0x02, 0xff, 0xff, 0xa1, 0x00, 0x00, 0x01, 0xbf, 0xff, 0xf9, 0x00, 0x07, 0xff, 0xfd, 0x00, 0x00, 0x00, 0x00,
    0x1f, 0xff, 0xf9, 0x00, 0x0a, 0xff, 0xf7, 0x00, 0x00, 0x00, 0x00, 0x0b, 0xff, 0xf9, 0x00, 0x0c, 0xff, 0xf4, 0x00, 0x00,
    0x00, 0x00, 0x08, 0xff, 0xf9, 0x00, 0x0c, 0xff, 0xf5, 0x00, 0x00, 0x00, 0x00, 0x08, 0xff, 0xf9, 0x00, 0x0a, 0xff, 0xf7,
    0x00, 0x00, 0x00, 0x00, 0x0c, 0xff, 0xf9, 0x00, 0x06, 0xff, 0xfd, 0x10, 0x00, 0x00, 0x00, 0x2f, 0xff, 0xf9, 0x00, 0x01,
    0xff, 0xff, 0xb1, 0x00, 0x00, 0x02, 0xcf, 0xff, 0xf9, 0x00, 0x00, 0x7f, 0xff, 0xfe, 0x84, 0x34, 0x8e, 0xff, 0xff, 0xf9,
    0x00, 0x00, 0x0a, 0xff, 0xff, 0xff, 0xff, 0xff, 0xff, 0xff, 0xf9, 0x00, 0x00, 0x00, 0x8f, 0xff, 0xff, 0xff, 0xff, 0xc8,
    0xff, 0xf9, 0x00, 0x00, 0x00, 0x03, 0xae, 0xff, 0xff, 0xc7, 0x07, 0xff, 0xf8, 0x00, 0x00, 0x00, 0x00, 0x00, 0x23, 0x31,
    0x00, 0x09, 0xff, 0xf7, 0x00, 0x00, 0x00, 0x00, 0x00, 0x00, 0x00, 0x00, 0x0d, 0xff, 0xf3, 0x00, 0x00, 0x07, 0x91, 0x00,
    0x00, 0x00, 0x00, 0x8f, 0xff, 0xe0, 0x00, 0x00, 0x2e, 0xfe, 0x95, 0x10, 0x01, 0x4a, 0xff, 0xff, 0x70, 0x00, 0x00, 0xaf,
    0xff, 0xff, 0xff, 0xff, 0xff, 0xff, 0xfc, 0x10, 0x00, 0x00, 0x4d, 0xff, 0xff, 0xff, 0xff, 0xff, 0xff, 0xb1, 0x00, 0x00,
    0x00, 0x00, 0x5b, 0xef, 0xff, 0xff, 0xff, 0xc5, 0x00, 0x00, 0x00, 0x00, 0x00, 0x00, 0x03, 0x56, 0x65, 0x41, 0x00, 0x00,
    0x00, 0x00, 0x00, 0x4b, 0xbb, 0x70, 0x00, 0x00, 0x00, 0x00, 0x00, 0x00, 0x00, 0x00, 0x6f, 0xff, 0x90, 0x00, 0x00, 0x00,
    0x00, 0x00, 0x00, 0x00, 0x00, 0x6f, 0xff, 0x90, 0x00, 0x00, 0x00, 0x00, 0x00, 0x00, 0x00, 0x00, 0x6f, 0xff, 0x90, 0x00,
    0x00, 0x00, 0x00, 0x00, 0x00, 0x00, 0x00, 0x6f, 0xff, 0x90, 0x00, 0x00, 0x00, 0x00, 0x00, 0x00, 0x00, 0x00, 0x6f, 0xff,
    0x90, 0x00, 0x00, 0x00, 0x00, 0x00, 0x00, 0x00, 0x00, 0x6f, 0xff, 0x90, 0x00, 0x13, 0x43, 0x10, 0x00, 0x00, 0x00, 0x00,
    0x6f, 0xff, 0x90, 0x7c, 0xff, 0xff, 0xea, 0x20, 0x00, 0x00, 0x00, 0x6f, 0xff, 0xbc, 0xff, 0xff, 0xff, 0xff, 0xe5, 0x00,
    0x00, 0x00, 0x6f, 0xff, 0xff, 0xff, 0xff, 0xff, 0xff, 0xff, 0x30, 0x00, 0x00, 0x6f, 0xff, 0xff, 0xe9, 0x54, 0x5b, 0xff,
    0xff, 0xb0, 0x00, 0x00, 0x6f, 0xff, 0xfd, 0x20, 0x00, 0x00, 0x8f, 0xff, 0xf1, 0x00, 0x00, 0x6f, 0xff, 0xf4, 0x00, 0x00,
    0x00, 0x0e, 0xff, 0xf4, 0x00, 0x00, 0x6f, 0xff, 0xd0, 0x00, 0x00, 0x00, 0x0a, 0xff, 0xf6, 0x00, 0x00, 0x6f, 0xff, 0xb0,
    0x00, 0x00, 0x00, 0x08, 0xff, 0xf7, 0x00, 0x00, 0x6f, 0xff, 0x90, 0x00, 0x00, 0x00, 0x08, 0xff, 0xf7, 0x00, 0x00, 0x6f,
    0xff, 0x90, 0x00, 0x00, 0x00, 0x08, 0xff, 0xf7, 0x00, 0x00, 0x6f, 0xff, 0x90, 0x00, 0x00, 0x00, 0x08, 0xff, 0xf7, 0x00,
    0x00, 0x6f, 0xff, 0x90, 0x00, 0x00, 0x00, 0x08, 0xff, 0xf7, 0x00, 0x00, 0x6f, 0xff, 0x90, 0x00, 0x00, 0x00, 0x08, 0xff,
    0xf7, 0x00, 0x00, 0x6f, 0xff, 0x90, 0x00, 0x00, 0x00, 0x08, 0xff, 0xf7, 0x00, 0x00, 0x6f, 0xff, 0x90, 0x00, 0x00, 0x00,
    0x08, 0xff, 0xf7, 0x00, 0x00, 0x6f, 0xff, 0x90, 0x00, 0x00, 0x00, 0x08, 0xff, 0xf7, 0x00, 0x00, 0x6f, 0xff, 0x90, 0x00,
    0x00, 0x00, 0x08, 0xff, 0xf7, 0x00, 0x00, 0x07, 0xa8, 0x10, 0x00, 0x09, 0xff, 0xfc, 0x00, 0x00, 0xef, 0xff, 0xf2, 0x00,
    0x0c, 0xff, 0xfe, 0x00, 0x00, 0x3c, 0xfd, 0x40, 0x00, 0x00, 0x01, 0x00, 0x00, 0x00, 0x00, 0x00, 0x00, 0x00, 0x01, 0x11,
    0x11, 0x00, 0x00, 0x6f, 0xff, 0x90, 0x00, 0x06, 0xff, 0xf9, 0x00, 0x00, 0x6f, 0xff, 0x90, 0x00, 0x06, 0xff, 0xf9, 0x00,
    0x00, 0x6f, 0xff, 0x90, 0x00, 0x06, 0xff, 0xf9, 0x00, 0x00, 0x6f, 0xff, 0x90, 0x00, 0x06, 0xff, 0xf9, 0x00, 0x00, 0x6f,
    0xff, 0x90, 0x00, 0x06, 0xff, 0xf9, 0x00, 0x00, 0x6f, 0xff, 0x90, 0x00, 0x06, 0xff, 0xf9, 0x00, 0x00, 0x6f, 0xff, 0x90,
    0x00, 0x06, 0xff, 0xf9, 0x00, 0x00, 0x6f, 0xff, 0x90, 0x00, 0x06, 0xff, 0xf9, 0x00, 0x00, 0x6f, 0xff, 0x90, 0x00, 0x00,
    0x00, 0x00, 0x7a, 0x81, 0x00, 0x00, 0x00, 0x09, 0xff, 0xfc, 0x00, 0x00, 0x00, 0x0e, 0xff, 0xff, 0x20, 0x00, 0x00, 0x0c,
    0xff, 0xfe, 0x00, 0x00, 0x00, 0x03, 0xcf, 0xd4, 0x00, 0x00, 0x00, 0x00, 0x01, 0x00, 0x00, 0x00, 0x00, 0x00, 0x00, 0x00,
    0x00, 0x00, 0x00, 0x00, 0x11, 0x11, 0x00, 0x00, 0x00, 0x03, 0xff, 0xfc, 0x00, 0x00, 0x00, 0x03, 0xff, 0xfc, 0x00, 0x00,
    0x00, 0x03, 0xff, 0xfc, 0x00, 0x00, 0x00, 0x03, 0xff, 0xfc, 0x00, 0x00, 0x00, 0x03, 0xff, 0xfc, 0x00, 0x00, 0x00, 0x03,
    0xff, 0xfc, 0x00, 0x00, 0x00, 0x03, 0xff, 0xfc, 0x00, 0x00, 0x00, 0x03, 0xff, 0xfc, 0x00, 0x00, 0x00, 0x03, 0xff, 0xfc,
    0x00, 0x00, 0x00, 0x03, 0xff, 0xfc, 0x00, 0x00, 0x00, 0x03, 0xff, 0xfc, 0x00, 0x00, 0x00, 0x03, 0xff, 0xfc, 0x00, 0x00,
    0x00, 0x03, 0xff, 0xfc, 0x00, 0x00, 0x00, 0x03, 0xff, 0xfc, 0x00, 0x00, 0x00, 0x03, 0xff, 0xfc, 0x00, 0x00, 0x00, 0x03,
    0xff, 0xfc, 0x00, 0x00, 0x00, 0x03, 0xff, 0xfc, 0x00, 0x00, 0x00, 0x03, 0xff, 0xfc, 0x00, 0x00, 0x00, 0x06, 0xff, 0xfb,
    0x00, 0x05, 0x00, 0x2d, 0xff, 0xf7, 0x00, 0x3f, 0xfd, 0xff, 0xff, 0xf2, 0x00, 0x9f, 0xff, 0xff, 0xff, 0x70, 0x00, 0xaf,
    0xff, 0xff, 0xe6, 0x00, 0x00, 0x02, 0x46, 0x64, 0x00, 0x00, 0x00, 0x00, 0x4b, 0xbb, 0x70, 0x00, 0x00, 0x00, 0x00, 0x00,
    0x00, 0x00, 0x06, 0xff, 0xf9, 0x00, 0x00, 0x00, 0x00, 0x00, 0x00, 0x00, 0x00, 0x6f, 0xff, 0x90, 0x00, 0x00, 0x00, 0x00,
    0x00, 0x00, 0x00, 0x06, 0xff, 0xf9, 0x00, 0x00, 0x00, 0x00, 0x00, 0x00, 0x00, 0x00, 0x6f, 0xff, 0x90, 0x00, 0x00, 0x00,
    0x00, 0x00, 0x00, 0x00, 0x06, 0xff, 0xf9, 0x00, 0x00, 0x00, 0x00, 0x00, 0x00, 0x00, 0x00, 0x6f, 0xff, 0x90, 0x00, 0x00,
    0x00, 0x01, 0x11, 0x11, 0x00, 0x06, 0xff, 0xf9, 0x00, 0x00, 0x00, 0x0a, 0xff, 0xfe, 0x30, 0x00, 0x6f, 0xff, 0x90, 0x00,
    0x00, 0x1b, 0xff, 0xfe, 0x30, 0x00, 0x06, 0xff, 0xf9, 0x00, 0x00, 0x1c, 0xff, 0xfe, 0x30, 0x00, 0x00, 0x6f, 0xff, 0x90,
    0x00, 0x2d, 0xff, 0xfe, 0x30, 0x00, 0x00, 0x06, 0xff, 0xf9, 0x00, 0x2d, 0xff, 0xfe, 0x30, 0x00, 0x00, 0x00, 0x6f, 0xff,
    0x90, 0x3e, 0xff, 0xfe, 0x30, 0x00, 0x00, 0x00, 0x06, 0xff, 0xf9, 0x4e, 0xff, 0xff, 0x30, 0x00, 0x00, 0x00, 0x00, 0x6f,
    0xff, 0xef, 0xff, 0xff, 0xf1, 0x00, 0x00, 0x00, 0x00, 0x06, 0xff, 0xff, 0xff, 0xff, 0xff, 0xa0, 0x00, 0x00, 0x00, 0x00,
    0x6f, 0xff, 0xff, 0xff, 0xff, 0xff, 0x70, 0x00, 0x00, 0x00, 0x06, 0xff, 0xff, 0xfa, 0x1b, 0xff, 0xff, 0x40, 0x00, 0x00,
    0x00, 0x6f, 0xff, 0xfa, 0x00, 0x1d, 0xff, 0xfe, 0x20, 0x00, 0x00, 0x06, 0xff, 0xff, 0x00, 0x00, 0x3e, 0xff, 0xfc, 0x10,
    0x00, 0x00, 0x6f, 0xff, 0x90, 0x00, 0x00, 0x5f, 0xff, 0xf9, 0x00, 0x00, 0x06, 0xff, 0xf9, 0x00, 0x00, 0x00, 0x8f, 0xff,
    0xf6, 0x00, 0x00, 0x6f, 0xff, 0x90, 0x00, 0x00, 0x00, 0xaf, 0xff, 0xf3, 0x00, 0x06, 0xff, 0xf9, 0x00, 0x00, 0x00, 0x01,
    0xdf, 0xff, 0xe1, 0x00, 0x4b, 0xbb, 0x70, 0x00, 0x06, 0xff, 0xf9, 0x00, 0x00, 0x6f, 0xff, 0x90, 0x00, 0x06, 0xff, 0xf9,
    0x00, 0x00, 0x6f, 0xff, 0x90, 0x00, 0x06, 0xff, 0xf9, 0x00, 0x00, 0x6f, 0xff, 0x90, 0x00, 0x06, 0xff, 0xf9, 0x00, 0x00,
    0x6f, 0xff, 0x90, 0x00, 0x06, 0xff, 0xf9, 0x00, 0x00, 0x6f, 0xff, 0x90, 0x00, 0x06, 0xff, 0xf9, 0x00, 0x00, 0x6f, 0xff,
    0x90, 0x00, 0x06, 0xff, 0xf9, 0x00, 0x00, 0x6f, 0xff, 0x90, 0x00, 0x06, 0xff, 0xf9, 0x00, 0x00, 0x6f, 0xff, 0x90, 0x00,
    0x06, 0xff, 0xf9, 0x00, 0x00, 0x6f, 0xff, 0x90, 0x00, 0x06, 0xff, 0xf9, 0x00, 0x00, 0x6f, 0xff, 0x90, 0x00, 0x06, 0xff,
    0xf9, 0x00, 0x00, 0x6f, 0xff, 0x90, 0x00, 0x06, 0xff, 0xf9, 0x00, 0x00, 0x11, 0x11, 0x10, 0x00, 0x24, 0x42, 0x00, 0x00,
    0x00, 0x00, 0x24, 0x42, 0x00, 0x00, 0x00, 0x00, 0x00, 0x6f, 0xff, 0x70, 0x7d, 0xff, 0xff, 0xe7, 0x10, 0x01, 0x8d, 0xff,
    0xff, 0xe9, 0x10, 0x00, 0x00, 0x00, 0x6f, 0xff, 0x9c, 0xff, 0xff, 0xff, 0xff, 0xc1, 0x3d, 0xff, 0xff, 0xff, 0xff, 0xe3,
    0x00, 0x00, 0x00, 0x6f, 0xff, 0xff, 0xff, 0xff, 0xff, 0xff, 0xfd, 0xef, 0xff, 0xff, 0xff, 0xff, 0xfd, 0x10, 0x00, 0x00,
    0x6f, 0xff, 0xff, 0xe8, 0x44, 0x7d, 0xff, 0xff, 0xff, 0xf9, 0x54, 0x6c, 0xff, 0xff, 0x80, 0x00, 0x00, 0x6f, 0xff, 0xfc,
    0x10, 0x00, 0x01, 0xef, 0xff, 0xff, 0x40, 0x00, 0x00, 0xbf, 0xff, 0xd0, 0x00, 0x00, 0x6f, 0xff, 0xf3, 0x00, 0x00, 0x00,
    0x7f, 0xff, 0xf8, 0x00, 0x00, 0x00, 0x2f, 0xff, 0xf1, 0x00, 0x00, 0x6f, 0xff, 0xd0, 0x00, 0x00, 0x00, 0x3f, 0xff, 0xf2,
    0x00, 0x00, 0x00, 0x0d, 0xff, 0xf2, 0x00, 0x00, 0x6f, 0xff, 0xa0, 0x00, 0x00, 0x00, 0x1f, 0xff, 0xf0, 0x00, 0x00, 0x00,
    0x0c, 0xff, 0xf3, 0x00, 0x00, 0x6f, 0xff, 0x90, 0x00, 0x00, 0x00, 0x1f, 0xff, 0xe0, 0x00, 0x00, 0x00, 0x0c, 0xff, 0xf3,
    0x00, 0x00, 0x6f, 0xff, 0x90, 0x00, 0x00, 0x00, 0x1f, 0xff, 0xe0, 0x00, 0x00, 0x00, 0x0c, 0xff, 0xf3, 0x00, 0x00, 0x6f,
    0xff, 0x90, 0x00, 0x00, 0x00, 0x1f, 0xff, 0xe0, 0x00, 0x00, 0x00, 0x0c, 0xff, 0xf3, 0x00, 0x00, 0x6f, 0xff, 0x90, 0x00,
    0x00, 0x00, 0x1f, 0xff, 0xe0, 0x00, 0x00, 0x00, 0x0c, 0xff, 0xf3, 0x00, 0x00, 0x6f, 0xff, 0x90, 0x00, 0x00, 0x00, 0x1f,
    0xff, 0xe0, 0x00, 0x00, 0x00, 0x0c, 0xff, 0xf3, 0x00, 0x00, 0x6f, 0xff, 0x90, 0x00, 0x00, 0x00, 0x1f, 0xff, 0xe0, 0x00,
    0x00, 0x00, 0x0c, 0xff, 0xf3, 0x00, 0x00, 0x6f, 0xff, 0x90, 0x00, 0x00, 0x00, 0x1f, 0xff, 0xe0, 0x00, 0x00, 0x00, 0x0c,
    0xff, 0xf3, 0x00, 0x00, 0x6f, 0xff, 0x90, 0x00, 0x00, 0x00, 0x1f, 0xff, 0xe0, 0x00, 0x00, 0x00, 0x0c, 0xff, 0xf3, 0x00,
    0x00, 0x6f, 0xff, 0x90, 0x00, 0x00, 0x00, 0x1f, 0xff, 0xe0, 0x00, 0x00, 0x00, 0x0c, 0xff, 0xf3, 0x00, 0x00, 0x11, 0x11,
    0x10, 0x00, 0x13, 0x43, 0x10, 0x00, 0x00, 0x00, 0x00, 0x6f, 0xff, 0x70, 0x7c, 0xff, 0xff, 0xea, 0x20, 0x00, 0x00, 0x00,
    0x6f, 0xff, 0x8c, 0xff, 0xff, 0xff, 0xff, 0xe5, 0x00, 0x00, 0x00, 0x6f, 0xff, 0xff, 0xff, 0xff, 0xff, 0xff, 0xff, 0x30,
    0x00, 0x00, 0x6f, 0xff, 0xff, 0xe9, 0x54, 0x5b, 0xff, 0xff, 0xb0, 0x00, 0x00, 0x6f, 0xff, 0xfd, 0x20, 0x00, 0x00, 0x8f,
    0xff, 0xf1, 0x00, 0x00, 0x6f, 0xff, 0xf4, 0x00, 0x00, 0x00, 0x0e, 0xff, 0xf4, 0x00, 0x00, 0x6f, 0xff, 0xd0, 0x00, 0x00,
    0x00, 0x0a, 0xff, 0xf6, 0x00, 0x00, 0x6f, 0xff, 0xb0, 0x00, 0x00, 0x00, 0x08, 0xff, 0xf7, 0x00, 0x00, 0x6f, 0xff, 0x90,
    0x00, 0x00, 0x00, 0x08, 0xff, 0xf7, 0x00, 0x00, 0x6f, 0xff, 0x90, 0x00, 0x00, 0x00, 0x08, 0xff, 0xf7, 0x00, 0x00, 0x6f,
    0xff, 0x90, 0x00, 0x00, 0x00, 0x08, 0xff, 0xf7, 0x00, 0x00, 0x6f, 0xff, 0x90, 0x00, 0x00, 0x00, 0x08, 0xff, 0xf7, 0x00,
    0x00, 0x6f, 0xff, 0x90, 0x00, 0x00, 0x00, 0x08, 0xff, 0xf7, 0x00, 0x00, 0x6f, 0xff, 0x90, 0x00, 0x00, 0x00, 0x08, 0xff,
    0xf7, 0x00, 0x00, 0x6f, 0xff, 0x90, 0x00, 0x00, 0x00, 0x08, 0xff, 0xf7, 0x00, 0x00, 0x6f, 0xff, 0x90, 0x00, 0x00, 0x00,
    0x08, 0xff, 0xf7, 0x00, 0x00, 0x6f, 0xff, 0x90, 0x00, 0x00, 0x00, 0x08, 0xff, 0xf7, 0x00, 0x00, 0x00, 0x00, 0x00, 0x24,
    0x43, 0x10, 0x00, 0x00, 0x00, 0x00, 0x00, 0x00, 0x29, 0xef, 0xff, 0xff, 0xc6, 0x00, 0x00, 0x00, 0x00, 0x00, 0x5e, 0xff,
    0xff, 0xff, 0xff, 0xfc, 0x20, 0x00, 0x00, 0x00, 0x7f, 0xff, 0xff, 0xff, 0xff, 0xff, 0xfe, 0x30, 0x00, 0x00, 0x4f, 0xff,
    0xfd, 0x73, 0x24, 0x9f, 0xff, 0xfd, 0x10, 0x00, 0x0d, 0xff, 0xfb, 0x10, 0x00, 0x00, 0x3e, 0xff, 0xf8, 0x00, 0x05, 0xff,
    0xfe, 0x10, 0x00, 0x00, 0x00, 0x6f, 0xff, 0xe0, 0x00, 0x9f, 0xff, 0x80, 0x00, 0x00, 0x00, 0x00, 0xef, 0xff, 0x30, 0x0b,
    0xff, 0xf5, 0x00, 0x00, 0x00, 0x00, 0x0b, 0xff, 0xf6, 0x00, 0xcf, 0xff, 0x40, 0x00, 0x00, 0x00, 0x00, 0xaf, 0xff, 0x60,
    0x0b, 0xff, 0xf5, 0x00, 0x00, 0x00, 0x00, 0x0b, 0xff, 0xf6, 0x00, 0x8f, 0xff, 0x90, 0x00, 0x00, 0x00, 0x00, 0xef, 0xff,
    0x30, 0x04, 0xff, 0xfe, 0x20, 0x00, 0x00, 0x00, 0x6f, 0xff, 0xe0, 0x00, 0x0d, 0xff, 0xfc, 0x10, 0x00, 0x00, 0x4f, 0xff,
    0xf8, 0x00, 0x00, 0x3f, 0xff, 0xfe, 0x84, 0x35, 0xaf, 0xff, 0xfc, 0x10, 0x00, 0x00, 0x6f, 0xff, 0xff, 0xff, 0xff, 0xff,
    0xfe, 0x20, 0x00, 0x00, 0x00, 0x4e, 0xff, 0xff, 0xff, 0xff, 0xfb, 0x10, 0x00, 0x00, 0x00, 0x00, 0x17, 0xcf, 0xff, 0xfe,
    0xb5, 0x00, 0x00, 0x00, 0x00, 0x00, 0x00, 0x00, 0x12, 0x32, 0x00, 0x00, 0x00, 0x00, 0x00, 0x00, 0x11, 0x11, 0x10, 0x00,
    0x23, 0x43, 0x00, 0x00, 0x00, 0x00, 0x00, 0x6f, 0xff, 0x70, 0x7d, 0xff, 0xff, 0xfa, 0x30, 0x00, 0x00, 0x00, 0x6f, 0xff,
    0x8b, 0xff, 0xff, 0xff, 0xff, 0xf7, 0x00, 0x00, 0x00, 0x6f, 0xff, 0xff, 0xff, 0xff, 0xff, 0xff, 0xff, 0x90, 0x00, 0x00,
    0x6f, 0xff, 0xff, 0xf9, 0x42, 0x37, 0xef, 0xff, 0xf5, 0x00, 0x00, 0x6f, 0xff, 0xfe, 0x30, 0x00, 0x00, 0x1c, 0xff, 0xfe,
    0x00, 0x00, 0x6f, 0xff, 0xf5, 0x00, 0x00, 0x00, 0x02, 0xef, 0xff, 0x50, 0x00, 0x6f, 0xff, 0xf0, 0x00, 0x00, 0x00, 0x00,
    0x9f, 0xff, 0x80, 0x00, 0x6f, 0xff, 0xf0, 0x00, 0x00, 0x00, 0x00, 0x6f, 0xff, 0xa0, 0x00, 0x6f, 0xff, 0xe0, 0x00, 0x00,
    0x00, 0x00, 0x5f, 0xff, 0xb0, 0x00, 0x6f, 0xff, 0xf0, 0x00, 0x00, 0x00, 0x00, 0x6f, 0xff, 0xa0, 0x00, 0x6f, 0xff, 0xf0,
    0x00, 0x00, 0x00, 0x00, 0xaf, 0xff, 0x80, 0x00, 0x6f, 0xff, 0xf6, 0x00, 0x00, 0x00, 0x02, 0xff, 0xff, 0x40, 0x00, 0x6f,
    0xff, 0xfe, 0x40, 0x00, 0x00, 0x2d, 0xff, 0xfd, 0x00, 0x00, 0x6f, 0xff, 0xff, 0xfa, 0x53, 0x48, 0xef, 0xff, 0xf5, 0x00,
    0x00, 0x6f, 0xff, 0xff, 0xff, 0xff, 0xff, 0xff, 0xff, 0x80, 0x00, 0x00, 0x6f, 0xff, 0xaa, 0xff, 0xff, 0xff, 0xff, 0xf6,
    0x00, 0x00, 0x00, 0x6f, 0xff, 0x90, 0x5b, 0xff, 0xff, 0xe9, 0x20, 0x00, 0x00, 0x00, 0x6f, 0xff, 0x90, 0x00, 0x02, 0x31,
    0x00, 0x00, 0x00, 0x00, 0x00, 0x6f, 0xff, 0x90, 0x00, 0x00, 0x00, 0x00, 0x00, 0x00, 0x00, 0x00, 0x6f, 0xff, 0x90, 0x00,
    0x00, 0x00, 0x00, 0x00, 0x00, 0x00, 0x00, 0x6f, 0xff, 0x90, 0x00, 0x00, 0x00, 0x00, 0x00, 0x00, 0x00, 0x00, 0x6f, 0xff,
    0x90, 0x00, 0x00, 0x00, 0x00, 0x00, 0x00, 0x00, 0x00, 0x6f, 0xff, 0x90, 0x00, 0x00, 0x00, 0x00, 0x00, 0x00, 0x00, 0x00,
    0x13, 0x33, 0x20, 0x00, 0x00, 0x00, 0x00, 0x00, 0x00, 0x00, 0x00, 0x00, 0x00, 0x00, 0x34, 0x32, 0x00, 0x01, 0x11, 0x10,
    0x00, 0x00, 0x00, 0x03, 0xaf, 0xff, 0xff, 0xc6, 0x07, 0xff, 0xf5, 0x00, 0x00, 0x00, 0x8f, 0xff, 0xff, 0xff, 0xff, 0xb8,
    0xff, 0xf5, 0x00, 0x00, 0x09, 0xff, 0xff, 0xff, 0xff, 0xff, 0xff, 0xff, 0xf5, 0x00, 0x00, 0x6f, 0xff, 0xfd, 0x73, 0x24,
    0x9f, 0xff, 0xff, 0xf5, 0x00, 0x01, 0xef, 0xff, 0xb1, 0x00, 0x00, 0x04, 0xef, 0xff, 0xf5, 0x00, 0x05, 0xff, 0xfe, 0x10,
    0x00, 0x00, 0x00, 0x6f, 0xff, 0xf5, 0x00, 0x09, 0xff, 0xf8, 0x00, 0x00, 0x00, 0x00, 0x0f, 0xff, 0xf5, 0x00, 0x0b, 0xff,
    0xf5, 0x00, 0x00, 0x00, 0x00, 0x0f, 0xff, 0xf5, 0x00, 0x0c, 0xff, 0xf4, 0x00, 0x00, 0x00, 0x00, 0x0f, 0xff, 0xf5, 0x00,
    0x0b, 0xff, 0xf5, 0x00, 0x00, 0x00, 0x00, 0x0f, 0xff, 0xf5, 0x00, 0x09, 0xff, 0xf9, 0x00, 0x00, 0x00, 0x00, 0x1f, 0xff,
    0xf5, 0x00, 0x05, 0xff, 0xfe, 0x20, 0x00, 0x00, 0x00, 0x7f, 0xff, 0xf5, 0x00, 0x01, 0xef, 0xff, 0xc1, 0x00, 0x00, 0x04,
    0xff, 0xff, 0xf5, 0x00, 0x00, 0x5f, 0xff, 0xfe, 0x84, 0x35, 0xaf, 0xff, 0xff, 0xf5, 0x00, 0x00, 0x09, 0xff, 0xff, 0xff,
    0xff, 0xff, 0xff, 0xff, 0xf5, 0x00, 0x00, 0x00, 0x7f, 0xff, 0xff, 0xff, 0xff, 0x9b, 0xff, 0xf5, 0x00, 0x00, 0x00, 0x02,
    0x9e, 0xff, 0xff, 0xb5, 0x0a, 0xff, 0xf5, 0x00, 0x00, 0x00, 0x00, 0x00, 0x23, 0x20, 0x00, 0x0a, 0xff, 0xf5, 0x00, 0x00,
    0x00, 0x00, 0x00, 0x00, 0x00, 0x00, 0x0a, 0xff, 0xf5, 0x00, 0x00, 0x00, 0x00, 0x00, 0x00, 0x00, 0x00, 0x0a, 0xff, 0xf5,
    0x00, 0x00, 0x00, 0x00, 0x00, 0x00, 0x00, 0x00, 0x0a, 0xff, 0xf5, 0x00, 0x00, 0x00, 0x00, 0x00, 0x00, 0x00, 0x00, 0x0a,
    0xff, 0xf5, 0x00, 0x00, 0x00, 0x00, 0x00, 0x00, 0x00, 0x00, 0x0a, 0xff, 0xf5, 0x00, 0x00, 0x00, 0x00, 0x00, 0x00, 0x00,
    0x00, 0x02, 0x33, 0x31, 0x00, 0x00, 0x11, 0x11, 0x10, 0x00, 0x13, 0x20, 0x06, 0xff, 0xf7, 0x06, 0xcf, 0xf8, 0x00, 0x6f,
    0xff, 0x7a, 0xff, 0xff, 0x80, 0x06, 0xff, 0xff, 0xff, 0xff, 0xf8, 0x00, 0x6f, 0xff, 0xff, 0xfc, 0x87, 0x40, 0x06, 0xff,
    0xff, 0xf5, 0x00, 0x00, 0x00, 0x6f, 0xff, 0xf6, 0x00, 0x00, 0x00, 0x06, 0xff, 0xfe, 0x00, 0x00, 0x00, 0x00, 0x6f, 0xff,
    0xb0, 0x00, 0x00, 0x00, 0x06, 0xff, 0xfa, 0x00, 0x00, 0x00, 0x00, 0x6f, 0xff, 0x90, 0x00, 0x00, 0x00, 0x06, 0xff, 0xf9,
    0x00, 0x00, 0x00, 0x00, 0x6f, 0xff, 0x90, 0x00, 0x00, 0x00, 0x06, 0xff, 0xf9, 0x00, 0x00, 0x00, 0x00, 0x6f, 0xff, 0x90,
    0x00, 0x00, 0x00, 0x06, 0xff, 0xf9, 0x00, 0x00, 0x00, 0x00, 0x6f, 0xff, 0x90, 0x00, 0x00, 0x00, 0x06, 0xff, 0xf9, 0x00,
    0x00, 0x00, 0x00, 0x00, 0x00, 0x13, 0x44, 0x30, 0x00, 0x00, 0x00, 0x01, 0x8d, 0xff, 0xff, 0xff, 0xc8, 0x20, 0x00, 0x3e,
    0xff, 0xff, 0xff, 0xff, 0xff, 0xd0, 0x01, 0xef, 0xff, 0xff, 0xff, 0xff, 0xff, 0x70, 0x08, 0xff, 0xfd, 0x51, 0x00, 0x25,
    0xbe, 0x10, 0x0b, 0xff, 0xf3, 0x00, 0x00, 0x00, 0x01, 0x00, 0x0c, 0xff, 0xf4, 0x00, 0x00, 0x00, 0x00, 0x00, 0x09, 0xff,
    0xfe, 0x95, 0x20, 0x00, 0x00, 0x00, 0x03, 0xff, 0xff, 0xff, 0xfe, 0xb8, 0x30, 0x00, 0x00, 0x4e, 0xff, 0xff, 0xff, 0xff,
    0xfc, 0x20, 0x00, 0x00, 0x5a, 0xdf, 0xff, 0xff, 0xff, 0xd1, 0x00, 0x00, 0x00, 0x01, 0x46, 0xbf, 0xff, 0xf6, 0x00, 0x00,
    0x00, 0x00, 0x00, 0x07, 0xff, 0xf9, 0x00, 0x81, 0x00, 0x00, 0x00, 0x06, 0xff, 0xf8, 0x06, 0xff, 0xa6, 0x31, 0x12, 0x6e,
    0xff, 0xf5, 0x0d, 0xff, 0xff, 0xff, 0xff, 0xff, 0xff, 0xc0, 0x2b, 0xff, 0xff, 0xff, 0xff, 0xff, 0xfc, 0x10, 0x00, 0x38,
    0xcf, 0xff, 0xff, 0xeb, 0x50, 0x00, 0x00, 0x00, 0x00, 0x23, 0x21, 0x00, 0x00, 0x00, 0x00, 0x0b, 0xdd, 0xd2, 0x00, 0x00,
    0x00, 0x00, 0x0d, 0xff, 0xf2, 0x00, 0x00, 0x00, 0x00, 0x0d, 0xff, 0xf2, 0x00, 0x00, 0x00, 0x11, 0x1e, 0xff, 0xf4, 0x11,
    0x11, 0x00, 0xaf, 0xff, 0xff, 0xff, 0xff, 0xfb, 0x00, 0xaf, 0xff, 0xff, 0xff, 0xff, 0xfb, 0x00, 0xaf, 0xff, 0xff, 0xff,
    0xff, 0xfb, 0x00, 0x12, 0x2e, 0xff, 0xf4, 0x22, 0x21, 0x00, 0x00, 0x0d, 0xff, 0xf2, 0x00, 0x00, 0x00, 0x00, 0x0d, 0xff,
    0xf2, 0x00, 0x00, 0x00, 0x00, 0x0d, 0xff, 0xf2, 0x00, 0x00, 0x00, 0x00, 0x0d, 0xff, 0xf2, 0x00, 0x00, 0x00, 0x00, 0x0d,
    0xff, 0xf2, 0x00, 0x00, 0x00, 0x00, 0x0d, 0xff, 0xf2, 0x00, 0x00, 0x00, 0x00, 0x0d, 0xff, 0xf2, 0x00, 0x00, 0x00, 0x00,
    0x0d, 0xff, 0xf3, 0x00, 0x00, 0x00, 0x00, 0x0c, 0xff, 0xf6, 0x00, 0x00, 0x00, 0x00, 0x09, 0xff, 0xfe, 0x51, 0x38, 0x00,
    0x00, 0x03, 0xff, 0xff, 0xff, 0xff, 0x40, 0x00, 0x00, 0x8f, 0xff, 0xff, 0xff, 0xa0, 0x00, 0x00, 0x05, 0xcf, 0xff, 0xfc,
    0x50, 0x00, 0x00, 0x00, 0x01, 0x33, 0x10, 0x00, 0x00, 0x11, 0x11, 0x10, 0x00, 0x00, 0x00, 0x01, 0x11, 0x10, 0x00, 0x00,
    0x8f, 0xff, 0x70, 0x00, 0x00, 0x00, 0x0c, 0xff, 0xf3, 0x00, 0x00, 0x8f, 0xff, 0x70, 0x00, 0x00, 0x00, 0x0c, 0xff, 0xf3,
    0x00, 0x00, 0x8f, 0xff, 0x70, 0x00, 0x00, 0x00, 0x0c, 0xff, 0xf3, 0x00, 0x00, 0x8f, 0xff, 0x70, 0x00, 0x00, 0x00, 0x0c,
    0xff, 0xf3, 0x00, 0x00, 0x8f, 0xff, 0x70, 0x00, 0x00, 0x00, 0x0c, 0xff, 0xf3, 0x00, 0x00, 0x8f, 0xff, 0x70, 0x00, 0x00,
    0x00, 0x0c, 0xff, 0xf3, 0x00, 0x00, 0x8f, 0xff, 0x70, 0x00, 0x00, 0x00, 0x0c, 0xff, 0xf3, 0x00, 0x00, 0x8f, 0xff, 0x70,
    0x00, 0x00, 0x00, 0x0c, 0xff, 0xf3, 0x00, 0x00, 0x8f, 0xff, 0x70, 0x00, 0x00, 0x00, 0x0d, 0xff, 0xf3, 0x00, 0x00, 0x8f,
    0xff, 0x80, 0x00, 0x00, 0x00, 0x0e, 0xff, 0xf3, 0x00, 0x00, 0x7f, 0xff, 0x90, 0x00, 0x00, 0x00, 0x2f, 0xff, 0xf3, 0x00,
    0x00, 0x5f, 0xff, 0xd0, 0x00, 0x00, 0x00, 0x8f, 0xff, 0xf3, 0x00, 0x00, 0x2f, 0xff, 0xf8, 0x00, 0x00, 0x05, 0xff, 0xff,
    0xf3, 0x00, 0x00, 0x0b, 0xff, 0xff, 0xb6, 0x56, 0xbf, 0xff, 0xff, 0xf3, 0x00, 0x00, 0x03, 0xff, 0xff, 0xff, 0xff, 0xff,
    0xff, 0xff, 0xf3, 0x00, 0x00, 0x00, 0x5e, 0xff, 0xff, 0xff, 0xff, 0x9a, 0xff, 0xf3, 0x00, 0x00, 0x00, 0x02, 0x9d, 0xff,
    0xff, 0xb4, 0x0a, 0xff, 0xf3, 0x00, 0x00, 0x00, 0x00, 0x00, 0x12, 0x20, 0x00, 0x00, 0x00, 0x00, 0x00, 0x01, 0x11, 0x10,
    0x00, 0x00, 0x00, 0x00, 0x00, 0x11, 0x11, 0x0d, 0xff, 0xf3, 0x00, 0x00, 0x00, 0x00, 0x07, 0xff, 0xf6, 0x07, 0xff, 0xfa,
    0x00, 0x00, 0x00, 0x00, 0x0e, 0xff, 0xe0, 0x01, 0xef, 0xff, 0x10, 0x00, 0x00, 0x00, 0x5f, 0xff, 0x80, 0x00, 0x9f, 0xff,
    0x70, 0x00, 0x00, 0x00, 0xcf, 0xff, 0x20, 0x00, 0x3f, 0xff, 0xd0, 0x00, 0x00, 0x03, 0xff, 0xfa, 0x00, 0x00, 0x0b, 0xff,
    0xf5, 0x00, 0x00, 0x0a, 0xff, 0xf4, 0x00, 0x00, 0x05, 0xff, 0xfb, 0x00, 0x00, 0x1f, 0xff, 0xc0, 0x00, 0x00, 0x00, 0xdf,
    0xff, 0x30, 0x00, 0x8f, 0xff, 0x60, 0x00, 0x00, 0x00, 0x7f, 0xff, 0x90, 0x00, 0xef, 0xfe, 0x00, 0x00, 0x00, 0x00, 0x1e,
    0xff, 0xe1, 0x06, 0xff, 0xf8, 0x00, 0x00, 0x00, 0x00, 0x09, 0xff, 0xf6, 0x0c, 0xff, 0xf2, 0x00, 0x00, 0x00, 0x00, 0x03,
    0xff, 0xfd, 0x4f, 0xff, 0xa0, 0x00, 0x00, 0x00, 0x00, 0x00, 0xbf, 0xff, 0xef, 0xff, 0x30, 0x00, 0x00, 0x00, 0x00, 0x00,
    0x5f, 0xff, 0xff, 0xfc, 0x00, 0x00, 0x00, 0x00, 0x00, 0x00, 0x0d, 0xff, 0xff, 0xf6, 0x00, 0x00, 0x00, 0x00, 0x00, 0x00,
    0x07, 0xff, 0xff, 0xe0, 0x00, 0x00, 0x00, 0x00, 0x00, 0x00, 0x01, 0xff, 0xff, 0x80, 0x00, 0x00, 0x00, 0x11, 0x11, 0x00,
    0x00, 0x00, 0x00, 0x01, 0x11, 0x10, 0x00, 0x00, 0x00, 0x00, 0x11, 0x10, 0xaf, 0xff, 0x20, 0x00, 0x00, 0x00, 0x2f, 0xff,
    0xa0, 0x00, 0x00, 0x00, 0x07, 0xff, 0xf1, 0x5f, 0xff, 0x70, 0x00, 0x00, 0x00, 0x7f, 0xff, 0xf1, 0x00, 0x00, 0x00, 0x0d,
    0xff, 0xa0, 0x0e, 0xff, 0xc0, 0x00, 0x00, 0x00, 0xdf, 0xff, 0xf6, 0x00, 0x00, 0x00, 0x3f, 0xff, 0x50, 0x09, 0xff, 0xf3,
    0x00, 0x00, 0x03, 0xff, 0xff, 0xfc, 0x00, 0x00, 0x00, 0x9f, 0xfe, 0x00, 0x03, 0xff, 0xf8, 0x00, 0x00, 0x09, 0xff, 0xff,
    0xff, 0x20, 0x00, 0x00, 0xef, 0xf9, 0x00, 0x00, 0xdf, 0xfd, 0x00, 0x00, 0x0e, 0xff, 0xbf, 0xff, 0x80, 0x00, 0x05, 0xff,
    0xf3, 0x00, 0x00, 0x7f, 0xff, 0x40, 0x00, 0x5f, 0xff, 0x3c, 0xff, 0xd0, 0x00, 0x0a, 0xff, 0xd0, 0x00, 0x00, 0x2f, 0xff,
    0x90, 0x00, 0xbf, 0xfd, 0x06, 0xff, 0xf4, 0x00, 0x1f, 0xff, 0x70, 0x00, 0x00, 0x0b, 0xff, 0xe0, 0x02, 0xff, 0xf7, 0x01,
    0xff, 0xf9, 0x00, 0x6f, 0xff, 0x20, 0x00, 0x00, 0x06, 0xff, 0xf5, 0x07, 0xff, 0xf1, 0x00, 0xaf, 0xfe, 0x00, 0xcf, 0xfb,
    0x00, 0x00, 0x00, 0x01, 0xef, 0xfa, 0x0d, 0xff, 0xa0, 0x00, 0x4f, 0xff, 0x52, 0xff, 0xf6, 0x00, 0x00, 0x00, 0x00, 0xaf,
    0xff, 0x4f, 0xff, 0x50, 0x00, 0x0e, 0xff, 0xb8, 0xff, 0xe1, 0x00, 0x00, 0x00, 0x00, 0x4f, 0xff, 0xff, 0xfe, 0x00, 0x00,
    0x08, 0xff, 0xff, 0xff, 0xa0, 0x00, 0x00, 0x00, 0x00, 0x0d, 0xff, 0xff, 0xf8, 0x00, 0x00, 0x03, 0xff, 0xff, 0xff, 0x40,
    0x00, 0x00, 0x00, 0x00, 0x08, 0xff, 0xff, 0xf3, 0x00, 0x00, 0x00, 0xcf, 0xff, 0xfd, 0x00, 0x00, 0x00, 0x00, 0x00, 0x02,
    0xff, 0xff, 0xc0, 0x00, 0x00, 0x00, 0x6f, 0xff, 0xf8, 0x00, 0x00, 0x00, 0x00, 0x00, 0x00, 0xcf, 0xff, 0x60, 0x00, 0x00,
    0x00, 0x1f, 0xff, 0xf3, 0x00, 0x00, 0x00, 0x11, 0x11, 0x10, 0x00, 0x00, 0x00, 0x01, 0x11, 0x11, 0x01, 0xdf, 0xff, 0x70,
    0x00, 0x00, 0x02, 0xef, 0xff, 0x40, 0x03, 0xff, 0xff, 0x40, 0x00, 0x00, 0xcf, 0xff, 0x80, 0x00, 0x07, 0xff, 0xfd, 0x10,
    0x00, 0x8f, 0xff, 0xb0, 0x00, 0x00, 0x0a, 0xff, 0xfb, 0x00, 0x5f, 0xff, 0xd1, 0x00, 0x00, 0x00, 0x1d, 0xff, 0xf7, 0x2e,
    0xff, 0xf3, 0x00, 0x00, 0x00, 0x00, 0x3f, 0xff, 0xff, 0xff, 0xf7, 0x00, 0x00, 0x00, 0x00, 0x00, 0x6f, 0xff, 0xff, 0xfa,
    0x00, 0x00, 0x00, 0x00, 0x00, 0x00, 0xaf, 0xff, 0xfd, 0x10, 0x00, 0x00, 0x00, 0x00, 0x00, 0x04, 0xff, 0xff, 0xa0, 0x00,
    0x00, 0x00, 0x00, 0x00, 0x01, 0xdf, 0xff, 0xff, 0x40, 0x00, 0x00, 0x00, 0x00, 0x00, 0xbf, 0xff, 0xff, 0xfe, 0x20, 0x00,
    0x00, 0x00, 0x00, 0x7f, 0xff, 0xc9, 0xff, 0xfc, 0x00, 0x00, 0x00, 0x00, 0x4f, 0xff, 0xe2, 0x0c, 0xff, 0xf9, 0x00, 0x00,
    0x00, 0x2e, 0xff, 0xf5, 0x00, 0x2e, 0xff, 0xf5, 0x00, 0x00, 0x0c, 0xff, 0xf9, 0x00, 0x00, 0x5f, 0xff, 0xe2, 0x00, 0x08,
    0xff, 0xfc, 0x00, 0x00, 0x00, 0x9f, 0xff, 0xd1, 0x05, 0xff, 0xfe, 0x20, 0x00, 0x00, 0x01, 0xdf, 0xff, 0xa0, 0x01, 0x11,
    0x10, 0x00, 0x00, 0x00, 0x00, 0x00, 0x11, 0x11, 0x0d, 0xff, 0xf4, 0x00, 0x00, 0x00, 0x00, 0x07, 0xff, 0xf6, 0x07, 0xff,
    0xfa, 0x00, 0x00, 0x00, 0x00, 0x0d, 0xff, 0xe0, 0x01, 0xef, 0xff, 0x20, 0x00, 0x00, 0x00, 0x5f, 0xff, 0x80, 0x00, 0x9f,
    0xff, 0x80, 0x00, 0x00, 0x00, 0xcf, 0xff, 0x20, 0x00, 0x2f, 0xff, 0xe0, 0x00, 0x00, 0x03, 0xff, 0xfa, 0x00, 0x00, 0x0b,
    0xff, 0xf5, 0x00, 0x00, 0x09, 0xff, 0xf3, 0x00, 0x00, 0x04, 0xff, 0xfc, 0x00, 0x00, 0x1f, 0xff, 0xc0, 0x00, 0x00, 0x00,
    0xdf, 0xff, 0x30, 0x00, 0x7f, 0xff, 0x50, 0x00, 0x00, 0x00, 0x6f, 0xff, 0xa0, 0x00, 0xdf, 0xfd, 0x00, 0x00, 0x00, 0x00,
    0x1e, 0xff, 0xf1, 0x05, 0xff, 0xf7, 0x00, 0x00, 0x00, 0x00, 0x08, 0xff, 0xf7, 0x0b, 0xff, 0xf1, 0x00, 0x00, 0x00, 0x00,
    0x02, 0xff, 0xfe, 0x3f, 0xff, 0x90, 0x00, 0x00, 0x00, 0x00, 0x00, 0xaf, 0xff, 0xef, 0xff, 0x30, 0x00, 0x00, 0x00, 0x00,
    0x00, 0x4f, 0xff, 0xff, 0xfb, 0x00, 0x00, 0x00, 0x00, 0x00, 0x00, 0x0c, 0xff, 0xff, 0xf5, 0x00, 0x00, 0x00, 0x00, 0x00,
    0x00, 0x06, 0xff, 0xff, 0xd0, 0x00, 0x00, 0x00, 0x00, 0x00, 0x00, 0x00, 0xff, 0xff, 0x70, 0x00, 0x00, 0x00, 0x00, 0x00,
    0x00, 0x00, 0xff, 0xfe, 0x10, 0x00, 0x00, 0x00, 0x00, 0x00, 0x00, 0x06, 0xff, 0xf8, 0x00, 0x00, 0x00, 0x00, 0x04, 0xc3,
    0x00, 0x5e, 0xff, 0xf2, 0x00, 0x00, 0x00, 0x00, 0x0c, 0xff, 0xef, 0xff, 0xff, 0x80, 0x00, 0x00, 0x00, 0x00, 0x5f, 0xff,
    0xff, 0xff, 0xfb, 0x00, 0x00, 0x00, 0x00, 0x00, 0x18, 0xef, 0xff, 0xfe, 0x80, 0x00, 0x00, 0x00, 0x00, 0x00, 0x00, 0x04,
    0x66, 0x41, 0x00, 0x00, 0x00, 0x00, 0x00, 0x00, 0x01, 0x11, 0x11, 0x11, 0x11, 0x11, 0x11, 0x11, 0x00, 0x9f, 0xff, 0xff,
    0xff, 0xff, 0xff, 0xff, 0xb0, 0x09, 0xff, 0xff, 0xff, 0xff, 0xff, 0xff, 0xfb, 0x00, 0x9f, 0xff, 0xff, 0xff, 0xff, 0xff,
    0xff, 0x90, 0x01, 0x22, 0x22, 0x22, 0x22, 0xcf, 0xff, 0xc0, 0x00, 0x00, 0x00, 0x00, 0x00, 0x8f, 0xff, 0xd1, 0x00, 0x00,
    0x00, 0x00, 0x00, 0x5f, 0xff, 0xe3, 0x00, 0x00, 0x00, 0x00, 0x00, 0x3f, 0xff, 0xf5, 0x00, 0x00, 0x00, 0x00, 0x00, 0x2e,
    0xff, 0xf8, 0x00, 0x00, 0x00, 0x00, 0x00, 0x1c, 0xff, 0xfa, 0x00, 0x00, 0x00, 0x00, 0x00, 0x0a, 0xff, 0xfc, 0x10, 0x00,
    0x00, 0x00, 0x00, 0x07, 0xff, 0xfe, 0x20, 0x00, 0x00, 0x00, 0x00, 0x05, 0xff, 0xff, 0x30, 0x00, 0x00, 0x00, 0x00, 0x03,
    0xef, 0xff, 0x60, 0x00, 0x00, 0x00, 0x00, 0x01, 0xdf, 0xff, 0xb3, 0x33, 0x33, 0x33, 0x33, 0x00, 0xaf, 0xff, 0xff, 0xff,
    0xff, 0xff, 0xff, 0xf0, 0x0c, 0xff, 0xff, 0xff, 0xff, 0xff, 0xff, 0xff, 0x00, 0xcf, 0xff, 0xff, 0xff, 0xff, 0xff, 0xff,
    0xf0, 0x00, 0x00, 0x00, 0x17, 0xab, 0xb3, 0x00, 0x00, 0x04, 0xef, 0xff, 0xf4, 0x00, 0x00, 0x1e, 0xff, 0xff, 0xf4, 0x00,
    0x00, 0x7f, 0xff, 0xfb, 0x72, 0x00, 0x00, 0xaf, 0xff, 0x90, 0x00, 0x00, 0x00, 0xbf, 0xff, 0x50, 0x00, 0x00, 0x00, 0xbf,
    0xff, 0x40, 0x00, 0x00, 0x00, 0xbf, 0xff, 0x40, 0x00, 0x00, 0x00, 0xbf, 0xff, 0x40, 0x00, 0x00, 0x00, 0xbf, 0xff, 0x40,
    0x00, 0x00, 0x00, 0xbf, 0xff, 0x40, 0x00, 0x00, 0x00, 0xbf, 0xff, 0x40, 0x00, 0x00, 0x00, 0xcf, 0xff, 0x30, 0x00, 0x02,
    0x69, 0xff, 0xff, 0x10, 0x00, 0x04, 0xff, 0xff, 0xf7, 0x00, 0x00, 0x04, 0xff, 0xff, 0xc2, 0x00, 0x00, 0x03, 0xde, 0xff,
    0xfd, 0x00, 0x00, 0x00, 0x01, 0xef, 0xff, 0x30, 0x00, 0x00, 0x00, 0xbf, 0xff, 0x40, 0x00, 0x00, 0x00, 0xbf, 0xff, 0x40,
    0x00, 0x00, 0x00, 0xbf, 0xff, 0x40, 0x00, 0x00, 0x00, 0xbf, 0xff, 0x40, 0x00, 0x00, 0x00, 0xbf, 0xff, 0x40, 0x00, 0x00,
    0x00, 0xbf, 0xff, 0x40, 0x00, 0x00, 0x00, 0xbf, 0xff, 0x40, 0x00, 0x00, 0x00, 0xbf, 0xff, 0x60, 0x00, 0x00, 0x00, 0x9f,
    0xff, 0xd4, 0x00, 0x00, 0x00, 0x4f, 0xff, 0xff, 0xf4, 0x00, 0x00, 0x0a, 0xff, 0xff, 0xf4, 0x00, 0x00, 0x00, 0x7d, 0xff,
    0xf4, 0x00, 0x00, 0x00, 0x00, 0x23, 0x31, 0x00, 0x0b, 0xbb, 0x80, 0x00, 0x00, 0x0f, 0xff, 0xa0, 0x00, 0x00, 0x0f, 0xff,
    0xa0, 0x00, 0x00, 0x0f, 0xff, 0xa0, 0x00, 0x00, 0x0f, 0xff, 0xa0, 0x00, 0x00, 0x0f, 0xff, 0xa0, 0x00, 0x00, 0x0f, 0xff,
    0xa0, 0x00, 0x00, 0x0f, 0xff, 0xa0, 0x00, 0x00, 0x0f, 0xff, 0xa0, 0x00, 0x00, 0x0f, 0xff, 0xa0, 0x00, 0x00, 0x0f, 0xff,
    0xa0, 0x00, 0x00, 0x0f, 0xff, 0xa0, 0x00, 0x00, 0x0f, 0xff, 0xa0, 0x00, 0x00, 0x0f, 0xff, 0xa0, 0x00, 0x00, 0x0f, 0xff,
    0xa0, 0x00, 0x00, 0x0f, 0xff, 0xa0, 0x00, 0x00, 0x0f, 0xff, 0xa0, 0x00, 0x00, 0x0f, 0xff, 0xa0, 0x00, 0x00, 0x0f, 0xff,
    0xa0, 0x00, 0x00, 0x0f, 0xff, 0xa0, 0x00, 0x00, 0x0f, 0xff, 0xa0, 0x00, 0x00, 0x0f, 0xff, 0xa0, 0x00, 0x00, 0x0f, 0xff,
    0xa0, 0x00, 0x00, 0x0f, 0xff, 0xa0, 0x00, 0x00, 0x0f, 0xff, 0xa0, 0x00, 0x00, 0x0f, 0xff, 0xa0, 0x00, 0x00, 0x0f, 0xff,
    0xa0, 0x00, 0x00, 0x0f, 0xff, 0xa0, 0x00, 0x00, 0x0f, 0xff, 0xa0, 0x00, 0x00, 0x0f, 0xff, 0xa0, 0x00, 0x00, 0x03, 0x33,
    0x20, 0x00, 0x5b, 0xb9, 0x61, 0x00, 0x00, 0x00, 0x7f, 0xff, 0xfd, 0x30, 0x00, 0x00, 0x7f, 0xff, 0xff, 0xd0, 0x00, 0x00,
    0x38, 0xcf, 0xff, 0xf5, 0x00, 0x00, 0x00, 0x0b, 0xff, 0xf8, 0x00, 0x00, 0x00, 0x07, 0xff, 0xf9, 0x00, 0x00, 0x00, 0x06,
    0xff, 0xf9, 0x00, 0x00, 0x00, 0x06, 0xff, 0xf9, 0x00, 0x00, 0x00, 0x06, 0xff, 0xf9, 0x00, 0x00, 0x00, 0x06, 0xff, 0xf9,
    0x00, 0x00, 0x00, 0x06, 0xff, 0xf9, 0x00, 0x00, 0x00, 0x06, 0xff, 0xf9, 0x00, 0x00, 0x00, 0x05, 0xff, 0xfa, 0x00, 0x00,
    0x00, 0x03, 0xff, 0xff, 0x86, 0x10, 0x00, 0x00, 0x9f, 0xff, 0xff, 0x10, 0x00, 0x00, 0x3e, 0xff, 0xff, 0x10, 0x00, 0x01,
    0xef, 0xff, 0xed, 0x10, 0x00, 0x05, 0xff, 0xfd, 0x10, 0x00, 0x00, 0x06, 0xff, 0xf9, 0x00, 0x00, 0x00, 0x06, 0xff, 0xf9,
    0x00, 0x00, 0x00, 0x06, 0xff, 0xf9, 0x00, 0x00, 0x00, 0x06, 0xff, 0xf9, 0x00, 0x00, 0x00, 0x06, 0xff, 0xf9, 0x00, 0x00,
    0x00, 0x06, 0xff, 0xf9, 0x00, 0x00, 0x00, 0x06, 0xff, 0xf9, 0x00, 0x00, 0x00, 0x08, 0xff, 0xf9, 0x00, 0x00, 0x01, 0x5e,
    0xff, 0xf7, 0x00, 0x00, 0x7f, 0xff, 0xff, 0xf2, 0x00, 0x00, 0x7f, 0xff, 0xff, 0x80, 0x00, 0x00, 0x7f, 0xff, 0xd6, 0x00,
    0x00, 0x00, 0x13, 0x31, 0x00, 0x00, 0x00, 0x00, 0x00, 0x00, 0x02, 0x21, 0x00, 0x00, 0x00, 0x00, 0x00, 0x00, 0x00, 0x3d,
    0xff, 0xe9, 0x10, 0x00, 0x06, 0xee, 0x20, 0x00, 0x3f, 0xff, 0xff, 0xfd, 0x30, 0x00, 0xbf, 0xf1, 0x00, 0x0b, 0xff, 0xfd,
    0xff, 0xff, 0x84, 0x9f, 0xfc, 0x00, 0x01, 0xff, 0xd2, 0x02, 0xcf, 0xff, 0xff, 0xff, 0x60, 0x00, 0x3f, 0xf7, 0x00, 0x01,
    0x8f, 0xff, 0xff, 0xa0, 0x00, 0x02, 0x77, 0x20, 0x00, 0x00, 0x39, 0xba, 0x50, 0x00, 0x00, 0x00, 0x00, 0x00, 0x00, 0x00,
    0x00, 0x00, 0x00, 0x00, 0x00, 0x00, 0x00, 0x00, 0x00, 0x00, 0x00, 0x00, 0x00, 0x00, 0x00, 0x00, 0x00, 0x00, 0x00, 0x00,
    0x00, 0x00, 0x00, 0x00, 0x00, 0x00, 0x00, 0x00, 0x00, 0x00, 0x00, 0x00, 0x00, 0x00, 0x00, 0x00, 0x00, 0x00, 0x00, 0x00,
    0x00, 0x00, 0x00, 0x00, 0x00, 0x00, 0x00, 0x00, 0x00, 0x00, 0x00, 0x00, 0x00, 0x00, 0x00, 0x00, 0x00, 0x00, 0x00, 0x00,
    0x00, 0x00, 0x00, 0x00, 0x00, 0x00, 0x00, 0x00, 0x00, 0x00, 0x00, 0x00, 0x00, 0x00, 0x00, 0x00, 0x00, 0x00, 0x2c, 0xcc,
    0xc5, 0x00, 0x00, 0x00, 0x00, 0x00, 0x00, 0x00, 0x00, 0x00, 0x00, 0x2e, 0xff, 0xe5, 0x00, 0x00, 0x00, 0x00, 0x00, 0x00,
    0x00, 0x00, 0x00, 0x00, 0x2d, 0xff, 0xd2, 0x00, 0x00, 0x00, 0x00, 0x00, 0x00, 0x00, 0x00, 0x00, 0x00, 0x2d, 0xff, 0xa1,
    0x00, 0x00, 0x00, 0x00, 0x00, 0x00, 0x00, 0x00, 0x00, 0x00, 0x07, 0x99, 0x60, 0x00, 0x00, 0x00, 0x00, 0x00, 0x00, 0x00,
    0x00, 0x00, 0x00, 0x00, 0x00, 0x00, 0x00, 0x00, 0x00, 0x00, 0x00, 0x00, 0x00, 0x00, 0x00, 0x00, 0x01, 0x68, 0xaa, 0x98,
    0x51, 0x00, 0x00, 0x00, 0x00, 0x00, 0x00, 0x00, 0x00, 0x4b, 0xff, 0xff, 0xff, 0xff, 0xfb, 0x40, 0x00, 0x00, 0x00, 0x00,
    0x00, 0x01, 0xbf, 0xff, 0xff, 0xff, 0xff, 0xff, 0xff, 0xa1, 0x00, 0x00, 0x00, 0x00, 0x03, 0xdf, 0xff, 0xff, 0xff, 0xef,
    0xff, 0xff, 0xff, 0xd2, 0x00, 0x00, 0x00, 0x01, 0xdf, 0xff, 0xfe, 0x73, 0x00, 0x03, 0x7e, 0xff, 0xff, 0xd1, 0x00, 0x00,
    0x00, 0xbf, 0xff, 0xf9, 0x10, 0x00, 0x00, 0x00, 0x1a, 0xff, 0xff, 0xa0, 0x00, 0x00, 0x5f, 0xff, 0xf9, 0x00, 0x00, 0x00,
    0x00, 0x00, 0x09, 0xff, 0xff, 0x40, 0x00, 0x0c, 0xff, 0xfc, 0x00, 0x00, 0x00, 0x00, 0x00, 0x00, 0x0d, 0xff, 0xfb, 0x00,
    0x01, 0xff, 0xff, 0x40, 0x00, 0x00, 0x00, 0x00, 0x00, 0x00, 0x5f, 0xff, 0xf1, 0x00, 0x5f, 0xff, 0xe0, 0x00, 0x00, 0x00,
    0x00, 0x00, 0x00, 0x00, 0xef, 0xff, 0x50, 0x07, 0xff, 0xfb, 0x00, 0x00, 0x00, 0x00, 0x00, 0x00, 0x00, 0x0c, 0xff, 0xf6,
    0x00, 0x8f, 0xff, 0x90, 0x00, 0x00, 0x00, 0x00, 0x00, 0x00, 0x00, 0xaf, 0xff, 0x80, 0x08, 0xff, 0xfa, 0x00, 0x00, 0x00,
    0x00, 0x00, 0x00, 0x00, 0x0b, 0xff, 0xf7, 0x00, 0x7f, 0xff, 0xc0, 0x00, 0x00, 0x00, 0x00, 0x00, 0x00, 0x00, 0xdf, 0xff,
    0x60, 0x04, 0xff, 0xff, 0x10, 0x00, 0x00, 0x00, 0x00, 0x00, 0x00, 0x2f, 0xff, 0xf3, 0x00, 0x0e, 0xff, 0xf7, 0x00, 0x00,
    0x00, 0x00, 0x00, 0x00, 0x08, 0xff, 0xfe, 0x00, 0x00, 0x9f, 0xff, 0xe2, 0x00, 0x00, 0x00, 0x00, 0x00, 0x02, 0xef, 0xff,
    0x90, 0x00, 0x02, 0xff, 0xff, 0xc1, 0x00, 0x00, 0x00, 0x00, 0x02, 0xdf, 0xff, 0xe1, 0x00, 0x00, 0x07, 0xff, 0xff, 0xd5,
    0x00, 0x00, 0x00, 0x05, 0xef, 0xff, 0xf6, 0x00, 0x00, 0x00, 0x09, 0xff, 0xff, 0xfd, 0x86, 0x56, 0x9d, 0xff, 0xff, 0xf9,
    0x00, 0x00, 0x00, 0x00, 0x08, 0xff, 0xff, 0xff, 0xff, 0xff, 0xff, 0xff, 0xf8, 0x00, 0x00, 0x00, 0x00, 0x00, 0x05, 0xdf,
    0xff, 0xff, 0xff, 0xff, 0xff, 0xd5, 0x00, 0x00, 0x00, 0x00, 0x00, 0x00, 0x00, 0x5a, 0xef, 0xff, 0xff, 0xea, 0x50, 0x00,
    0x00, 0x00, 0x00, 0x00, 0x00, 0x00, 0x00, 0x00, 0x23, 0x43, 0x20, 0x00, 0x00, 0x00, 0x00, 0x00, 0x00, 0x00, 0x00, 0x00,
    0x00, 0x02, 0xcc, 0xcc, 0x50, 0x00, 0x00, 0x00, 0x00, 0x00, 0x00, 0x02, 0xef, 0xfe, 0x50, 0x00, 0x00, 0x00, 0x00, 0x00,
    0x00, 0x02, 0xdf, 0xfd, 0x20, 0x00, 0x00, 0x00, 0x00, 0x00, 0x00, 0x02, 0xdf, 0xfa, 0x10, 0x00, 0x00, 0x00, 0x00, 0x00,
    0x00, 0x00, 0x79, 0x96, 0x00, 0x00, 0x00, 0x00, 0x00, 0x00, 0x00, 0x00, 0x00, 0x00, 0x00, 0x00, 0x00, 0x00, 0x00, 0x00,
    0x00, 0x00, 0x00, 0x24, 0x43, 0x10, 0x00, 0x00, 0x00, 0x00, 0x00, 0x00, 0x29, 0xef, 0xff, 0xff, 0xc6, 0x00, 0x00, 0x00,
    0x00, 0x00, 0x5e, 0xff, 0xff, 0xff, 0xff, 0xfc, 0x20, 0x00, 0x00, 0x00, 0x7f, 0xff, 0xff, 0xff, 0xff, 0xff, 0xfe, 0x30,
    0x00, 0x00, 0x4f, 0xff, 0xfd, 0x73, 0x24, 0x9f, 0xff, 0xfd, 0x10, 0x00, 0x0d, 0xff, 0xfb, 0x10, 0x00, 0x00, 0x3e, 0xff,
    0xf8, 0x00, 0x05, 0xff, 0xfe, 0x10, 0x00, 0x00, 0x00, 0x6f, 0xff, 0xe0, 0x00, 0x9f, 0xff, 0x80, 0x00, 0x00, 0x00, 0x00,
    0xef, 0xff, 0x30, 0x0b, 0xff, 0xf5, 0x00, 0x00, 0x00, 0x00, 0x0b, 0xff, 0xf6, 0x00, 0xcf, 0xff, 0x40, 0x00, 0x00, 0x00,
    0x00, 0xaf, 0xff, 0x60, 0x0b, 0xff, 0xf5, 0x00, 0x00, 0x00, 0x00, 0x0b, 0xff, 0xf6, 0x00, 0x8f, 0xff, 0x90, 0x00, 0x00,
    0x00, 0x00, 0xef, 0xff, 0x30, 0x04, 0xff, 0xfe, 0x20, 0x00, 0x00, 0x00, 0x6f, 0xff, 0xe0, 0x00, 0x0d, 0xff, 0xfc, 0x10,
    0x00, 0x00, 0x4f, 0xff, 0xf8, 0x00, 0x00, 0x3f, 0xff, 0xfe, 0x84, 0x35, 0xaf, 0xff, 0xfc, 0x10, 0x00, 0x00, 0x6f, 0xff,
    0xff, 0xff, 0xff, 0xff, 0xfe, 0x20, 0x00, 0x00, 0x00, 0x4e, 0xff, 0xff, 0xff, 0xff, 0xfb, 0x10, 0x00, 0x00, 0x00, 0x00,
    0x17, 0xcf, 0xff, 0xfe, 0xb5, 0x00, 0x00, 0x00, 0x00, 0x00, 0x00, 0x00, 0x12, 0x32, 0x00, 0x00, 0x00, 0x00, 0x00, 0x00,
    0x00, 0x00, 0x00, 0x00, 0x16, 0x66, 0x61, 0x00, 0x00, 0x00, 0x00, 0x00, 0x00, 0x00, 0x00, 0x00, 0x00, 0x8f, 0xff, 0xf6,
    0x00, 0x00, 0x00, 0x00, 0x00, 0x00, 0x00, 0x00, 0x00, 0x00, 0xef, 0xff, 0xfd, 0x00, 0x00, 0x00, 0x00, 0x00, 0x00, 0x00,
    0x00, 0x00, 0x06, 0xff, 0xff, 0xff, 0x50, 0x00, 0x00, 0x00, 0x00, 0x00, 0x00, 0x00, 0x00, 0x0d, 0xff, 0xff, 0xff, 0xc0,
    0x00, 0x00, 0x00, 0x00, 0x00, 0x00, 0x00, 0x00, 0x4f, 0xff, 0x9b, 0xff, 0xf3, 0x00, 0x00, 0x00, 0x00, 0x00, 0x00, 0x00,
    0x00, 0xbf, 0xff, 0x35, 0xff, 0xfa, 0x00, 0x00, 0x00, 0x00, 0x00, 0x00, 0x00, 0x03, 0xff, 0xfb, 0x00, 0xdf, 0xff, 0x20,
    0x00, 0x00, 0x00, 0x00, 0x00, 0x00, 0x0a, 0xff, 0xf5, 0x00, 0x7f, 0xff, 0x90, 0x00, 0x00, 0x00, 0x00, 0x00, 0x00, 0x2f,
    0xff, 0xd0, 0x00, 0x1e, 0xff, 0xe1, 0x00, 0x00, 0x00, 0x00, 0x00, 0x00, 0x8f, 0xff, 0x70, 0x00, 0x09, 0xff, 0xf7, 0x00,
    0x00, 0x00, 0x00, 0x00, 0x01, 0xef, 0xff, 0x10, 0x00, 0x03, 0xff, 0xfe, 0x00, 0x00, 0x00, 0x00, 0x00, 0x07, 0xff, 0xf9,
    0x00, 0x00, 0x00, 0xbf, 0xff, 0x60, 0x00, 0x00, 0x00, 0x00, 0x0d, 0xff, 0xf3, 0x00, 0x00, 0x00, 0x5f, 0xff, 0xc0, 0x00,
    0x00, 0x00, 0x00, 0x5f, 0xff, 0xf7, 0x77, 0x77, 0x77, 0x7f, 0xff, 0xf4, 0x00, 0x00, 0x00, 0x00, 0xcf, 0xff, 0xff, 0xff,
    0xff, 0xff, 0xff, 0xff, 0xfb, 0x00, 0x00, 0x00, 0x04, 0xff, 0xff, 0xff, 0xff, 0xff, 0xff, 0xff, 0xff, 0xff, 0x30, 0x00,
    0x00, 0x0a, 0xff, 0xff, 0xcc, 0xcc, 0xcc, 0xcc, 0xcc, 0xff, 0xff, 0x90, 0x00, 0x00, 0x2f, 0xff, 0xf1, 0x00, 0x00, 0x00,
    0x00, 0x00, 0x2f, 0xff, 0xf2, 0x00, 0x00, 0x9f, 0xff, 0x90, 0x00, 0x00, 0x00, 0x00, 0x00, 0x0b, 0xff, 0xf8, 0x00, 0x01,
    0xef, 0xff, 0x30, 0x00, 0x00, 0x00, 0x00, 0x00, 0x05, 0xff, 0xfe, 0x10, 0x07, 0xff, 0xfc, 0x00, 0x00, 0x00, 0x00, 0x00,
    0x00, 0x00, 0xdf, 0xff, 0x60, 0x0e, 0xff, 0xf5, 0x00, 0x00, 0x00, 0x00, 0x00, 0x00, 0x00, 0x7f, 0xff, 0xf0, 0x00, 0x00,
    0x00, 0x00, 0x00, 0x00, 0x00, 0x00, 0x00, 0x00, 0x8f, 0xfc, 0x40, 0x00, 0x00, 0x00, 0x00, 0x00, 0x00, 0x00, 0x00, 0x00,
    0x08, 0xff, 0x80, 0x00, 0x00, 0x00, 0x00, 0x00, 0x00, 0x00, 0x00, 0x00, 0x00, 0x1f, 0xfa, 0x00, 0x00, 0x00, 0x00, 0x00,
    0x00, 0x00, 0x00, 0x00, 0x00, 0x00, 0x5f, 0xf6, 0x00, 0x00, 0x00, 0x00, 0x00, 0x00, 0x00, 0x00, 0x00, 0x00, 0x00, 0x5f,
    0xfb, 0x10, 0x21, 0x00, 0x00, 0x00, 0x00, 0x00, 0x00, 0x00, 0x00, 0x00, 0x1e, 0xff, 0xfe, 0xf7, 0x00, 0x00, 0x00, 0x00,
    0x00, 0x00, 0x00, 0x00, 0x00, 0x03, 0xcf, 0xff, 0xf8, 0x00, 0x00, 0x00, 0x00, 0x00, 0x00, 0x00, 0x00, 0x00, 0x00, 0x02,
    0x43, 0x10, 0x00, 0x00, 0x00, 0x13, 0x44, 0x31, 0x00, 0x00, 0x00, 0x00, 0x00, 0x27, 0xcf, 0xff, 0xff, 0xfc, 0x60, 0x00,
    0x00, 0x00, 0x8f, 0xff, 0xff, 0xff, 0xff, 0xff, 0xc1, 0x00, 0x00, 0x0b, 0xff, 0xff, 0xff, 0xff, 0xff, 0xff, 0xb0, 0x00,
    0x00, 0x3f, 0xfa, 0x52, 0x12, 0x5b, 0xff, 0xff, 0x40, 0x00, 0x00, 0x72, 0x00, 0x00, 0x00, 0x0b, 0xff, 0xf9, 0x00, 0x00,
    0x00, 0x00, 0x00, 0x00, 0x00, 0x4f, 0xff, 0xc0, 0x00, 0x00, 0x00, 0x00, 0x00, 0x00, 0x01, 0xff, 0xfe, 0x00, 0x00, 0x00,
    0x59, 0xce, 0xff, 0xff, 0xff, 0xff, 0xe0, 0x00, 0x02, 0xcf, 0xff, 0xff, 0xff, 0xff, 0xff, 0xfe, 0x00, 0x00, 0xcf, 0xff,
    0xfc, 0xaa, 0xaa, 0xbf, 0xff, 0xe0, 0x00, 0x5f, 0xff, 0xd1, 0x00, 0x00, 0x01, 0xff, 0xfe, 0x00, 0x08, 0xff, 0xf7, 0x00,
    0x00, 0x00, 0x2f, 0xff, 0xe0, 0x00, 0x8f, 0xff, 0x70, 0x00, 0x00, 0x09, 0xff, 0xfe, 0x00, 0x05, 0xff, 0xfe, 0x30, 0x00,
    0x19, 0xff, 0xff, 0xe0, 0x00, 0x0d, 0xff, 0xff, 0xcb, 0xcf, 0xff, 0xff, 0xfe, 0x00, 0x00, 0x3e, 0xff, 0xff, 0xff, 0xff,
    0x9d, 0xff, 0xe0, 0x00, 0x00, 0x19, 0xdf, 0xff, 0xfc, 0x50, 0xff, 0xff, 0x00, 0x00, 0x00, 0x00, 0x13, 0x21, 0x00, 0x8f,
    0xfc, 0x40, 0x00, 0x00, 0x00, 0x00, 0x00, 0x00, 0x8f, 0xf8, 0x00, 0x00, 0x00, 0x00, 0x00, 0x00, 0x00, 0x1f, 0xfa, 0x00,
    0x00, 0x00, 0x00, 0x00, 0x00, 0x00, 0x05, 0xff, 0x60, 0x00, 0x00, 0x00, 0x00, 0x00, 0x00, 0x00, 0x5f, 0xfb, 0x10, 0x21,
    0x00, 0x00, 0x00, 0x00, 0x00, 0x01, 0xef, 0xff, 0xef, 0x70, 0x00, 0x00, 0x00, 0x00, 0x00, 0x03, 0xcf, 0xff, 0xf8, 0x00,
    0x00, 0x00, 0x00, 0x00, 0x00, 0x00, 0x24, 0x31, 0x00, 0x00, 0x00, 0x00, 0x00, 0x00, 0x00, 0x00, 0x2c, 0xcc, 0xc5, 0x00,
    0x00, 0x00, 0x00, 0x00, 0x00, 0x00, 0x00, 0x2e, 0xff, 0xe5, 0x00, 0x00, 0x00, 0x00, 0x00, 0x00, 0x00, 0x00, 0x2d, 0xff,
    0xd2, 0x00, 0x00, 0x00, 0x00, 0x00, 0x00, 0x00, 0x00, 0x2d, 0xff, 0xa1, 0x00, 0x00, 0x00, 0x00, 0x00, 0x00, 0x00, 0x00,
    0x07, 0x99, 0x60, 0x00, 0x00, 0x00, 0x00, 0x00, 0x00, 0x00, 0x00, 0x00, 0x00, 0x00, 0x00, 0x00, 0x00, 0x00, 0x00, 0x00,
    0x00, 0x00, 0x02, 0x68, 0xaa, 0x98, 0x51, 0x00, 0x00, 0x00, 0x00, 0x00, 0x00, 0x4c, 0xff, 0xff, 0xff, 0xff, 0xfb, 0x30,
    0x00, 0x00, 0x00, 0x01, 0xbf, 0xff, 0xff, 0xff, 0xff, 0xff, 0xff, 0x90, 0x00, 0x00, 0x03, 0xdf, 0xff, 0xff, 0xff, 0xef,
    0xff, 0xff, 0xff, 0xa0, 0x00, 0x01, 0xdf, 0xff, 0xfe, 0x73, 0x00, 0x02, 0x7e, 0xff, 0xfb, 0x10, 0x00, 0xbf, 0xff, 0xf9,
    0x10, 0x00, 0x00, 0x00, 0x19, 0xfa, 0x00, 0x00, 0x5f, 0xff, 0xf8, 0x00, 0x00, 0x00, 0x00, 0x00, 0x05, 0x00, 0x00, 0x0c,
    0xff, 0xfc, 0x00, 0x00, 0x00, 0x00, 0x00, 0x00, 0x00, 0x00, 0x02, 0xff, 0xff, 0x40, 0x00, 0x00, 0x00, 0x00, 0x00, 0x00,
    0x00, 0x00, 0x5f, 0xff, 0xe0, 0x00, 0x00, 0x00, 0x00, 0x00, 0x00, 0x00, 0x00, 0x07, 0xff, 0xfb, 0x00, 0x00, 0x00, 0x00,
    0x00, 0x00, 0x00, 0x00, 0x00, 0x8f, 0xff, 0x90, 0x00, 0x00, 0x00, 0x00, 0x00, 0x00, 0x00, 0x00, 0x08, 0xff, 0xfa, 0x00,
    0x00, 0x00, 0x00, 0x00, 0x00, 0x00, 0x00, 0x00, 0x7f, 0xff, 0xc0, 0x00, 0x00, 0x00, 0x00, 0x00, 0x00, 0x00, 0x00, 0x04,
    0xff, 0xff, 0x10, 0x00, 0x00, 0x00, 0x00, 0x00, 0x00, 0x00, 0x00, 0x0e, 0xff, 0xf7, 0x00, 0x00, 0x00, 0x00, 0x00, 0x00,
    0x00, 0x00, 0x00, 0xaf, 0xff, 0xe2, 0x00, 0x00, 0x00, 0x00, 0x00, 0x00, 0x00, 0x00, 0x02, 0xff, 0xff, 0xd2, 0x00, 0x00,
    0x00, 0x00, 0x02, 0xb3, 0x00, 0x00, 0x08, 0xff, 0xff, 0xe5, 0x00, 0x00, 0x00, 0x05, 0xef, 0xe3, 0x00, 0x00, 0x0a, 0xff,
    0xff, 0xfd, 0x96, 0x56, 0x8d, 0xff, 0xff, 0xe1, 0x00, 0x00, 0x09, 0xff, 0xff, 0xff, 0xff, 0xff, 0xff, 0xff, 0xe4, 0x00,
    0x00, 0x00, 0x06, 0xdf, 0xff, 0xff, 0xff, 0xff, 0xff, 0xb3, 0x00, 0x00, 0x00, 0x00, 0x00, 0x6b, 0xef, 0xff, 0xff, 0xea,
    0x40, 0x00, 0x00, 0x00, 0x00, 0x00, 0x00, 0x00, 0x24, 0x43, 0x20, 0x00, 0x00, 0x00, 0x00, 0x00, 0x00, 0x00, 0x00, 0x2c,
    0xcc, 0xc5, 0x00, 0x00, 0x00, 0x00, 0x00, 0x00, 0x2e, 0xff, 0xe5, 0x00, 0x00, 0x00, 0x00, 0x00, 0x00, 0x2d, 0xff, 0xd2,
    0x00, 0x00, 0x00, 0x00, 0x00, 0x00, 0x2d, 0xff, 0xa1, 0x00, 0x00, 0x00, 0x00, 0x00, 0x00, 0x07, 0x99, 0x60, 0x00, 0x00,
    0x00, 0x00, 0x00, 0x00, 0x00, 0x00, 0x00, 0x00, 0x00, 0x00, 0x00, 0x00, 0x00, 0x00, 0x00, 0x24, 0x43, 0x10, 0x00, 0x00,
    0x00, 0x00, 0x00, 0x18, 0xdf, 0xff, 0xff, 0xc7, 0x00, 0x00, 0x00, 0x00, 0x5e, 0xff, 0xff, 0xff, 0xff, 0xfc, 0x20, 0x00,
    0x00, 0x7f, 0xff, 0xff, 0xff, 0xff, 0xff, 0xfd, 0x10, 0x00, 0x4f, 0xff, 0xfd, 0x73, 0x24, 0x9f, 0xff, 0xf8, 0x00, 0x0d,
    0xff, 0xfb, 0x10, 0x00, 0x00, 0x3e, 0xe6, 0x00, 0x05, 0xff, 0xfe, 0x10, 0x00, 0x00, 0x00, 0x31, 0x00, 0x00, 0x9f, 0xff,
    0x80, 0x00, 0x00, 0x00, 0x00, 0x00, 0x00, 0x0b, 0xff, 0xf5, 0x00, 0x00, 0x00, 0x00, 0x00, 0x00, 0x00, 0xcf, 0xff, 0x40,
    0x00, 0x00, 0x00, 0x00, 0x00, 0x00, 0x0b, 0xff, 0xf5, 0x00, 0x00, 0x00, 0x00, 0x00, 0x00, 0x00, 0x9f, 0xff, 0x90, 0x00,
    0x00, 0x00, 0x00, 0x00, 0x00, 0x04, 0xff, 0xfe, 0x20, 0x00, 0x00, 0x00, 0x42, 0x00, 0x00, 0x0d, 0xff, 0xfc, 0x20, 0x00,
    0x00, 0x4f, 0xf8, 0x10, 0x00, 0x3f, 0xff, 0xfe, 0x84, 0x35, 0xaf, 0xff, 0xf7, 0x00, 0x00, 0x6f, 0xff, 0xff, 0xff, 0xff,
    0xff, 0xfc, 0x00, 0x00, 0x00, 0x4d, 0xff, 0xff, 0xff, 0xff, 0xfb, 0x10, 0x00, 0x00, 0x00, 0x17, 0xcf, 0xff, 0xff, 0xb5,
    0x00, 0x00, 0x00, 0x00, 0x00, 0x00, 0x02, 0x32, 0x00, 0x00, 0x00, 0x00, 0x00, 0x06, 0x66, 0x66, 0x66, 0x66, 0x66, 0x66,
    0x66, 0x62, 0x00, 0x00, 0xff, 0xff, 0xff, 0xff, 0xff, 0xff, 0xff, 0xff, 0x50, 0x00, 0x0f, 0xff, 0xff, 0xff, 0xff, 0xff,
    0xff, 0xff, 0xf5, 0x00, 0x00, 0xff, 0xff, 0xff, 0xff, 0xff, 0xff, 0xff, 0xff, 0x50, 0x00, 0x0f, 0xff, 0xf4, 0x11, 0x11,
    0x11, 0x11, 0x11, 0x10, 0x00, 0x00, 0xff, 0xff, 0x20, 0x00, 0x00, 0x00, 0x00, 0x00, 0x00, 0x00, 0x0f, 0xff, 0xf2, 0x00,
    0x00, 0x00, 0x00, 0x00, 0x00, 0x00, 0x00, 0xff, 0xff, 0x20, 0x00, 0x00, 0x00, 0x00, 0x00, 0x00, 0x00, 0x0f, 0xff, 0xf2,
    0x00, 0x00, 0x00, 0x00, 0x00, 0x00, 0x00, 0x00, 0xff, 0xff, 0x41, 0x11, 0x11, 0x11, 0x11, 0x10, 0x00, 0x00, 0x0f, 0xff,
    0xff, 0xff, 0xff, 0xff, 0xff, 0xff, 0x00, 0x00, 0x00, 0xff, 0xff, 0xff, 0xff, 0xff, 0xff, 0xff, 0xf0, 0x00, 0x00, 0x0f,
    0xff, 0xff, 0xff, 0xff, 0xff, 0xff, 0xff, 0x00, 0x00, 0x00, 0xff, 0xff, 0x75, 0x55, 0x55, 0x55, 0x55, 0x50, 0x00, 0x00,
    0x0f, 0xff, 0xf2, 0x00, 0x00, 0x00, 0x00, 0x00, 0x00, 0x00, 0x00, 0xff, 0xff, 0x20, 0x00, 0x00, 0x00, 0x00, 0x00, 0x00,
    0x00, 0x0f, 0xff, 0xf2, 0x00, 0x00, 0x00, 0x00, 0x00, 0x00, 0x00, 0x00, 0xff, 0xff, 0x20, 0x00, 0x00, 0x00, 0x00, 0x00,
    0x00, 0x00, 0x0f, 0xff, 0xf2, 0x00, 0x00, 0x00, 0x00, 0x00, 0x00, 0x00, 0x00, 0xff, 0xff, 0x98, 0x88, 0x88, 0x88, 0x88,
    0x88, 0x60, 0x00, 0x0f, 0xff, 0xff, 0xff, 0xff, 0xff, 0xff, 0xff, 0xfc, 0x00, 0x00, 0xff, 0xff, 0xff, 0xff, 0xff, 0xff,
    0xff, 0xff, 0xc0, 0x00, 0x0f, 0xff, 0xff, 0xff, 0xff, 0xff, 0xff, 0xff, 0xff, 0x00, 0x00, 0x00, 0x00, 0x00, 0x00, 0x00,
    0x00, 0x8f, 0xfc, 0x40, 0x00, 0x00, 0x00, 0x00, 0x00, 0x00, 0x00, 0x8f, 0xf8, 0x00, 0x00, 0x00, 0x00, 0x00, 0x00, 0x00,
    0x00, 0x1f, 0xfa, 0x00, 0x00, 0x00, 0x00, 0x00, 0x00, 0x00, 0x00, 0x05, 0xff, 0x60, 0x00, 0x00, 0x00, 0x00, 0x00, 0x00,
    0x00, 0x00, 0x5f, 0xfb, 0x10, 0x21, 0x00, 0x00, 0x00, 0x00, 0x00, 0x00, 0x01, 0xef, 0xff, 0xef, 0x70, 0x00, 0x00, 0x00,
    0x00, 0x00, 0x00, 0x03, 0xcf, 0xff, 0xf8, 0x00, 0x00, 0x00, 0x00, 0x00, 0x00, 0x00, 0x00, 0x24, 0x31, 0x00, 0x00, 0x00,
    0x00, 0x00, 0x34, 0x43, 0x00, 0x00, 0x00, 0x00, 0x00, 0x00, 0x03, 0xae, 0xff, 0xff, 0xea, 0x30, 0x00, 0x00, 0x00, 0x00,
    0x6f, 0xff, 0xff, 0xff, 0xff, 0xf7, 0x00, 0x00, 0x00, 0x08, 0xff, 0xff, 0xff, 0xff, 0xff, 0xff, 0x80, 0x00, 0x00, 0x5f,
    0xff, 0xf9, 0x30, 0x02, 0x9f, 0xff, 0xf4, 0x00, 0x00, 0xef, 0xff, 0x60, 0x00, 0x00, 0x05, 0xff, 0xfd, 0x00, 0x05, 0xff,
    0xfa, 0x00, 0x00, 0x00, 0x00, 0x9f, 0xff, 0x30, 0x09, 0xff, 0xf5, 0x00, 0x00, 0x00, 0x00, 0x4f, 0xff, 0x70, 0x0b, 0xff,
    0xff, 0xee, 0xee, 0xee, 0xee, 0xff, 0xff, 0x90, 0x0c, 0xff, 0xff, 0xff, 0xff, 0xff, 0xff, 0xff, 0xff, 0xa0, 0x0b, 0xff,
    0xfe, 0xbb, 0xbb, 0xbb, 0xbb, 0xbb, 0xbb, 0x70, 0x09, 0xff, 0xf7, 0x00, 0x00, 0x00, 0x00, 0x00, 0x00, 0x00, 0x04, 0xff,
    0xfd, 0x10, 0x00, 0x00, 0x00, 0x00, 0x00, 0x00, 0x00, 0xdf, 0xff, 0xb1, 0x00, 0x00, 0x00, 0x4b, 0x10, 0x00, 0x00, 0x3f,
    0xff, 0xfe, 0x84, 0x33, 0x6b, 0xff, 0xb0, 0x00, 0x00, 0x06, 0xff, 0xff, 0xff, 0xff, 0xff, 0xff, 0xf5, 0x00, 0x00, 0x00,
    0x4d, 0xff, 0xff, 0xff, 0xff, 0xff, 0x60, 0x00, 0x00, 0x00, 0x01, 0x7c, 0xff, 0xff, 0xff, 0xe4, 0x00, 0x00, 0x00, 0x00,
    0x00, 0x00, 0x02, 0x3d, 0xfe, 0x30, 0x00, 0x00, 0x00, 0x00, 0x00, 0x00, 0x00, 0x6f, 0xf6, 0x00, 0x00, 0x00, 0x00, 0x00,
    0x00, 0x00, 0x00, 0xcf, 0xd0, 0x00, 0x00, 0x00, 0x00, 0x00, 0x00, 0x00, 0x00, 0xef, 0xb0, 0x00, 0x00, 0x00, 0x00, 0x00,
    0x00, 0x00, 0x00, 0xdf, 0xe3, 0x01, 0x30, 0x00, 0x00, 0x00, 0x00, 0x00, 0x00, 0x8f, 0xff, 0xef, 0xd0, 0x00, 0x00, 0x00,
    0x00, 0x00, 0x00, 0x08, 0xff, 0xff, 0xc1, 0x00, 0x00, 0x00, 0x00, 0x00, 0x00, 0x00, 0x13, 0x42, 0x00, 0x00, 0x00, 0x00,
    0x66, 0x66, 0x10, 0x00, 0x00, 0x00, 0x00, 0x00, 0x00, 0x00, 0xff, 0xff, 0x30, 0x00, 0x00, 0x00, 0x00, 0x00, 0x00, 0x00,
    0xff, 0xff, 0x30, 0x00, 0x00, 0x00, 0x00, 0x00, 0x00, 0x00, 0xff, 0xff, 0x30, 0x00, 0x00, 0x00, 0x00, 0x00, 0x00, 0x00,
    0xff, 0xff, 0x30, 0x00, 0x00, 0x00, 0x00, 0x00, 0x00, 0x00, 0xff, 0xff, 0x30, 0x02, 0x00, 0x00, 0x00, 0x00, 0x00, 0x00,
    0xff, 0xff, 0x30, 0x5e, 0x70, 0x00, 0x00, 0x00, 0x00, 0x00, 0xff, 0xff, 0x39, 0xff, 0xf3, 0x00, 0x00, 0x00, 0x00, 0x00,
    0xff, 0xff, 0xff, 0xff, 0x90, 0x00, 0x00, 0x00, 0x00, 0x00, 0xff, 0xff, 0xff, 0xe5, 0x00, 0x00, 0x00, 0x00, 0x00, 0x00,
    0xff, 0xff, 0xfc, 0x20, 0x00, 0x00, 0x00, 0x00, 0x00, 0x02, 0xff, 0xff, 0xc1, 0x00, 0x00, 0x00, 0x00, 0x00, 0x00, 0x5e,
    0xff, 0xff, 0x30, 0x00, 0x00, 0x00, 0x00, 0x00, 0x08, 0xff, 0xff, 0xff, 0x30, 0x00, 0x00, 0x00, 0x00, 0x00, 0x1c, 0xff,
    0xff, 0xff, 0x30, 0x00, 0x00, 0x00, 0x00, 0x00, 0x02, 0xe6, 0xff, 0xff, 0x30, 0x00, 0x00, 0x00, 0x00, 0x00, 0x00, 0x10,
    0xff, 0xff, 0x30, 0x00, 0x00, 0x00, 0x00, 0x00, 0x00, 0x00, 0xff, 0xff, 0x30, 0x00, 0x00, 0x00, 0x00, 0x00, 0x00, 0x00,
    0xff, 0xff, 0x30, 0x00, 0x00, 0x00, 0x00, 0x00, 0x00, 0x00, 0xff, 0xff, 0x98, 0x88, 0x88, 0x88, 0x88, 0x87, 0x00, 0x00,
    0xff, 0xff, 0xff, 0xff, 0xff, 0xff, 0xff, 0xfd, 0x00, 0x00, 0xff, 0xff, 0xff, 0xff, 0xff, 0xff, 0xff, 0xfd, 0x00, 0x00,
    0xff, 0xff, 0xff, 0xff, 0xff, 0xff, 0xff, 0xfd, 0x00, 0x04, 0xbb, 0xb7, 0x00, 0x00, 0x00, 0x06, 0xff, 0xf9, 0x00, 0x00,
    0x00, 0x06, 0xff, 0xf9, 0x00, 0x00, 0x00, 0x06, 0xff, 0xf9, 0x00, 0x00, 0x00, 0x06, 0xff, 0xf9, 0x00, 0x00, 0x00, 0x06,
    0xff, 0xf9, 0x00, 0x00, 0x00, 0x06, 0xff, 0xf9, 0x00, 0x00, 0x00, 0x06, 0xff, 0xf9, 0x00, 0x00, 0x00, 0x06, 0xff, 0xf9,
    0x1a, 0x90, 0x00, 0x06, 0xff, 0xfc, 0xdf, 0xf5, 0x00, 0x06, 0xff, 0xff, 0xff, 0xe5, 0x00, 0x06, 0xff, 0xff, 0xfc, 0x20,
    0x00, 0x08, 0xff, 0xff, 0x91, 0x00, 0x00, 0x5f, 0xff, 0xff, 0x00, 0x00, 0x09, 0xff, 0xff, 0xf9, 0x00, 0x00, 0x0c, 0xff,
    0xff, 0xf9, 0x00, 0x00, 0x02, 0xec, 0xff, 0xf9, 0x00, 0x00, 0x00, 0x16, 0xff, 0xf9, 0x00, 0x00, 0x00, 0x06, 0xff, 0xf9,
    0x00, 0x00, 0x00, 0x06, 0xff, 0xf9, 0x00, 0x00, 0x00, 0x06, 0xff, 0xf9, 0x00, 0x00, 0x00, 0x06, 0xff, 0xf9, 0x00, 0x00,
    0x00, 0x06, 0xff, 0xf9, 0x00, 0x00, 0x00, 0x06, 0xff, 0xf9, 0x00, 0x00, 0x00, 0x00, 0x00, 0x00, 0x00, 0x00, 0x02, 0xcc,
    0xcc, 0x50, 0x00, 0x00, 0x00, 0x00, 0x00, 0x00, 0x00, 0x00, 0x00, 0x2e, 0xff, 0xe5, 0x00, 0x00, 0x00, 0x00, 0x00, 0x00,
    0x00, 0x00, 0x00, 0x02, 0xdf, 0xfd, 0x20, 0x00, 0x00, 0x00, 0x00, 0x00, 0x00, 0x00, 0x00, 0x00, 0x2d, 0xff, 0xa1, 0x00,
    0x00, 0x00, 0x00, 0x00, 0x00, 0x00, 0x00, 0x00, 0x00, 0x79, 0x96, 0x00, 0x00, 0x00, 0x00, 0x00, 0x00, 0x00, 0x00, 0x00,
    0x00, 0x00, 0x00, 0x00, 0x00, 0x00, 0x00, 0x00, 0x00, 0x00, 0x00, 0x06, 0x66, 0x40, 0x00, 0x00, 0x00, 0x00, 0x00, 0x16,
    0x66, 0x60, 0x00, 0x00, 0x0f, 0xff, 0xf3, 0x00, 0x00, 0x00, 0x00, 0x00, 0x4f, 0xff, 0xe0, 0x00, 0x00, 0x0f, 0xff, 0xfd,
    0x10, 0x00, 0x00, 0x00, 0x00, 0x4f, 0xff, 0xe0, 0x00, 0x00, 0x0f, 0xff, 0xff, 0xc0, 0x00, 0x00, 0x00, 0x00, 0x4f, 0xff,
    0xe0, 0x00, 0x00, 0x0f, 0xff, 0xff, 0xf9, 0x00, 0x00, 0x00, 0x00, 0x4f, 0xff, 0xe0, 0x00, 0x00, 0x0f, 0xff, 0xff, 0xff,
    0x60, 0x00, 0x00, 0x00, 0x4f, 0xff, 0xe0, 0x00, 0x00, 0x0f, 0xff, 0xff, 0xff, 0xf4, 0x00, 0x00, 0x00, 0x4f, 0xff, 0xe0,
    0x00, 0x00, 0x0f, 0xff, 0xff, 0xff, 0xfe, 0x20, 0x00, 0x00, 0x4f, 0xff, 0xe0, 0x00, 0x00, 0x0f, 0xff, 0xf7, 0xff, 0xff,
    0xc1, 0x00, 0x00, 0x4f, 0xff, 0xe0, 0x00, 0x00, 0x0f, 0xff, 0xf2, 0x8f, 0xff, 0xfa, 0x00, 0x00, 0x4f, 0xff, 0xe0, 0x00,
    0x00, 0x0f, 0xff, 0xf2, 0x0a, 0xff, 0xff, 0x70, 0x00, 0x4f, 0xff, 0xe0, 0x00, 0x00, 0x0f, 0xff, 0xf2, 0x01, 0xcf, 0xff,
    0xf5, 0x00, 0x4f, 0xff, 0xe0, 0x00, 0x00, 0x0f, 0xff, 0xf2, 0x00, 0x2e, 0xff, 0xfe, 0x30, 0x4f, 0xff, 0xe0, 0x00, 0x00,
    0x0f, 0xff, 0xf2, 0x00, 0x04, 0xff, 0xff, 0xd1, 0x4f, 0xff, 0xe0, 0x00, 0x00, 0x0f, 0xff, 0xf2, 0x00, 0x00, 0x7f, 0xff,
    0xfb, 0x4f, 0xff, 0xe0, 0x00, 0x00, 0x0f, 0xff, 0xf2, 0x00, 0x00, 0x09, 0xff, 0xff, 0xcf, 0xff, 0xe0, 0x00, 0x00, 0x0f,
    0xff, 0xf2, 0x00, 0x00, 0x00, 0xcf, 0xff, 0xff, 0xff, 0xe0, 0x00, 0x00, 0x0f, 0xff, 0xf2, 0x00, 0x00, 0x00, 0x1d, 0xff,
    0xff, 0xff, 0xe0, 0x00, 0x00, 0x0f, 0xff, 0xf2, 0x00, 0x00, 0x00, 0x03, 0xff, 0xff, 0xff, 0xe0, 0x00, 0x00, 0x0f, 0xff,
    0xf2, 0x00, 0x00, 0x00, 0x00, 0x5f, 0xff, 0xff, 0xe0, 0x00, 0x00, 0x0f, 0xff, 0xf2, 0x00, 0x00, 0x00, 0x00, 0x08, 0xff,
    0xff, 0xe0, 0x00, 0x00, 0x0f, 0xff, 0xf2, 0x00, 0x00, 0x00, 0x00, 0x00, 0xbf, 0xff, 0xe0, 0x00, 0x00, 0x0f, 0xff, 0xf2,
    0x00, 0x00, 0x00, 0x00, 0x00, 0x1d, 0xff, 0xe0, 0x00, 0x00, 0x00, 0x00, 0x00, 0x00, 0x02, 0xcc, 0xcc, 0x50, 0x00, 0x00,
    0x00, 0x00, 0x00, 0x00, 0x00, 0x2e, 0xff, 0xe5, 0x00, 0x00, 0x00, 0x00, 0x00, 0x00, 0x00, 0x02, 0xdf, 0xfd, 0x20, 0x00,
    0x00, 0x00, 0x00, 0x00, 0x00, 0x00, 0x2d, 0xff, 0xa1, 0x00, 0x00, 0x00, 0x00, 0x00, 0x00, 0x00, 0x00, 0x79, 0x96, 0x00,
    0x00, 0x00, 0x00, 0x00, 0x00, 0x00, 0x00, 0x00, 0x00, 0x00, 0x00, 0x00, 0x00, 0x00, 0x00, 0x00, 0x11, 0x11, 0x10, 0x00,
    0x13, 0x43, 0x10, 0x00, 0x00, 0x00, 0x00, 0x6f, 0xff, 0x70, 0x7c, 0xff, 0xff, 0xea, 0x20, 0x00, 0x00, 0x00, 0x6f, 0xff,
    0x8c, 0xff, 0xff, 0xff, 0xff, 0xe5, 0x00, 0x00, 0x00, 0x6f, 0xff, 0xff, 0xff, 0xff, 0xff, 0xff, 0xff, 0x30, 0x00, 0x00,
    0x6f, 0xff, 0xff, 0xe9, 0x54, 0x5b, 0xff, 0xff, 0xb0, 0x00, 0x00, 0x6f, 0xff, 0xfd, 0x20, 0x00, 0x00, 0x8f, 0xff, 0xf1,
    0x00, 0x00, 0x6f, 0xff, 0xf4, 0x00, 0x00, 0x00, 0x0e, 0xff, 0xf4, 0x00, 0x00, 0x6f, 0xff, 0xd0, 0x00, 0x00, 0x00, 0x0a,
    0xff, 0xf6, 0x00, 0x00, 0x6f, 0xff, 0xb0, 0x00, 0x00, 0x00, 0x08, 0xff, 0xf7, 0x00, 0x00, 0x6f, 0xff, 0x90, 0x00, 0x00,
    0x00, 0x08, 0xff, 0xf7, 0x00, 0x00, 0x6f, 0xff, 0x90, 0x00, 0x00, 0x00, 0x08, 0xff, 0xf7, 0x00, 0x00, 0x6f, 0xff, 0x90,
    0x00, 0x00, 0x00, 0x08, 0xff, 0xf7, 0x00, 0x00, 0x6f, 0xff, 0x90, 0x00, 0x00, 0x00, 0x08, 0xff, 0xf7, 0x00, 0x00, 0x6f,
    0xff, 0x90, 0x00, 0x00, 0x00, 0x08, 0xff, 0xf7, 0x00, 0x00, 0x6f, 0xff, 0x90, 0x00, 0x00, 0x00, 0x08, 0xff, 0xf7, 0x00,
    0x00, 0x6f, 0xff, 0x90, 0x00, 0x00, 0x00, 0x08, 0xff, 0xf7, 0x00, 0x00, 0x6f, 0xff, 0x90, 0x00, 0x00, 0x00, 0x08, 0xff,
    0xf7, 0x00, 0x00, 0x6f, 0xff, 0x90, 0x00, 0x00, 0x00, 0x08, 0xff, 0xf7, 0x00, 0x00, 0x00, 0x00, 0x00, 0x00, 0x02, 0xcc,
    0xcc, 0x50, 0x00, 0x00, 0x00, 0x00, 0x00, 0x00, 0x2e, 0xff, 0xe5, 0x00, 0x00, 0x00, 0x00, 0x00, 0x00, 0x02, 0xdf, 0xfd,
    0x20, 0x00, 0x00, 0x00, 0x00, 0x00, 0x00, 0x2d, 0xff, 0xa1, 0x00, 0x00, 0x00, 0x00, 0x00, 0x00, 0x00, 0x79, 0x96, 0x00,
    0x00, 0x00, 0x00, 0x00, 0x00, 0x00, 0x00, 0x00, 0x00, 0x00, 0x00, 0x00, 0x00, 0x00, 0x00, 0x00, 0x26, 0x9a, 0xba, 0x96,
    0x30, 0x00, 0x00, 0x00, 0x00, 0x3b, 0xff, 0xff, 0xff, 0xff, 0xfe, 0x81, 0x00, 0x00, 0x07, 0xff, 0xff, 0xff, 0xff, 0xff,
    0xff, 0xfe, 0x00, 0x00, 0x5f, 0xff, 0xff, 0xec, 0xbc, 0xef, 0xff, 0xf9, 0x00, 0x00, 0xcf, 0xff, 0xd5, 0x00, 0x00, 0x02,
    0x7d, 0xf3, 0x00, 0x03, 0xff, 0xff, 0x20, 0x00, 0x00, 0x00, 0x00, 0x40, 0x00, 0x05, 0xff, 0xfc, 0x00, 0x00, 0x00, 0x00,
    0x00, 0x00, 0x00, 0x05, 0xff, 0xfd, 0x00, 0x00, 0x00, 0x00, 0x00, 0x00, 0x00, 0x03, 0xff, 0xff, 0x90, 0x00, 0x00, 0x00,
    0x00, 0x00, 0x00, 0x00, 0xdf, 0xff, 0xfe, 0x84, 0x10, 0x00, 0x00, 0x00, 0x00, 0x00, 0x3f, 0xff, 0xff, 0xff, 0xfb, 0x84,
    0x00, 0x00, 0x00, 0x00, 0x03, 0xdf, 0xff, 0xff, 0xff, 0xff, 0xe8, 0x10, 0x00, 0x00, 0x00, 0x05, 0xbf, 0xff, 0xff, 0xff,
    0xff, 0xd3, 0x00, 0x00, 0x00, 0x00, 0x01, 0x59, 0xcf, 0xff, 0xff, 0xfe, 0x20, 0x00, 0x00, 0x00, 0x00, 0x00, 0x01, 0x6d,
    0xff, 0xff, 0x90, 0x00, 0x00, 0x00, 0x00, 0x00, 0x00, 0x00, 0xaf, 0xff, 0xd0, 0x00, 0x00, 0x00, 0x00, 0x00, 0x00, 0x00,
    0x3f, 0xff, 0xf0, 0x00, 0x41, 0x00, 0x00, 0x00, 0x00, 0x00, 0x3f, 0xff, 0xd0, 0x00, 0xee, 0x71, 0x00, 0x00, 0x00, 0x00,
    0xaf, 0xff, 0xa0, 0x06, 0xff, 0xfe, 0xa6, 0x42, 0x23, 0x7d, 0xff, 0xff, 0x40, 0x0a, 0xff, 0xff, 0xff, 0xff, 0xff, 0xff,
    0xff, 0xf9, 0x00, 0x00, 0x8e, 0xff, 0xff, 0xff, 0xff, 0xff, 0xff, 0x80, 0x00, 0x00, 0x01, 0x6a, 0xef, 0xff, 0xff, 0xfe,
    0x93, 0x00, 0x00, 0x00, 0x00, 0x00, 0x02, 0x34, 0x44, 0x20, 0x00, 0x00, 0x00, 0x00, 0x00, 0x00, 0x00, 0x02, 0xcc, 0xcc,
    0x50, 0x00, 0x00, 0x00, 0x00, 0x2e, 0xff, 0xe5, 0x00, 0x00, 0x00, 0x00, 0x02, 0xdf, 0xfd, 0x20, 0x00, 0x00, 0x00, 0x00,
    0x2d, 0xff, 0xa1, 0x00, 0x00, 0x00, 0x00, 0x00, 0x79, 0x96, 0x00, 0x00, 0x00, 0x00, 0x00, 0x00, 0x00, 0x00, 0x00, 0x00,
    0x00, 0x00, 0x00, 0x00, 0x13, 0x44, 0x30, 0x00, 0x00, 0x00, 0x01, 0x8d, 0xff, 0xff, 0xff, 0xc8, 0x20, 0x00, 0x3e, 0xff,
    0xff, 0xff, 0xff, 0xff, 0xd0, 0x01, 0xef, 0xff, 0xff, 0xff, 0xff, 0xff, 0x70, 0x08, 0xff, 0xfd, 0x51, 0x00, 0x25, 0xbe,
    0x10, 0x0b, 0xff, 0xf3, 0x00, 0x00, 0x00, 0x01, 0x00, 0x0c, 0xff, 0xf4, 0x00, 0x00, 0x00, 0x00, 0x00, 0x09, 0xff, 0xfe,
    0x95, 0x20, 0x00, 0x00, 0x00, 0x03, 0xff, 0xff, 0xff, 0xfe, 0xb8, 0x30, 0x00, 0x00, 0x4e, 0xff, 0xff, 0xff, 0xff, 0xfc,
    0x20, 0x00, 0x00, 0x5a, 0xdf, 0xff, 0xff, 0xff, 0xd1, 0x00, 0x00, 0x00, 0x01, 0x46, 0xbf, 0xff, 0xf6, 0x00, 0x00, 0x00,
    0x00, 0x00, 0x07, 0xff, 0xf9, 0x00, 0x81, 0x00, 0x00, 0x00, 0x06, 0xff, 0xf8, 0x06, 0xff, 0xa6, 0x31, 0x12, 0x6e, 0xff,
    0xf5, 0x0d, 0xff, 0xff, 0xff, 0xff, 0xff, 0xff, 0xc0, 0x2b, 0xff, 0xff, 0xff, 0xff, 0xff, 0xfc, 0x10, 0x00, 0x38, 0xcf,
    0xff, 0xff, 0xeb, 0x50, 0x00, 0x00, 0x00, 0x00, 0x23, 0x21, 0x00, 0x00, 0x00, 0x00, 0x00, 0x00, 0x00, 0x00, 0x02, 0xcc,
    0xcc, 0x50, 0x00, 0x00, 0x00, 0x00, 0x00, 0x00, 0x02, 0xef, 0xfe, 0x50, 0x00, 0x00, 0x00, 0x00, 0x00, 0x00, 0x02, 0xdf,
    0xfd, 0x20, 0x00, 0x00, 0x00, 0x00, 0x00, 0x00, 0x02, 0xdf, 0xfa, 0x10, 0x00, 0x00, 0x00, 0x00, 0x00, 0x00, 0x00, 0x79,
    0x96, 0x00, 0x00, 0x00, 0x00, 0x00, 0x00, 0x00, 0x00, 0x00, 0x00, 0x00, 0x00, 0x00, 0x00, 0x00, 0x03, 0x66, 0x66, 0x66,
    0x66, 0x66, 0x66, 0x66, 0x66, 0x66, 0x00, 0x7f, 0xff, 0xff, 0xff, 0xff, 0xff, 0xff, 0xff, 0xff, 0xf0, 0x07, 0xff, 0xff,
    0xff, 0xff, 0xff, 0xff, 0xff, 0xff, 0xff, 0x00, 0x7f, 0xff, 0xff, 0xff, 0xff, 0xff, 0xff, 0xff, 0xff, 0xd0, 0x01, 0x22,
    0x22, 0x22, 0x22, 0x22, 0x22, 0xdf, 0xff, 0xe2, 0x00, 0x00, 0x00, 0x00, 0x00, 0x00, 0x00, 0xaf, 0xff, 0xf4, 0x00, 0x00,
    0x00, 0x00, 0x00, 0x00, 0x00, 0x7f, 0xff, 0xf7, 0x00, 0x00, 0x00, 0x00, 0x00, 0x00, 0x00, 0x4f, 0xff, 0xf9, 0x00, 0x00,
    0x00, 0x00, 0x00, 0x00, 0x00, 0x2e, 0xff, 0xfc, 0x00, 0x00, 0x00, 0x00, 0x00, 0x00, 0x00, 0x1d, 0xff, 0xfd, 0x10, 0x00,
    0x00, 0x00, 0x00, 0x00, 0x00, 0x0b, 0xff, 0xff, 0x30, 0x00, 0x00, 0x00, 0x00, 0x00, 0x00, 0x08, 0xff, 0xff, 0x50, 0x00,
    0x00, 0x00, 0x00, 0x00, 0x00, 0x06, 0xff, 0xff, 0x80, 0x00, 0x00, 0x00, 0x00, 0x00, 0x00, 0x03, 0xff, 0xff, 0xb0, 0x00,
    0x00, 0x00, 0x00, 0x00, 0x00, 0x02, 0xef, 0xff, 0xd1, 0x00, 0x00, 0x00, 0x00, 0x00, 0x00, 0x00, 0xcf, 0xff, 0xe2, 0x00,
    0x00, 0x00, 0x00, 0x00, 0x00, 0x00, 0xaf, 0xff, 0xf4, 0x00, 0x00, 0x00, 0x00, 0x00, 0x00, 0x00, 0x7f, 0xff, 0xf7, 0x00,
    0x00, 0x00, 0x00, 0x00, 0x00, 0x00, 0x4f, 0xff, 0xf9, 0x00, 0x00, 0x00, 0x00, 0x00, 0x00, 0x00, 0x2e, 0xff, 0xff, 0x88,
    0x88, 0x88, 0x88, 0x88, 0x88, 0x83, 0x0a, 0xff, 0xff, 0xff, 0xff, 0xff, 0xff, 0xff, 0xff, 0xff, 0x70, 0xbf, 0xff, 0xff,
    0xff, 0xff, 0xff, 0xff, 0xff, 0xff, 0xf7, 0x0b, 0xff, 0xff, 0xff, 0xff, 0xff, 0xff, 0xff, 0xff, 0xff, 0x70, 0x00, 0x00,
    0x00, 0x00, 0x02, 0xcc, 0xcc, 0x50, 0x00, 0x00, 0x00, 0x00, 0x02, 0xef, 0xfe, 0x50, 0x00, 0x00, 0x00, 0x00, 0x02, 0xdf,
    0xfd, 0x20, 0x00, 0x00, 0x00, 0x00, 0x02, 0xdf, 0xfa, 0x10, 0x00, 0x00, 0x00, 0x00, 0x00, 0x79, 0x96, 0x00, 0x00, 0x00,
    0x00, 0x00, 0x00, 0x00, 0x00, 0x00, 0x00, 0x00, 0x00, 0x01, 0x11, 0x11, 0x11, 0x11, 0x11, 0x11, 0x11, 0x00, 0x9f, 0xff,
    0xff, 0xff, 0xff, 0xff, 0xff, 0xb0, 0x09, 0xff, 0xff, 0xff, 0xff, 0xff, 0xff, 0xfb, 0x00, 0x9f, 0xff, 0xff, 0xff, 0xff,
    0xff, 0xff, 0x90, 0x01, 0x22, 0x22, 0x22, 0x22, 0xcf, 0xff, 0xc0, 0x00, 0x00, 0x00, 0x00, 0x00, 0x8f, 0xff, 0xd1, 0x00,
    0x00, 0x00, 0x00, 0x00, 0x5f, 0xff, 0xe3, 0x00, 0x00, 0x00, 0x00, 0x00, 0x3f, 0xff, 0xf5, 0x00, 0x00, 0x00, 0x00, 0x00,
    0x2e, 0xff, 0xf8, 0x00, 0x00, 0x00, 0x00, 0x00, 0x1c, 0xff, 0xfa, 0x00, 0x00, 0x00, 0x00, 0x00, 0x0a, 0xff, 0xfc, 0x10,
    0x00, 0x00, 0x00, 0x00, 0x07, 0xff, 0xfe, 0x20, 0x00, 0x00, 0x00, 0x00, 0x05, 0xff, 0xff, 0x30, 0x00, 0x00, 0x00, 0x00,
    0x03, 0xef, 0xff, 0x60, 0x00, 0x00, 0x00, 0x00, 0x01, 0xdf, 0xff, 0xb3, 0x33, 0x33, 0x33, 0x33, 0x00, 0xaf, 0xff, 0xff,
    0xff, 0xff, 0xff, 0xff, 0xf0, 0x0c, 0xff, 0xff, 0xff, 0xff, 0xff, 0xff, 0xff, 0x00, 0xcf, 0xff, 0xff, 0xff, 0xff, 0xff,
    0xff, 0xf0, 0x00, 0x00, 0x00, 0x00, 0x01, 0x52, 0x00, 0x00, 0x00, 0x00, 0x00, 0x00, 0x00, 0x00, 0x03, 0xef, 0xf5, 0x00,
    0x00, 0x00, 0x00, 0x00, 0x00, 0x00, 0x00, 0x9f, 0xff, 0xc0, 0x00, 0x00, 0x00, 0x00, 0x00, 0x00, 0x00, 0x09, 0xff, 0xfb,
    0x00, 0x00, 0x00, 0x00, 0x00, 0x00, 0x00, 0x00, 0x2d, 0xfe, 0x40, 0x00, 0x00, 0x00, 0x00, 0x00, 0x00, 0x00, 0x00, 0x02,
    0x10, 0x00, 0x00, 0x00, 0x00, 0x00, 0x00, 0x00, 0x00, 0x00, 0x00, 0x00, 0x00, 0x00, 0x00, 0x00, 0x36, 0x66, 0x66, 0x66,
    0x66, 0x66, 0x66, 0x66, 0x66, 0x60, 0x07, 0xff, 0xff, 0xff, 0xff, 0xff, 0xff, 0xff, 0xff, 0xff, 0x00, 0x7f, 0xff, 0xff,
    0xff, 0xff, 0xff, 0xff, 0xff, 0xff, 0xf0, 0x07, 0xff, 0xff, 0xff, 0xff, 0xff, 0xff, 0xff, 0xff, 0xfd, 0x00, 0x12, 0x22,
    0x22, 0x22, 0x22, 0x22, 0x2d, 0xff, 0xfe, 0x20, 0x00, 0x00, 0x00, 0x00, 0x00, 0x00, 0x0a, 0xff, 0xff, 0x40, 0x00, 0x00,
    0x00, 0x00, 0x00, 0x00, 0x07, 0xff, 0xff, 0x70, 0x00, 0x00, 0x00, 0x00, 0x00, 0x00, 0x04, 0xff, 0xff, 0x90, 0x00, 0x00,
    0x00, 0x00, 0x00, 0x00, 0x02, 0xef, 0xff, 0xc0, 0x00, 0x00, 0x00, 0x00, 0x00, 0x00, 0x01, 0xdf, 0xff, 0xd1, 0x00, 0x00,
    0x00, 0x00, 0x00, 0x00, 0x00, 0xbf, 0xff, 0xf3, 0x00, 0x00, 0x00, 0x00, 0x00, 0x00, 0x00, 0x8f, 0xff, 0xf5, 0x00, 0x00,
    0x00, 0x00, 0x00, 0x00, 0x00, 0x6f, 0xff, 0xf8, 0x00, 0x00, 0x00, 0x00, 0x00, 0x00, 0x00, 0x3f, 0xff, 0xfb, 0x00, 0x00,
    0x00, 0x00, 0x00, 0x00, 0x00, 0x2e, 0xff, 0xfd, 0x10, 0x00, 0x00, 0x00, 0x00, 0x00, 0x00, 0x0c, 0xff, 0xfe, 0x20, 0x00,
    0x00, 0x00, 0x00, 0x00, 0x00, 0x0a, 0xff, 0xff, 0x40, 0x00, 0x00, 0x00, 0x00, 0x00, 0x00, 0x07, 0xff, 0xff, 0x70, 0x00,
    0x00, 0x00, 0x00, 0x00, 0x00, 0x04, 0xff, 0xff, 0x90, 0x00, 0x00, 0x00, 0x00, 0x00, 0x00, 0x02, 0xef, 0xff, 0xf8, 0x88,
    0x88, 0x88, 0x88, 0x88, 0x88, 0x30, 0xaf, 0xff, 0xff, 0xff, 0xff, 0xff, 0xff, 0xff, 0xff, 0xf7, 0x0b, 0xff, 0xff, 0xff,
    0xff, 0xff, 0xff, 0xff, 0xff, 0xff, 0x70, 0xbf, 0xff, 0xff, 0xff, 0xff, 0xff, 0xff, 0xff, 0xff, 0xf7, 0x00, 0x00, 0x00,
    0x01, 0x52, 0x00, 0x00, 0x00, 0x00, 0x00, 0x00, 0x03, 0xef, 0xf5, 0x00, 0x00, 0x00, 0x00, 0x00, 0x00, 0x9f, 0xff, 0xc0,
    0x00, 0x00, 0x00, 0x00, 0x00, 0x09, 0xff, 0xfb, 0x00, 0x00, 0x00, 0x00, 0x00, 0x00, 0x2d, 0xfe, 0x40, 0x00, 0x00, 0x00,
    0x00, 0x00, 0x00, 0x02, 0x10, 0x00, 0x00, 0x00, 0x00, 0x00, 0x00, 0x00, 0x00, 0x00, 0x00, 0x00, 0x00, 0x11, 0x11, 0x11,
    0x11, 0x11, 0x11, 0x11, 0x10, 0x09, 0xff, 0xff, 0xff, 0xff, 0xff, 0xff, 0xfb, 0x00, 0x9f, 0xff, 0xff, 0xff, 0xff, 0xff,
    0xff, 0xb0, 0x09, 0xff, 0xff, 0xff, 0xff, 0xff, 0xff, 0xf9, 0x00, 0x12, 0x22, 0x22, 0x22, 0x2c, 0xff, 0xfc, 0x00, 0x00,
    0x00, 0x00, 0x00, 0x08, 0xff, 0xfd, 0x10, 0x00, 0x00, 0x00, 0x00, 0x05, 0xff, 0xfe, 0x30, 0x00, 0x00, 0x00, 0x00, 0x03,
    0xff, 0xff, 0x50, 0x00, 0x00, 0x00, 0x00, 0x02, 0xef, 0xff, 0x80, 0x00, 0x00, 0x00, 0x00, 0x01, 0xcf, 0xff, 0xa0, 0x00,
    0x00, 0x00, 0x00, 0x00, 0xaf, 0xff, 0xc1, 0x00, 0x00, 0x00, 0x00, 0x00, 0x7f, 0xff, 0xe2, 0x00, 0x00, 0x00, 0x00, 0x00,
    0x5f, 0xff, 0xf3, 0x00, 0x00, 0x00, 0x00, 0x00, 0x3e, 0xff, 0xf6, 0x00, 0x00, 0x00, 0x00, 0x00, 0x1d, 0xff, 0xfb, 0x33,
    0x33, 0x33, 0x33, 0x30, 0x0a, 0xff, 0xff, 0xff, 0xff, 0xff, 0xff, 0xff, 0x00, 0xcf, 0xff, 0xff, 0xff, 0xff, 0xff, 0xff,
    0xf0, 0x0c, 0xff, 0xff, 0xff, 0xff, 0xff, 0xff, 0xff, 0x00,
};
static const lv_font_fmt_txt_glyph_dsc_t glyph_dsc[] = {
    {0},
    {.bitmap_index=0, .adv_w=144, .box_w=9, .box_h=0, .ofs_x=0, .ofs_y=0},
    {.bitmap_index=0, .adv_w=144, .box_w=9, .box_h=24, .ofs_x=0, .ofs_y=-1},
    {.bitmap_index=108, .adv_w=208, .box_w=13, .box_h=23, .ofs_x=0, .ofs_y=0},
    {.bitmap_index=258, .adv_w=368, .box_w=23, .box_h=23, .ofs_x=0, .ofs_y=0},
    {.bitmap_index=523, .adv_w=320, .box_w=20, .box_h=31, .ofs_x=0, .ofs_y=-4},
    {.bitmap_index=833, .adv_w=448, .box_w=28, .box_h=24, .ofs_x=0, .ofs_y=-1},
    {.bitmap_index=1169, .adv_w=368, .box_w=23, .box_h=24, .ofs_x=0, .ofs_y=-1},
    {.bitmap_index=1445, .adv_w=112, .box_w=7, .box_h=23, .ofs_x=0, .ofs_y=0},
    {.bitmap_index=1526, .adv_w=176, .box_w=11, .box_h=31, .ofs_x=0, .ofs_y=-7},
    {.bitmap_index=1697, .adv_w=176, .box_w=11, .box_h=31, .ofs_x=0, .ofs_y=-7},
    {.bitmap_index=1868, .adv_w=208, .box_w=13, .box_h=24, .ofs_x=0, .ofs_y=0},
    {.bitmap_index=2024, .adv_w=304, .box_w=19, .box_h=19, .ofs_x=0, .ofs_y=0},
    {.bitmap_index=2205, .adv_w=128, .box_w=8, .box_h=11, .ofs_x=0, .ofs_y=-5},
    {.bitmap_index=2249, .adv_w=192, .box_w=12, .box_h=11, .ofs_x=0, .ofs_y=0},
    {.bitmap_index=2315, .adv_w=128, .box_w=8, .box_h=7, .ofs_x=0, .ofs_y=-1},
    {.bitmap_index=2343, .adv_w=192, .box_w=15, .box_h=31, .ofs_x=-1, .ofs_y=-4},
    {.bitmap_index=2576, .adv_w=352, .box_w=22, .box_h=24, .ofs_x=0, .ofs_y=-1},
    {.bitmap_index=2840, .adv_w=192, .box_w=12, .box_h=23, .ofs_x=0, .ofs_y=0},
    {.bitmap_index=2978, .adv_w=304, .box_w=19, .box_h=23, .ofs_x=0, .ofs_y=0},
    {.bitmap_index=3197, .adv_w=304, .box_w=19, .box_h=24, .ofs_x=0, .ofs_y=-1},
    {.bitmap_index=3425, .adv_w=352, .box_w=22, .box_h=23, .ofs_x=0, .ofs_y=0},
    {.bitmap_index=3678, .adv_w=304, .box_w=19, .box_h=24, .ofs_x=0, .ofs_y=-1},
    {.bitmap_index=3906, .adv_w=320, .box_w=20, .box_h=24, .ofs_x=0, .ofs_y=-1},
    {.bitmap_index=4146, .adv_w=304, .box_w=19, .box_h=23, .ofs_x=0, .ofs_y=0},
    {.bitmap_index=4365, .adv_w=336, .box_w=21, .box_h=24, .ofs_x=0, .ofs_y=-1},
    {.bitmap_index=4617, .adv_w=320, .box_w=20, .box_h=24, .ofs_x=0, .ofs_y=-1},
    {.bitmap_index=4857, .adv_w=128, .box_w=8, .box_h=19, .ofs_x=0, .ofs_y=-1},
    {.bitmap_index=4933, .adv_w=128, .box_w=8, .box_h=23, .ofs_x=0, .ofs_y=-5},
    {.bitmap_index=5025, .adv_w=304, .box_w=19, .box_h=19, .ofs_x=0, .ofs_y=0},
    {.bitmap_index=5206, .adv_w=304, .box_w=19, .box_h=17, .ofs_x=0, .ofs_y=0},
    {.bitmap_index=5368, .adv_w=304, .box_w=19, .box_h=19, .ofs_x=0, .ofs_y=0},
    {.bitmap_index=5549, .adv_w=304, .box_w=19, .box_h=24, .ofs_x=0, .ofs_y=-1},
    {.bitmap_index=5777, .adv_w=528, .box_w=33, .box_h=30, .ofs_x=0, .ofs_y=-7},
    {.bitmap_index=6272, .adv_w=384, .box_w=26, .box_h=23, .ofs_x=-1, .ofs_y=0},
    {.bitmap_index=6571, .adv_w=384, .box_w=24, .box_h=23, .ofs_x=0, .ofs_y=0},
    {.bitmap_index=6847, .adv_w=368, .box_w=23, .box_h=24, .ofs_x=0, .ofs_y=-1},
    {.bitmap_index=7123, .adv_w=416, .box_w=26, .box_h=23, .ofs_x=0, .ofs_y=0},
    {.bitmap_index=7422, .adv_w=336, .box_w=21, .box_h=23, .ofs_x=0, .ofs_y=0},
    {.bitmap_index=7664, .adv_w=320, .box_w=20, .box_h=23, .ofs_x=0, .ofs_y=0},
    {.bitmap_index=7894, .adv_w=400, .box_w=25, .box_h=24, .ofs_x=0, .ofs_y=-1},
    {.bitmap_index=8194, .adv_w=416, .box_w=26, .box_h=23, .ofs_x=0, .ofs_y=0},
    {.bitmap_index=8493, .adv_w=160, .box_w=10, .box_h=23, .ofs_x=0, .ofs_y=0},
    {.bitmap_index=8608, .adv_w=272, .box_w=18, .box_h=24, .ofs_x=-1, .ofs_y=-1},
    {.bitmap_index=8824, .adv_w=368, .box_w=24, .box_h=23, .ofs_x=0, .ofs_y=0},
    {.bitmap_index=9100, .adv_w=304, .box_w=19, .box_h=23, .ofs_x=0, .ofs_y=0},
    {.bitmap_index=9319, .adv_w=496, .box_w=31, .box_h=23, .ofs_x=0, .ofs_y=0},
    {.bitmap_index=9676, .adv_w=416, .box_w=26, .box_h=23, .ofs_x=0, .ofs_y=0},
    {.bitmap_index=9975, .adv_w=432, .box_w=27, .box_h=24, .ofs_x=0, .ofs_y=-1},
    {.bitmap_index=10299, .adv_w=368, .box_w=23, .box_h=23, .ofs_x=0, .ofs_y=0},
    {.bitmap_index=10564, .adv_w=432, .box_w=27, .box_h=28, .ofs_x=0, .ofs_y=-5},
    {.bitmap_index=10942, .adv_w=368, .box_w=23, .box_h=23, .ofs_x=0, .ofs_y=0},
    {.bitmap_index=11207, .adv_w=320, .box_w=20, .box_h=24, .ofs_x=0, .ofs_y=-1},
    {.bitmap_index=11447, .adv_w=304, .box_w=20, .box_h=23, .ofs_x=0, .ofs_y=0},
    {.bitmap_index=11677, .adv_w=400, .box_w=25, .box_h=24, .ofs_x=0, .ofs_y=-1},
    {.bitmap_index=11977, .adv_w=368, .box_w=25, .box_h=23, .ofs_x=-1, .ofs_y=0},
    {.bitmap_index=12265, .adv_w=592, .box_w=37, .box_h=23, .ofs_x=0, .ofs_y=0},
    {.bitmap_index=12691, .adv_w=352, .box_w=22, .box_h=23, .ofs_x=0, .ofs_y=0},
    {.bitmap_index=12944, .adv_w=336, .box_w=23, .box_h=23, .ofs_x=-1, .ofs_y=0},
    {.bitmap_index=13209, .adv_w=336, .box_w=21, .box_h=23, .ofs_x=0, .ofs_y=0},
    {.bitmap_index=13451, .adv_w=176, .box_w=11, .box_h=31, .ofs_x=0, .ofs_y=-7},
    {.bitmap_index=13622, .adv_w=192, .box_w=15, .box_h=31, .ofs_x=-2, .ofs_y=-4},
    {.bitmap_index=13855, .adv_w=176, .box_w=11, .box_h=31, .ofs_x=0, .ofs_y=-7},
    {.bitmap_index=14026, .adv_w=304, .box_w=19, .box_h=18, .ofs_x=0, .ofs_y=0},
    {.bitmap_index=14197, .adv_w=256, .box_w=16, .box_h=3, .ofs_x=0, .ofs_y=-3},
    {.bitmap_index=14221, .adv_w=304, .box_w=19, .box_h=24, .ofs_x=0, .ofs_y=0},
    {.bitmap_index=14449, .adv_w=304, .box_w=19, .box_h=19, .ofs_x=0, .ofs_y=-1},
    {.bitmap_index=14630, .adv_w=352, .box_w=22, .box_h=25, .ofs_x=0, .ofs_y=-1},
    {.bitmap_index=14905, .adv_w=304, .box_w=19, .box_h=19, .ofs_x=0, .ofs_y=-1},
    {.bitmap_index=15086, .adv_w=352, .box_w=22, .box_h=25, .ofs_x=0, .ofs_y=-1},
    {.bitmap_index=15361, .adv_w=320, .box_w=20, .box_h=19, .ofs_x=0, .ofs_y=-1},
    {.bitmap_index=15551, .adv_w=192, .box_w=13, .box_h=24, .ofs_x=0, .ofs_y=0},
    {.bitmap_index=15707, .adv_w=352, .box_w=22, .box_h=25, .ofs_x=0, .ofs_y=-7},
    {.bitmap_index=15982, .adv_w=352, .box_w=22, .box_h=24, .ofs_x=0, .ofs_y=0},
    {.bitmap_index=16246, .adv_w=144, .box_w=9, .box_h=25, .ofs_x=0, .ofs_y=0},
    {.bitmap_index=16359, .adv_w=144, .box_w=12, .box_h=32, .ofs_x=-3, .ofs_y=-7},
    {.bitmap_index=16551, .adv_w=320, .box_w=21, .box_h=24, .ofs_x=0, .ofs_y=0},
    {.bitmap_index=16803, .adv_w=144, .box_w=9, .box_h=24, .ofs_x=0, .ofs_y=0},
    {.bitmap_index=16911, .adv_w=544, .box_w=34, .box_h=18, .ofs_x=0, .ofs_y=0},
    {.bitmap_index=17217, .adv_w=352, .box_w=22, .box_h=18, .ofs_x=0, .ofs_y=0},
    {.bitmap_index=17415, .adv_w=336, .box_w=21, .box_h=19, .ofs_x=0, .ofs_y=-1},
    {.bitmap_index=17615, .adv_w=352, .box_w=22, .box_h=25, .ofs_x=0, .ofs_y=-7},
    {.bitmap_index=17890, .adv_w=352, .box_w=22, .box_h=25, .ofs_x=0, .ofs_y=-7},
    {.bitmap_index=18165, .adv_w=208, .box_w=13, .box_h=18, .ofs_x=0, .ofs_y=0},
    {.bitmap_index=18282, .adv_w=256, .box_w=16, .box_h=19, .ofs_x=0, .ofs_y=-1},
    {.bitmap_index=18434, .adv_w=224, .box_w=14, .box_h=22, .ofs_x=0, .ofs_y=-1},
    {.bitmap_index=18588, .adv_w=352, .box_w=22, .box_h=19, .ofs_x=0, .ofs_y=-1},
    {.bitmap_index=18797, .adv_w=304, .box_w=20, .box_h=18, .ofs_x=-1, .ofs_y=0},
    {.bitmap_index=18977, .adv_w=464, .box_w=30, .box_h=18, .ofs_x=0, .ofs_y=0},
    {.bitmap_index=19247, .adv_w=288, .box_w=19, .box_h=18, .ofs_x=0, .ofs_y=0},
    {.bitmap_index=19418, .adv_w=304, .box_w=20, .box_h=25, .ofs_x=-1, .ofs_y=-7},
    {.bitmap_index=19668, .adv_w=272, .box_w=17, .box_h=18, .ofs_x=0, .ofs_y=0},
    {.bitmap_index=19821, .adv_w=192, .box_w=12, .box_h=31, .ofs_x=0, .ofs_y=-7},
    {.bitmap_index=20007, .adv_w=160, .box_w=10, .box_h=31, .ofs_x=0, .ofs_y=-7},
    {.bitmap_index=20162, .adv_w=192, .box_w=12, .box_h=31, .ofs_x=0, .ofs_y=-7},
    {.bitmap_index=20348, .adv_w=304, .box_w=19, .box_h=15, .ofs_x=0, .ofs_y=0},
    {.bitmap_index=20491, .adv_w=432, .box_w=27, .box_h=30, .ofs_x=0, .ofs_y=-1},
    {.bitmap_index=20896, .adv_w=336, .box_w=21, .box_h=25, .ofs_x=0, .ofs_y=-1},
    {.bitmap_index=21159, .adv_w=384, .box_w=26, .box_h=31, .ofs_x=-1, .ofs_y=-8},
    {.bitmap_index=21562, .adv_w=304, .box_w=19, .box_h=26, .ofs_x=0, .ofs_y=-8},
    {.bitmap_index=21809, .adv_w=368, .box_w=23, .box_h=30, .ofs_x=0, .ofs_y=-1},
    {.bitmap_index=22154, .adv_w=304, .box_w=19, .box_h=25, .ofs_x=0, .ofs_y=-1},
    {.bitmap_index=22392, .adv_w=336, .box_w=21, .box_h=31, .ofs_x=0, .ofs_y=-8},
    {.bitmap_index=22718, .adv_w=320, .box_w=20, .box_h=26, .ofs_x=0, .ofs_y=-8},
    {.bitmap_index=22978, .adv_w=304, .box_w=20, .box_h=23, .ofs_x=-1, .ofs_y=0},
    {.bitmap_index=23208, .adv_w=144, .box_w=12, .box_h=24, .ofs_x=-1, .ofs_y=0},
    {.bitmap_index=23352, .adv_w=416, .box_w=26, .box_h=29, .ofs_x=0, .ofs_y=0},
    {.bitmap_index=23729, .adv_w=352, .box_w=22, .box_h=24, .ofs_x=0, .ofs_y=0},
    {.bitmap_index=23993, .adv_w=320, .box_w=20, .box_h=30, .ofs_x=0, .ofs_y=-1},
    {.bitmap_index=24293, .adv_w=256, .box_w=16, .box_h=25, .ofs_x=0, .ofs_y=-1},
    {.bitmap_index=24493, .adv_w=336, .box_w=21, .box_h=29, .ofs_x=0, .ofs_y=0},
    {.bitmap_index=24798, .adv_w=272, .box_w=17, .box_h=24, .ofs_x=0, .ofs_y=0},
    {.bitmap_index=25002, .adv_w=336, .box_w=21, .box_h=30, .ofs_x=0, .ofs_y=0},
    {.bitmap_index=25317, .adv_w=272, .box_w=17, .box_h=25, .ofs_x=0, .ofs_y=0},
};
static const uint16_t unicode_list[] = {0, 1, 2, 3, 4, 5, 6, 7, 8, 9, 10, 11, 12, 13, 14, 15, 16, 17, 18, 19, 20, 21, 22, 23, 24, 25, 26, 27, 28, 29, 30, 31, 32, 33, 34, 35, 36, 37, 38, 39, 40, 41, 42, 43, 44, 45, 46, 47, 48, 49, 50, 51, 52, 53, 54, 55, 56, 57, 58, 59, 60, 61, 62, 63, 64, 65, 66, 67, 68, 69, 70, 71, 72, 73, 74, 75, 76, 77, 78, 79, 80, 81, 82, 83, 84, 85, 86, 87, 88, 89, 90, 91, 92, 93, 94, 179, 211, 228, 229, 230, 231, 248, 249, 289, 290, 291, 292, 314, 315, 345, 346, 347, 348};
static const lv_font_fmt_txt_cmap_t cmaps[] = {{
    .range_start=32, .range_length=349, .glyph_id_start=1,
    .unicode_list=unicode_list, .glyph_id_ofs_list=NULL, .list_length=113,
    .type=LV_FONT_FMT_TXT_CMAP_SPARSE_TINY,
}};
static const lv_font_fmt_txt_dsc_t font_dsc = {
    .glyph_bitmap=glyph_bitmap, .glyph_dsc=glyph_dsc, .cmaps=cmaps,
    .kern_dsc=NULL, .kern_scale=0, .cmap_num=1, .bpp=4, .kern_classes=0, .bitmap_format=0,
};
const lv_font_t tesla_text_32 = {
    .get_glyph_dsc=lv_font_get_glyph_dsc_fmt_txt, .get_glyph_bitmap=lv_font_get_bitmap_fmt_txt,
    .line_height=40, .base_line=9, .subpx=LV_FONT_SUBPX_NONE,
    .underline_position=-2, .underline_thickness=1, .dsc=&font_dsc,
};
