// Generated by tools/tesla_assets.py. Montserrat SemiBold, OFL (tesla_font_OFL.txt).
#include <lvgl.h>
static const uint8_t glyph_bitmap[] = {
    0x01, 0x33, 0x32, 0x00, 0x4f, 0xff, 0x80, 0x03, 0xff, 0xf7, 0x00, 0x2f, 0xff, 0x60, 0x02, 0xff, 0xf5, 0x00, 0x1f, 0xff,
    0x50, 0x00, 0xff, 0xf4, 0x00, 0x0e, 0xff, 0x30, 0x00, 0xef, 0xf2, 0x00, 0x0d, 0xff, 0x10, 0x00, 0xcf, 0xf1, 0x00, 0x0b,
    0xff, 0x00, 0x00, 0xae, 0xd0, 0x00, 0x00, 0x00, 0x00, 0x00, 0x00, 0x00, 0x00, 0x07, 0xc9, 0x10, 0x05, 0xff, 0xf8, 0x00,
    0x6f, 0xff, 0x90, 0x01, 0xcf, 0xe3, 0x00, 0x00, 0x20, 0x00, 0x02, 0x33, 0x10, 0x23, 0x31, 0x00, 0x8f, 0xf3, 0x08, 0xff,
    0x30, 0x07, 0xff, 0x30, 0x7f, 0xf3, 0x00, 0x7f, 0xf2, 0x07, 0xff, 0x20, 0x06, 0xff, 0x20, 0x6f, 0xf2, 0x00, 0x6f, 0xf2,
    0x06, 0xff, 0x20, 0x06, 0xff, 0x10, 0x6f, 0xf1, 0x00, 0x5f, 0xf1, 0x05, 0xff, 0x10, 0x00, 0x00, 0x00, 0x00, 0x00, 0x00,
    0x00, 0x00, 0x00, 0x00, 0x00, 0x00, 0x00, 0x00, 0x00, 0x00, 0x00, 0x00, 0x00, 0x00, 0x00, 0x00, 0x00, 0x00, 0x00, 0x00,
    0x00, 0x00, 0x00, 0x00, 0x00, 0x00, 0x00, 0x00, 0x00, 0x00, 0x00, 0x00, 0x00, 0x00, 0x00, 0x00, 0x00, 0x00, 0x00, 0x00,
    0x00, 0x00, 0x00, 0x00, 0x00, 0x00, 0x00, 0x00, 0x00, 0x00, 0x00, 0x00, 0x00, 0x00, 0x00, 0x00, 0x00, 0x01, 0x33, 0x10,
    0x00, 0x13, 0x30, 0x00, 0x00, 0x00, 0x04, 0xff, 0x20, 0x00, 0x8f, 0xd0, 0x00, 0x00, 0x00, 0x06, 0xff, 0x00, 0x00, 0xaf,
    0xb0, 0x00, 0x00, 0x00, 0x08, 0xfd, 0x00, 0x00, 0xcf, 0x90, 0x00, 0x00, 0x00, 0x0a, 0xfb, 0x00, 0x00, 0xdf, 0x70, 0x00,
    0x06, 0xcc, 0xcf, 0xff, 0xcc, 0xcc, 0xff, 0xfc, 0xca, 0x08, 0xff, 0xff, 0xff, 0xff, 0xff, 0xff, 0xff, 0xfd, 0x05, 0x99,
    0x9f, 0xfe, 0x99, 0x9d, 0xff, 0xa9, 0x98, 0x00, 0x00, 0x2f, 0xf4, 0x00, 0x06, 0xff, 0x00, 0x00, 0x00, 0x00, 0x4f, 0xf2,
    0x00, 0x08, 0xfd, 0x00, 0x00, 0x00, 0x00, 0x6f, 0xf0, 0x00, 0x0a, 0xfb, 0x00, 0x00, 0x00, 0x00, 0x8f, 0xd0, 0x00, 0x0b,
    0xf9, 0x00, 0x00, 0x5c, 0xcc, 0xff, 0xfc, 0xcc, 0xcf, 0xff, 0xcc, 0xc0, 0x6f, 0xff, 0xff, 0xff, 0xff, 0xff, 0xff, 0xff,
    0xf0, 0x39, 0x99, 0xff, 0xf9, 0x99, 0xbf, 0xfc, 0x99, 0x90, 0x00, 0x00, 0xff, 0x60, 0x00, 0x4f, 0xf2, 0x00, 0x00, 0x00,
    0x02, 0xff, 0x40, 0x00, 0x6f, 0xf0, 0x00, 0x00, 0x00, 0x04, 0xff, 0x20, 0x00, 0x8f, 0xd0, 0x00, 0x00, 0x00, 0x06, 0xff,
    0x00, 0x00, 0x9f, 0xb0, 0x00, 0x00, 0x00, 0x00, 0x00, 0x03, 0x52, 0x00, 0x00, 0x00, 0x00, 0x00, 0x00, 0x0b, 0xf6, 0x00,
    0x00, 0x00, 0x00, 0x00, 0x00, 0x0b, 0xf6, 0x00, 0x00, 0x00, 0x00, 0x00, 0x01, 0x4f, 0xfc, 0x42, 0x00, 0x00, 0x00, 0x02,
    0xae, 0xff, 0xff, 0xff, 0xc7, 0x10, 0x00, 0x4e, 0xff, 0xff, 0xff, 0xff, 0xff, 0x80, 0x01, 0xef, 0xff, 0xaf, 0xfc, 0x9d,
    0xff, 0x20, 0x07, 0xff, 0xf3, 0x0b, 0xf6, 0x00, 0x38, 0x00, 0x0a, 0xff, 0xb0, 0x0b, 0xf6, 0x00, 0x00, 0x00, 0x0a, 0xff,
    0xc0, 0x0b, 0xf6, 0x00, 0x00, 0x00, 0x07, 0xff, 0xfa, 0x2b, 0xf6, 0x00, 0x00, 0x00, 0x01, 0xef, 0xff, 0xff, 0xfb, 0x10,
    0x00, 0x00, 0x00, 0x3d, 0xff, 0xff, 0xff, 0xfb, 0x50, 0x00, 0x00, 0x00, 0x5b, 0xff, 0xff, 0xff, 0xfc, 0x20, 0x00, 0x00,
    0x00, 0x1f, 0xff, 0xff, 0xff, 0xc0, 0x00, 0x00, 0x00, 0x0b, 0xf6, 0x3b, 0xff, 0xf4, 0x00, 0x00, 0x00, 0x0b, 0xf6, 0x01,
    0xff, 0xf6, 0x00, 0x40, 0x00, 0x0b, 0xf6, 0x00, 0xef, 0xf5, 0x06, 0xfa, 0x40, 0x0b, 0xf6, 0x08, 0xff, 0xf2, 0x0d, 0xff,
    0xfe, 0xaf, 0xff, 0xdf, 0xff, 0x90, 0x07, 0xef, 0xff, 0xff, 0xff, 0xff, 0xfa, 0x00, 0x00, 0x17, 0xbe, 0xff, 0xff, 0xfb,
    0x50, 0x00, 0x00, 0x00, 0x00, 0x2e, 0xf8, 0x10, 0x00, 0x00, 0x00, 0x00, 0x00, 0x0b, 0xf6, 0x00, 0x00, 0x00, 0x00, 0x00,
    0x00, 0x0b, 0xf6, 0x00, 0x00, 0x00, 0x00, 0x00, 0x00, 0x01, 0x21, 0x00, 0x00, 0x00, 0x00, 0x01, 0x45, 0x20, 0x00, 0x00,
    0x00, 0x00, 0x33, 0x20, 0x00, 0x00, 0x6e, 0xff, 0xfa, 0x10, 0x00, 0x00, 0x05, 0xff, 0x30, 0x00, 0x04, 0xff, 0x98, 0xdf,
    0xa0, 0x00, 0x00, 0x2e, 0xf7, 0x00, 0x00, 0x0c, 0xf7, 0x00, 0x2f, 0xf3, 0x00, 0x00, 0xbf, 0xc0, 0x00, 0x00, 0x1f, 0xf2,
    0x00, 0x0a, 0xf7, 0x00, 0x06, 0xff, 0x20, 0x00, 0x00, 0x2f, 0xf0, 0x00, 0x09, 0xf8, 0x00, 0x2e, 0xf7, 0x00, 0x00, 0x00,
    0x1f, 0xf1, 0x00, 0x0a, 0xf7, 0x00, 0xbf, 0xb0, 0x00, 0x00, 0x00, 0x0d, 0xf5, 0x00, 0x0e, 0xf4, 0x07, 0xfe, 0x20, 0x00,
    0x00, 0x00, 0x06, 0xfe, 0x64, 0xbf, 0xc0, 0x3f, 0xf6, 0x00, 0x00, 0x00, 0x00, 0x00, 0x9f, 0xff, 0xfd, 0x20, 0xcf, 0xb0,
    0x17, 0xbb, 0x82, 0x00, 0x00, 0x03, 0x88, 0x61, 0x08, 0xfe, 0x21, 0xcf, 0xff, 0xfe, 0x30, 0x00, 0x00, 0x00, 0x00, 0x3f,
    0xf5, 0x09, 0xfc, 0x32, 0x9f, 0xd0, 0x00, 0x00, 0x00, 0x00, 0xdf, 0xa0, 0x0e, 0xf3, 0x00, 0x0e, 0xf4, 0x00, 0x00, 0x00,
    0x08, 0xfe, 0x10, 0x2f, 0xf0, 0x00, 0x0b, 0xf6, 0x00, 0x00, 0x00, 0x4f, 0xf5, 0x00, 0x3f, 0xe0, 0x00, 0x0a, 0xf7, 0x00,
    0x00, 0x01, 0xdf, 0x90, 0x00, 0x1f, 0xf1, 0x00, 0x0c, 0xf5, 0x00, 0x00, 0x09, 0xfd, 0x10, 0x00, 0x0c, 0xf8, 0x00, 0x4f,
    0xf1, 0x00, 0x00, 0x4f, 0xf4, 0x00, 0x00, 0x03, 0xff, 0xcb, 0xff, 0x70, 0x00, 0x01, 0xef, 0x90, 0x00, 0x00, 0x00, 0x4d,
    0xff, 0xe7, 0x00, 0x00, 0x00, 0x00, 0x00, 0x00, 0x00, 0x00, 0x00, 0x12, 0x00, 0x00, 0x00, 0x00, 0x00, 0x25, 0x65, 0x20,
    0x00, 0x00, 0x00, 0x00, 0x00, 0x2b, 0xff, 0xff, 0xfa, 0x10, 0x00, 0x00, 0x00, 0x01, 0xdf, 0xff, 0xef, 0xff, 0xb0, 0x00,
    0x00, 0x00, 0x07, 0xff, 0xc2, 0x02, 0xcf, 0xf3, 0x00, 0x00, 0x00, 0x0b, 0xff, 0x40, 0x00, 0x6f, 0xf5, 0x00, 0x00, 0x00,
    0x0a, 0xff, 0x50, 0x00, 0x9f, 0xf4, 0x00, 0x00, 0x00, 0x06, 0xff, 0xd1, 0x08, 0xff, 0xd0, 0x00, 0x00, 0x00, 0x00, 0xdf,
    0xff, 0xdf, 0xfe, 0x30, 0x00, 0x00, 0x00, 0x00, 0x2f, 0xff, 0xff, 0xb2, 0x00, 0x00, 0x00, 0x00, 0x01, 0x9f, 0xff, 0xff,
    0x10, 0x00, 0x00, 0x00, 0x00, 0x2d, 0xff, 0xff, 0xff, 0xc1, 0x00, 0x8b, 0x61, 0x01, 0xdf, 0xfa, 0x12, 0xdf, 0xfd, 0x20,
    0xcf, 0xf1, 0x08, 0xff, 0xb0, 0x00, 0x2d, 0xff, 0xd5, 0xff, 0xb0, 0x0c, 0xff, 0x50, 0x00, 0x02, 0xdf, 0xff, 0xff, 0x50,
    0x0e, 0xff, 0x50, 0x00, 0x00, 0x1c, 0xff, 0xff, 0x00, 0x0b, 0xff, 0xc1, 0x00, 0x00, 0x09, 0xff, 0xff, 0x30, 0x05, 0xff,
    0xfe, 0x96, 0x79, 0xef, 0xff, 0xff, 0xe4, 0x00, 0x7f, 0xff, 0xff, 0xff, 0xff, 0xd5, 0xbf, 0xf9, 0x00, 0x03, 0xae, 0xff,
    0xff, 0xc7, 0x10, 0x0b, 0xb0, 0x00, 0x00, 0x00, 0x23, 0x21, 0x00, 0x00, 0x00, 0x10, 0x02, 0x33, 0x10, 0x08, 0xff, 0x30,
    0x07, 0xff, 0x30, 0x07, 0xff, 0x20, 0x06, 0xff, 0x20, 0x06, 0xff, 0x20, 0x06, 0xff, 0x10, 0x05, 0xff, 0x10, 0x00, 0x00,
    0x00, 0x00, 0x00, 0x00, 0x00, 0x00, 0x00, 0x00, 0x00, 0x00, 0x00, 0x00, 0x00, 0x00, 0x00, 0x00, 0x00, 0x00, 0x00, 0x00,
    0x00, 0x00, 0x00, 0x00, 0x00, 0x00, 0x00, 0x00, 0x00, 0x00, 0x00, 0x00, 0x00, 0x03, 0x44, 0x20, 0x00, 0x02, 0xef, 0xf2,
    0x00, 0x00, 0x9f, 0xf9, 0x00, 0x00, 0x1f, 0xff, 0x20, 0x00, 0x06, 0xff, 0xc0, 0x00, 0x00, 0xbf, 0xf7, 0x00, 0x00, 0x1f,
    0xff, 0x20, 0x00, 0x04, 0xff, 0xe0, 0x00, 0x00, 0x6f, 0xfc, 0x00, 0x00, 0x09, 0xff, 0x90, 0x00, 0x00, 0xaf, 0xf8, 0x00,
    0x00, 0x0b, 0xff, 0x70, 0x00, 0x00, 0xcf, 0xf6, 0x00, 0x00, 0x0b, 0xff, 0x60, 0x00, 0x00, 0xbf, 0xf7, 0x00, 0x00, 0x0a,
    0xff, 0x80, 0x00, 0x00, 0x8f, 0xfa, 0x00, 0x00, 0x06, 0xff, 0xc0, 0x00, 0x00, 0x3f, 0xff, 0x00, 0x00, 0x00, 0xef, 0xf3,
    0x00, 0x00, 0x0a, 0xff, 0x80, 0x00, 0x00, 0x5f, 0xfd, 0x00, 0x00, 0x01, 0xef, 0xf4, 0x00, 0x00, 0x07, 0xff, 0xb0, 0x00,
    0x00, 0x1d, 0xff, 0x30, 0x00, 0x00, 0x01, 0x10, 0x24, 0x43, 0x00, 0x00, 0x01, 0xef, 0xf2, 0x00, 0x00, 0x09, 0xff, 0xa0,
    0x00, 0x00, 0x2f, 0xff, 0x20, 0x00, 0x00, 0xbf, 0xf7, 0x00, 0x00, 0x06, 0xff, 0xc0, 0x00, 0x00, 0x2f, 0xff, 0x10, 0x00,
    0x00, 0xef, 0xf4, 0x00, 0x00, 0x0b, 0xff, 0x70, 0x00, 0x00, 0x8f, 0xfa, 0x00, 0x00, 0x07, 0xff, 0xb0, 0x00, 0x00, 0x6f,
    0xfb, 0x00, 0x00, 0x05, 0xff, 0xc0, 0x00, 0x00, 0x6f, 0xfc, 0x00, 0x00, 0x07, 0xff, 0xb0, 0x00, 0x00, 0x7f, 0xfa, 0x00,
    0x00, 0x09, 0xff, 0x90, 0x00, 0x00, 0xcf, 0xf6, 0x00, 0x00, 0x0e, 0xff, 0x30, 0x00, 0x03, 0xff, 0xf1, 0x00, 0x00, 0x7f,
    0xfb, 0x00, 0x00, 0x0c, 0xff, 0x60, 0x00, 0x03, 0xff, 0xe1, 0x00, 0x00, 0xaf, 0xf7, 0x00, 0x00, 0x3f, 0xfe, 0x10, 0x00,
    0x00, 0x11, 0x00, 0x00, 0x00, 0x00, 0x00, 0x34, 0x20, 0x00, 0x00, 0x00, 0x09, 0xf6, 0x00, 0x00, 0x07, 0x20, 0x9f, 0x60,
    0x36, 0x04, 0xff, 0x89, 0xf7, 0x9f, 0xe2, 0x2a, 0xff, 0xff, 0xff, 0xf9, 0x10, 0x03, 0xff, 0xff, 0xe2, 0x00, 0x04, 0xcf,
    0xff, 0xff, 0xb3, 0x05, 0xff, 0xdd, 0xfc, 0xef, 0xf3, 0x0c, 0x70, 0x8f, 0x61, 0x9b, 0x00, 0x00, 0x09, 0xf6, 0x00, 0x00,
    0x00, 0x00, 0x6b, 0x40, 0x00, 0x00, 0x00, 0x00, 0x00, 0x00, 0x00, 0x00, 0x00, 0x00, 0x00, 0x00, 0x00, 0x00, 0x00, 0x00,
    0x00, 0x00, 0x00, 0x00, 0x00, 0x00, 0x00, 0x00, 0x00, 0x00, 0x00, 0x00, 0x00, 0x00, 0x00, 0x00, 0x00, 0x00, 0x00, 0x00,
    0x00, 0x00, 0x00, 0x00, 0x00, 0x00, 0x00, 0x00, 0x00, 0x00, 0x00, 0x00, 0x00, 0x00, 0x00, 0x00, 0x00, 0x00, 0xae, 0xe1,
    0x00, 0x00, 0x00, 0x00, 0x00, 0x0b, 0xff, 0x10, 0x00, 0x00, 0x00, 0x00, 0x00, 0xbf, 0xf1, 0x00, 0x00, 0x00, 0x00, 0x00,
    0x0b, 0xff, 0x10, 0x00, 0x00, 0x02, 0x66, 0x66, 0xff, 0xf7, 0x66, 0x64, 0x00, 0x5f, 0xff, 0xff, 0xff, 0xff, 0xff, 0xa0,
    0x05, 0xff, 0xff, 0xff, 0xff, 0xff, 0xfa, 0x00, 0x13, 0x33, 0x3e, 0xff, 0x43, 0x33, 0x20, 0x00, 0x00, 0x00, 0xbf, 0xf1,
    0x00, 0x00, 0x00, 0x00, 0x00, 0x0b, 0xff, 0x10, 0x00, 0x00, 0x00, 0x00, 0x00, 0xbf, 0xf1, 0x00, 0x00, 0x00, 0x00, 0x00,
    0x08, 0xbb, 0x10, 0x00, 0x00, 0x00, 0x00, 0x00, 0x00, 0x00, 0x00, 0x00, 0x00, 0x00, 0x00, 0x00, 0x00, 0x00, 0x00, 0x00,
    0x00, 0x00, 0x00, 0x00, 0x00, 0x00, 0x00, 0x00, 0x00, 0x01, 0x00, 0x04, 0xef, 0xa0, 0x0c, 0xff, 0xf3, 0x0c, 0xff, 0xf3,
    0x04, 0xff, 0xe0, 0x00, 0xdf, 0x90, 0x01, 0xff, 0x40, 0x05, 0xfd, 0x00, 0x09, 0xe8, 0x00, 0x05, 0x99, 0x99, 0x99, 0x50,
    0x09, 0xff, 0xff, 0xff, 0x90, 0x09, 0xff, 0xff, 0xff, 0x90, 0x01, 0x22, 0x22, 0x22, 0x10, 0x00, 0x00, 0x00, 0x00, 0x00,
    0x00, 0x00, 0x00, 0x00, 0x00, 0x00, 0x00, 0x00, 0x00, 0x00, 0x00, 0x00, 0x00, 0x00, 0x00, 0x00, 0x00, 0x00, 0x00, 0x00,
    0x00, 0x01, 0x00, 0x05, 0xef, 0x90, 0x0d, 0xff, 0xf3, 0x0d, 0xff, 0xf3, 0x05, 0xef, 0xa0, 0x00, 0x12, 0x00, 0x00, 0x00,
    0x00, 0x00, 0x5d, 0xd7, 0x00, 0x00, 0x00, 0x00, 0xaf, 0xf3, 0x00, 0x00, 0x00, 0x01, 0xff, 0xd0, 0x00, 0x00, 0x00, 0x06,
    0xff, 0x80, 0x00, 0x00, 0x00, 0x0b, 0xff, 0x20, 0x00, 0x00, 0x00, 0x2f, 0xfc, 0x00, 0x00, 0x00, 0x00, 0x7f, 0xf7, 0x00,
    0x00, 0x00, 0x00, 0xcf, 0xf2, 0x00, 0x00, 0x00, 0x02, 0xff, 0xb0, 0x00, 0x00, 0x00, 0x08, 0xff, 0x60, 0x00, 0x00, 0x00,
    0x0d, 0xff, 0x10, 0x00, 0x00, 0x00, 0x3f, 0xfb, 0x00, 0x00, 0x00, 0x00, 0x8f, 0xf5, 0x00, 0x00, 0x00, 0x00, 0xdf, 0xe1,
    0x00, 0x00, 0x00, 0x04, 0xff, 0xa0, 0x00, 0x00, 0x00, 0x09, 0xff, 0x50, 0x00, 0x00, 0x00, 0x0e, 0xfe, 0x00, 0x00, 0x00,
    0x00, 0x5f, 0xf9, 0x00, 0x00, 0x00, 0x00, 0xaf, 0xf4, 0x00, 0x00, 0x00, 0x01, 0xef, 0xe0, 0x00, 0x00, 0x00, 0x05, 0xff,
    0x80, 0x00, 0x00, 0x00, 0x0b, 0xff, 0x30, 0x00, 0x00, 0x00, 0x1f, 0xfd, 0x00, 0x00, 0x00, 0x00, 0x6f, 0xf8, 0x00, 0x00,
    0x00, 0x00, 0x69, 0x92, 0x00, 0x00, 0x00, 0x00, 0x00, 0x00, 0x00, 0x25, 0x66, 0x40, 0x00, 0x00, 0x00, 0x00, 0x00, 0x2b,
    0xff, 0xff, 0xfe, 0x60, 0x00, 0x00, 0x00, 0x03, 0xef, 0xff, 0xff, 0xff, 0xf9, 0x00, 0x00, 0x00, 0x1e, 0xff, 0xfb, 0x89,
    0xef, 0xff, 0x80, 0x00, 0x00, 0xaf, 0xff, 0x40, 0x00, 0x1b, 0xff, 0xf2, 0x00, 0x01, 0xff, 0xf7, 0x00, 0x00, 0x01, 0xef,
    0xf9, 0x00, 0x06, 0xff, 0xf1, 0x00, 0x00, 0x00, 0x8f, 0xfd, 0x00, 0x0a, 0xff, 0xc0, 0x00, 0x00, 0x00, 0x4f, 0xff, 0x20,
    0x0b, 0xff, 0xa0, 0x00, 0x00, 0x00, 0x2f, 0xff, 0x30, 0x0c, 0xff, 0x90, 0x00, 0x00, 0x00, 0x1f, 0xff, 0x50, 0x0c, 0xff,
    0x90, 0x00, 0x00, 0x00, 0x1f, 0xff, 0x50, 0x0b, 0xff, 0xa0, 0x00, 0x00, 0x00, 0x2f, 0xff, 0x30, 0x09, 0xff, 0xc0, 0x00,
    0x00, 0x00, 0x5f, 0xff, 0x20, 0x05, 0xff, 0xf2, 0x00, 0x00, 0x00, 0x9f, 0xfd, 0x00, 0x01, 0xff, 0xf9, 0x00, 0x00, 0x02,
    0xff, 0xf8, 0x00, 0x00, 0x8f, 0xff, 0x70, 0x00, 0x2d, 0xff, 0xe1, 0x00, 0x00, 0x1d, 0xff, 0xfe, 0xbc, 0xff, 0xff, 0x60,
    0x00, 0x00, 0x02, 0xcf, 0xff, 0xff, 0xff, 0xf6, 0x00, 0x00, 0x00, 0x00, 0x18, 0xdf, 0xff, 0xfb, 0x30, 0x00, 0x00, 0x00,
    0x00, 0x00, 0x02, 0x33, 0x10, 0x00, 0x00, 0x00, 0x23, 0x33, 0x33, 0x31, 0x00, 0xcf, 0xff, 0xff, 0xf7, 0x00, 0xcf, 0xff,
    0xff, 0xf7, 0x00, 0x8a, 0xaa, 0xff, 0xf7, 0x00, 0x00, 0x00, 0xef, 0xf7, 0x00, 0x00, 0x00, 0xef, 0xf7, 0x00, 0x00, 0x00,
    0xef, 0xf7, 0x00, 0x00, 0x00, 0xef, 0xf7, 0x00, 0x00, 0x00, 0xef, 0xf7, 0x00, 0x00, 0x00, 0xef, 0xf7, 0x00, 0x00, 0x00,
    0xef, 0xf7, 0x00, 0x00, 0x00, 0xef, 0xf7, 0x00, 0x00, 0x00, 0xef, 0xf7, 0x00, 0x00, 0x00, 0xef, 0xf7, 0x00, 0x00, 0x00,
    0xef, 0xf7, 0x00, 0x00, 0x00, 0xef, 0xf7, 0x00, 0x00, 0x00, 0xef, 0xf7, 0x00, 0x00, 0x00, 0xef, 0xf7, 0x00, 0x00, 0x00,
    0xef, 0xf7, 0x00, 0x00, 0x00, 0x25, 0x66, 0x52, 0x00, 0x00, 0x00, 0x05, 0xcf, 0xff, 0xff, 0xfc, 0x40, 0x00, 0x0a, 0xff,
    0xff, 0xff, 0xff, 0xff, 0x60, 0x08, 0xff, 0xfe, 0xa8, 0x8c, 0xff, 0xff, 0x10, 0x08, 0xf8, 0x00, 0x00, 0x06, 0xff, 0xf7,
    0x00, 0x02, 0x00, 0x00, 0x00, 0x0d, 0xff, 0x90, 0x00, 0x00, 0x00, 0x00, 0x00, 0xcf, 0xf8, 0x00, 0x00, 0x00, 0x00, 0x00,
    0x1f, 0xff, 0x50, 0x00, 0x00, 0x00, 0x00, 0x0a, 0xff, 0xe1, 0x00, 0x00, 0x00, 0x00, 0x07, 0xff, 0xf6, 0x00, 0x00, 0x00,
    0x00, 0x08, 0xff, 0xf9, 0x00, 0x00, 0x00, 0x00, 0x08, 0xff, 0xf9, 0x00, 0x00, 0x00, 0x00, 0x09, 0xff, 0xf8, 0x00, 0x00,
    0x00, 0x00, 0x0a, 0xff, 0xf8, 0x00, 0x00, 0x00, 0x00, 0x0a, 0xff, 0xf7, 0x00, 0x00, 0x00, 0x00, 0x1b, 0xff, 0xf6, 0x00,
    0x00, 0x00, 0x00, 0x0c, 0xff, 0xff, 0xdd, 0xdd, 0xdd, 0xdd, 0x41, 0xff, 0xff, 0xff, 0xff, 0xff, 0xff, 0xf5, 0x1f, 0xff,
    0xff, 0xff, 0xff, 0xff, 0xff, 0x50, 0x03, 0x33, 0x33, 0x33, 0x33, 0x33, 0x31, 0x01, 0xff, 0xff, 0xff, 0xff, 0xff, 0xff,
    0x50, 0x1f, 0xff, 0xff, 0xff, 0xff, 0xff, 0xf5, 0x01, 0xaa, 0xaa, 0xaa, 0xaa, 0xff, 0xfd, 0x10, 0x00, 0x00, 0x00, 0x00,
    0x9f, 0xfe, 0x20, 0x00, 0x00, 0x00, 0x00, 0x6f, 0xff, 0x40, 0x00, 0x00, 0x00, 0x00, 0x4f, 0xff, 0x60, 0x00, 0x00, 0x00,
    0x00, 0x2e, 0xff, 0x80, 0x00, 0x00, 0x00, 0x00, 0x0d, 0xff, 0xf9, 0x50, 0x00, 0x00, 0x00, 0x00, 0xff, 0xff, 0xff, 0xd3,
    0x00, 0x00, 0x00, 0x0d, 0xde, 0xff, 0xff, 0xe2, 0x00, 0x00, 0x00, 0x00, 0x01, 0x7f, 0xff, 0xa0, 0x00, 0x00, 0x00, 0x00,
    0x00, 0x9f, 0xfe, 0x00, 0x00, 0x00, 0x00, 0x00, 0x06, 0xff, 0xf1, 0x03, 0x00, 0x00, 0x00, 0x00, 0x8f, 0xfe, 0x02, 0xec,
    0x50, 0x00, 0x00, 0x6f, 0xff, 0xa0, 0x9f, 0xff, 0xfc, 0xbb, 0xef, 0xff, 0xf3, 0x07, 0xef, 0xff, 0xff, 0xff, 0xff, 0xe5,
    0x00, 0x01, 0x7c, 0xff, 0xff, 0xfe, 0x92, 0x00, 0x00, 0x00, 0x00, 0x23, 0x32, 0x00, 0x00, 0x00, 0x00, 0x00, 0x00, 0x00,
    0x01, 0x33, 0x31, 0x00, 0x00, 0x00, 0x00, 0x00, 0x00, 0x0a, 0xff, 0xd1, 0x00, 0x00, 0x00, 0x00, 0x00, 0x00, 0x7f, 0xff,
    0x30, 0x00, 0x00, 0x00, 0x00, 0x00, 0x03, 0xff, 0xf6, 0x00, 0x00, 0x00, 0x00, 0x00, 0x00, 0x1d, 0xff, 0xa0, 0x00, 0x00,
    0x00, 0x00, 0x00, 0x00, 0xbf, 0xfd, 0x10, 0x00, 0x00, 0x00, 0x00, 0x00, 0x08, 0xff, 0xf3, 0x00, 0x00, 0x00, 0x00, 0x00,
    0x00, 0x4f, 0xff, 0x60, 0x00, 0x00, 0x00, 0x00, 0x00, 0x02, 0xef, 0xfa, 0x00, 0x0a, 0xaa, 0x20, 0x00, 0x00, 0x0c, 0xff,
    0xd1, 0x00, 0x0f, 0xff, 0x20, 0x00, 0x00, 0x9f, 0xff, 0x30, 0x00, 0x0f, 0xff, 0x20, 0x00, 0x05, 0xff, 0xf6, 0x00, 0x00,
    0x0f, 0xff, 0x20, 0x00, 0x1e, 0xff, 0xff, 0xff, 0xff, 0xff, 0xff, 0xff, 0xf5, 0x2f, 0xff, 0xff, 0xff, 0xff, 0xff, 0xff,
    0xff, 0xf5, 0x1d, 0xdd, 0xdd, 0xdd, 0xdd, 0xff, 0xff, 0xfd, 0xd5, 0x00, 0x00, 0x00, 0x00, 0x00, 0x2f, 0xff, 0x20, 0x00,
    0x00, 0x00, 0x00, 0x00, 0x00, 0x2f, 0xff, 0x20, 0x00, 0x00, 0x00, 0x00, 0x00, 0x00, 0x2f, 0xff, 0x20, 0x00, 0x00, 0x00,
    0x00, 0x00, 0x00, 0x2f, 0xff, 0x20, 0x00, 0x00, 0x13, 0x33, 0x33, 0x33, 0x33, 0x31, 0x00, 0x06, 0xff, 0xff, 0xff, 0xff,
    0xff, 0x50, 0x00, 0x8f, 0xff, 0xff, 0xff, 0xff, 0xf5, 0x00, 0x09, 0xff, 0xfa, 0xaa, 0xaa, 0xaa, 0x30, 0x00, 0xbf, 0xf6,
    0x00, 0x00, 0x00, 0x00, 0x00, 0x0c, 0xff, 0x50, 0x00, 0x00, 0x00, 0x00, 0x00, 0xef, 0xf3, 0x00, 0x00, 0x00, 0x00, 0x00,
    0x0f, 0xff, 0x43, 0x21, 0x00, 0x00, 0x00, 0x01, 0xff, 0xff, 0xff, 0xfe, 0xa4, 0x00, 0x00, 0x3f, 0xff, 0xff, 0xff, 0xff,
    0xf9, 0x00, 0x03, 0xaa, 0xaa, 0xbc, 0xef, 0xff, 0xf8, 0x00, 0x00, 0x00, 0x00, 0x00, 0x4d, 0xff, 0xe1, 0x00, 0x00, 0x00,
    0x00, 0x00, 0x4f, 0xff, 0x40, 0x00, 0x00, 0x00, 0x00, 0x01, 0xff, 0xf5, 0x02, 0x10, 0x00, 0x00, 0x00, 0x3f, 0xff, 0x30,
    0xbe, 0x71, 0x00, 0x00, 0x3d, 0xff, 0xe0, 0x5f, 0xff, 0xfd, 0xbb, 0xdf, 0xff, 0xf6, 0x04, 0xdf, 0xff, 0xff, 0xff, 0xff,
    0xf8, 0x00, 0x00, 0x5b, 0xef, 0xff, 0xff, 0xa4, 0x00, 0x00, 0x00, 0x00, 0x23, 0x32, 0x00, 0x00, 0x00, 0x00, 0x00, 0x00,
    0x02, 0x56, 0x65, 0x30, 0x00, 0x00, 0x00, 0x05, 0xcf, 0xff, 0xff, 0xfe, 0x60, 0x00, 0x01, 0xaf, 0xff, 0xff, 0xff, 0xff,
    0x70, 0x00, 0x0b, 0xff, 0xfe, 0x96, 0x68, 0xbe, 0x10, 0x00, 0x7f, 0xff, 0x91, 0x00, 0x00, 0x01, 0x00, 0x01, 0xef, 0xfa,
    0x00, 0x00, 0x00, 0x00, 0x00, 0x05, 0xff, 0xf2, 0x00, 0x00, 0x00, 0x00, 0x00, 0x09, 0xff, 0xc0, 0x00, 0x23, 0x20, 0x00,
    0x00, 0x0b, 0xff, 0x93, 0xaf, 0xff, 0xfe, 0x81, 0x00, 0x0c, 0xff, 0xdf, 0xff, 0xff, 0xff, 0xfd, 0x20, 0x0d, 0xff, 0xff,
    0xe9, 0x78, 0xcf, 0xff, 0xd0, 0x0b, 0xff, 0xfd, 0x20, 0x00, 0x07, 0xff, 0xf5, 0x0a, 0xff, 0xf4, 0x00, 0x00, 0x00, 0xcf,
    0xf8, 0x07, 0xff, 0xf2, 0x00, 0x00, 0x00, 0xaf, 0xfa, 0x02, 0xff, 0xf4, 0x00, 0x00, 0x00, 0xcf, 0xf8, 0x00, 0xaf, 0xfc,
    0x10, 0x00, 0x06, 0xff, 0xf4, 0x00, 0x2e, 0xff, 0xe9, 0x67, 0xbf, 0xff, 0xb0, 0x00, 0x03, 0xdf, 0xff, 0xff, 0xff, 0xfc,
    0x10, 0x00, 0x00, 0x18, 0xef, 0xff, 0xfd, 0x70, 0x00, 0x00, 0x00, 0x00, 0x02, 0x33, 0x10, 0x00, 0x00, 0x13, 0x33, 0x33,
    0x33, 0x33, 0x33, 0x33, 0x30, 0x4f, 0xff, 0xff, 0xff, 0xff, 0xff, 0xff, 0xd0, 0x4f, 0xff, 0xff, 0xff, 0xff, 0xff, 0xff,
    0xd0, 0x4f, 0xff, 0xaa, 0xaa, 0xaa, 0xaf, 0xff, 0xa0, 0x4f, 0xfd, 0x00, 0x00, 0x00, 0x5f, 0xff, 0x30, 0x4f, 0xfd, 0x00,
    0x00, 0x00, 0xcf, 0xfc, 0x00, 0x3c, 0xca, 0x00, 0x00, 0x03, 0xff, 0xf5, 0x00, 0x00, 0x00, 0x00, 0x00, 0x0a, 0xff, 0xd0,
    0x00, 0x00, 0x00, 0x00, 0x00, 0x2f, 0xff, 0x70, 0x00, 0x00, 0x00, 0x00, 0x00, 0x9f, 0xfe, 0x10, 0x00, 0x00, 0x00, 0x00,
    0x01, 0xef, 0xf9, 0x00, 0x00, 0x00, 0x00, 0x00, 0x07, 0xff, 0xf2, 0x00, 0x00, 0x00, 0x00, 0x00, 0x0d, 0xff, 0xa0, 0x00,
    0x00, 0x00, 0x00, 0x00, 0x5f, 0xff, 0x40, 0x00, 0x00, 0x00, 0x00, 0x00, 0xcf, 0xfc, 0x00, 0x00, 0x00, 0x00, 0x00, 0x04,
    0xff, 0xf5, 0x00, 0x00, 0x00, 0x00, 0x00, 0x0a, 0xff, 0xd0, 0x00, 0x00, 0x00, 0x00, 0x00, 0x2f, 0xff, 0x70, 0x00, 0x00,
    0x00, 0x00, 0x00, 0x9f, 0xfe, 0x10, 0x00, 0x00, 0x00, 0x00, 0x00, 0x00, 0x46, 0x65, 0x40, 0x00, 0x00, 0x00, 0x00, 0x19,
    0xef, 0xff, 0xff, 0xe8, 0x10, 0x00, 0x00, 0x2d, 0xff, 0xff, 0xff, 0xff, 0xfd, 0x20, 0x00, 0x0b, 0xff, 0xf9, 0x53, 0x5a,
    0xff, 0xfb, 0x00, 0x02, 0xff, 0xf7, 0x00, 0x00, 0x08, 0xff, 0xf1, 0x00, 0x4f, 0xff, 0x10, 0x00, 0x00, 0x2f, 0xff, 0x30,
    0x03, 0xff, 0xf3, 0x00, 0x00, 0x04, 0xff, 0xf2, 0x00, 0x0d, 0xff, 0xc2, 0x00, 0x02, 0xdf, 0xfc, 0x00, 0x00, 0x3e, 0xff,
    0xff, 0xff, 0xff, 0xfe, 0x30, 0x00, 0x00, 0x7f, 0xff, 0xff, 0xff, 0xff, 0x60, 0x00, 0x00, 0x8f, 0xff, 0xff, 0xff, 0xff,
    0xff, 0x70, 0x00, 0x5f, 0xff, 0x92, 0x00, 0x02, 0xaf, 0xff, 0x40, 0x0c, 0xff, 0xb0, 0x00, 0x00, 0x00, 0xcf, 0xfb, 0x00,
    0xef, 0xf7, 0x00, 0x00, 0x00, 0x08, 0xff, 0xd0, 0x0d, 0xff, 0x90, 0x00, 0x00, 0x00, 0xaf, 0xfc, 0x00, 0xaf, 0xfe, 0x40,
    0x00, 0x00, 0x4f, 0xff, 0x90, 0x02, 0xff, 0xff, 0xb7, 0x67, 0xbf, 0xff, 0xe2, 0x00, 0x04, 0xef, 0xff, 0xff, 0xff, 0xff,
    0xe3, 0x00, 0x00, 0x01, 0x8d, 0xff, 0xff, 0xfd, 0x81, 0x00, 0x00, 0x00, 0x00, 0x01, 0x33, 0x31, 0x00, 0x00, 0x00, 0x00,
    0x00, 0x04, 0x66, 0x63, 0x00, 0x00, 0x00, 0x00, 0x07, 0xef, 0xff, 0xff, 0xd6, 0x00, 0x00, 0x00, 0xbf, 0xff, 0xff, 0xff,
    0xff, 0x90, 0x00, 0x08, 0xff, 0xfa, 0x53, 0x5a, 0xff, 0xf7, 0x00, 0x1e, 0xff, 0x80, 0x00, 0x00, 0x6f, 0xff, 0x20, 0x4f,
    0xff, 0x10, 0x00, 0x00, 0x0d, 0xff, 0x70, 0x5f, 0xfe, 0x00, 0x00, 0x00, 0x0c, 0xff, 0xc0, 0x4f, 0xff, 0x30, 0x00, 0x00,
    0x1f, 0xff, 0xf0, 0x1e, 0xff, 0xc2, 0x00, 0x01, 0xcf, 0xff, 0xf1, 0x06, 0xff, 0xff, 0xca, 0xbf, 0xff, 0xff, 0xf2, 0x00,
    0x8f, 0xff, 0xff, 0xff, 0xfa, 0xff, 0xf2, 0x00, 0x03, 0x9d, 0xff, 0xd9, 0x25, 0xff, 0xf1, 0x00, 0x00, 0x00, 0x00, 0x00,
    0x08, 0xff, 0xd0, 0x00, 0x00, 0x00, 0x00, 0x00, 0x0d, 0xff, 0x90, 0x00, 0x00, 0x00, 0x00, 0x00, 0x7f, 0xff, 0x30, 0x00,
    0x31, 0x00, 0x00, 0x18, 0xff, 0xfa, 0x00, 0x00, 0xcf, 0xba, 0x9b, 0xef, 0xff, 0xd1, 0x00, 0x04, 0xff, 0xff, 0xff, 0xff,
    0xfb, 0x10, 0x00, 0x02, 0x9e, 0xff, 0xff, 0xfb, 0x50, 0x00, 0x00, 0x00, 0x00, 0x23, 0x33, 0x00, 0x00, 0x00, 0x00, 0x00,
    0x01, 0x00, 0x05, 0xef, 0x90, 0x0d, 0xff, 0xf3, 0x0d, 0xff, 0xf3, 0x05, 0xef, 0xa0, 0x00, 0x12, 0x00, 0x00, 0x00, 0x00,
    0x00, 0x00, 0x00, 0x00, 0x00, 0x00, 0x00, 0x00, 0x00, 0x00, 0x01, 0x00, 0x05, 0xef, 0x90, 0x0d, 0xff, 0xf3, 0x0d, 0xff,
    0xf3, 0x05, 0xef, 0xa0, 0x00, 0x12, 0x00, 0x00, 0x01, 0x00, 0x05, 0xef, 0x90, 0x0d, 0xff, 0xf3, 0x0d, 0xff, 0xf3, 0x05,
    0xef, 0xa0, 0x00, 0x12, 0x00, 0x00, 0x00, 0x00, 0x00, 0x00, 0x00, 0x00, 0x00, 0x00, 0x00, 0x00, 0x00, 0x00, 0x01, 0x00,
    0x04, 0xef, 0xa0, 0x0c, 0xff, 0xf3, 0x0c, 0xff, 0xf3, 0x04, 0xff, 0xe0, 0x00, 0xdf, 0x90, 0x01, 0xff, 0x40, 0x05, 0xfd,
    0x00, 0x09, 0xe8, 0x00, 0x00, 0x00, 0x00, 0x00, 0x00, 0x00, 0x00, 0x00, 0x00, 0x00, 0x00, 0x00, 0x00, 0x5b, 0xa0, 0x00,
    0x00, 0x00, 0x00, 0x28, 0xef, 0xfa, 0x00, 0x00, 0x00, 0x16, 0xcf, 0xff, 0xfe, 0x70, 0x00, 0x03, 0x9e, 0xff, 0xff, 0xb5,
    0x10, 0x00, 0x3d, 0xff, 0xff, 0xd7, 0x20, 0x00, 0x00, 0x05, 0xff, 0xf9, 0x40, 0x00, 0x00, 0x00, 0x00, 0x5f, 0xff, 0xc6,
    0x10, 0x00, 0x00, 0x00, 0x02, 0xae, 0xff, 0xff, 0xa5, 0x00, 0x00, 0x00, 0x00, 0x16, 0xcf, 0xff, 0xfe, 0x83, 0x00, 0x00,
    0x00, 0x00, 0x39, 0xef, 0xff, 0xf9, 0x00, 0x00, 0x00, 0x00, 0x00, 0x5b, 0xff, 0xa0, 0x00, 0x00, 0x00, 0x00, 0x00, 0x02,
    0x88, 0x00, 0x00, 0x00, 0x00, 0x00, 0x00, 0x00, 0x00, 0x00, 0x00, 0x00, 0x00, 0x00, 0x00, 0x00, 0x00, 0x00, 0x00, 0x00,
    0x00, 0x00, 0x00, 0x00, 0x03, 0x88, 0x88, 0x88, 0x88, 0x88, 0x86, 0x00, 0x5f, 0xff, 0xff, 0xff, 0xff, 0xff, 0xa0, 0x05,
    0xff, 0xff, 0xff, 0xff, 0xff, 0xfa, 0x00, 0x01, 0x11, 0x11, 0x11, 0x11, 0x11, 0x00, 0x00, 0x00, 0x00, 0x00, 0x00, 0x00,
    0x00, 0x00, 0x00, 0x00, 0x00, 0x00, 0x00, 0x00, 0x00, 0x01, 0x44, 0x44, 0x44, 0x44, 0x44, 0x43, 0x00, 0x5f, 0xff, 0xff,
    0xff, 0xff, 0xff, 0xa0, 0x05, 0xff, 0xff, 0xff, 0xff, 0xff, 0xfa, 0x00, 0x25, 0x55, 0x55, 0x55, 0x55, 0x55, 0x40, 0x00,
    0x00, 0x00, 0x00, 0x00, 0x00, 0x00, 0x00, 0x00, 0x00, 0x00, 0x00, 0x00, 0x00, 0x00, 0x00, 0x00, 0x00, 0x00, 0x00, 0x00,
    0x00, 0x00, 0x00, 0x00, 0x00, 0x00, 0x00, 0x00, 0x00, 0x00, 0x00, 0x00, 0x00, 0x00, 0x00, 0x00, 0x00, 0x5d, 0x71, 0x00,
    0x00, 0x00, 0x00, 0x00, 0x05, 0xff, 0xfa, 0x40, 0x00, 0x00, 0x00, 0x00, 0x3d, 0xff, 0xff, 0xd8, 0x20, 0x00, 0x00, 0x00,
    0x03, 0x9e, 0xff, 0xff, 0xb5, 0x00, 0x00, 0x00, 0x00, 0x15, 0xbf, 0xff, 0xfe, 0x60, 0x00, 0x00, 0x00, 0x00, 0x27, 0xef,
    0xfa, 0x00, 0x00, 0x00, 0x00, 0x04, 0xaf, 0xff, 0xa0, 0x00, 0x00, 0x03, 0x8e, 0xff, 0xff, 0xc4, 0x00, 0x01, 0x6c, 0xff,
    0xff, 0xe8, 0x20, 0x00, 0x04, 0xff, 0xff, 0xfb, 0x50, 0x00, 0x00, 0x00, 0x5f, 0xfd, 0x71, 0x00, 0x00, 0x00, 0x00, 0x04,
    0xa4, 0x00, 0x00, 0x00, 0x00, 0x00, 0x00, 0x00, 0x00, 0x00, 0x00, 0x00, 0x00, 0x00, 0x00, 0x00, 0x00, 0x00, 0x00, 0x00,
    0x00, 0x00, 0x00, 0x00, 0x00, 0x00, 0x00, 0x00, 0x00, 0x00, 0x00, 0x24, 0x66, 0x52, 0x00, 0x00, 0x00, 0x05, 0xcf, 0xff,
    0xff, 0xfd, 0x50, 0x00, 0x0a, 0xff, 0xff, 0xff, 0xff, 0xff, 0x70, 0x09, 0xff, 0xfd, 0x86, 0x7a, 0xff, 0xff, 0x20, 0x19,
    0xf7, 0x00, 0x00, 0x06, 0xff, 0xf6, 0x00, 0x02, 0x00, 0x00, 0x00, 0x0e, 0xff, 0x70, 0x00, 0x00, 0x00, 0x00, 0x01, 0xff,
    0xf5, 0x00, 0x00, 0x00, 0x00, 0x00, 0xaf, 0xfd, 0x10, 0x00, 0x00, 0x00, 0x00, 0x9f, 0xff, 0x40, 0x00, 0x00, 0x00, 0x00,
    0xaf, 0xff, 0x50, 0x00, 0x00, 0x00, 0x00, 0x7f, 0xff, 0x50, 0x00, 0x00, 0x00, 0x00, 0x0e, 0xff, 0x70, 0x00, 0x00, 0x00,
    0x00, 0x03, 0xee, 0xe2, 0x00, 0x00, 0x00, 0x00, 0x00, 0x00, 0x00, 0x00, 0x00, 0x00, 0x00, 0x00, 0x00, 0x00, 0x00, 0x00,
    0x00, 0x00, 0x00, 0x00, 0x19, 0xc8, 0x00, 0x00, 0x00, 0x00, 0x00, 0x07, 0xff, 0xf5, 0x00, 0x00, 0x00, 0x00, 0x00, 0x9f,
    0xff, 0x60, 0x00, 0x00, 0x00, 0x00, 0x02, 0xdf, 0xc1, 0x00, 0x00, 0x00, 0x00, 0x00, 0x00, 0x20, 0x00, 0x00, 0x00, 0x00,
    0x00, 0x00, 0x00, 0x00, 0x14, 0x56, 0x54, 0x20, 0x00, 0x00, 0x00, 0x00, 0x00, 0x00, 0x00, 0x00, 0x18, 0xcf, 0xff, 0xff,
    0xff, 0xd8, 0x20, 0x00, 0x00, 0x00, 0x00, 0x00, 0x00, 0x8e, 0xff, 0xfd, 0xcb, 0xcd, 0xff, 0xff, 0x91, 0x00, 0x00, 0x00,
    0x00, 0x02, 0xcf, 0xfd, 0x62, 0x00, 0x00, 0x01, 0x5c, 0xff, 0xc2, 0x00, 0x00, 0x00, 0x01, 0xdf, 0xf7, 0x00, 0x00, 0x00,
    0x00, 0x00, 0x05, 0xef, 0xd1, 0x00, 0x00, 0x00, 0xbf, 0xf4, 0x00, 0x00, 0x00, 0x00, 0x00, 0x00, 0x02, 0xdf, 0xc0, 0x00,
    0x00, 0x5f, 0xf6, 0x00, 0x02, 0x9d, 0xfe, 0xc6, 0x0c, 0xee, 0x03, 0xff, 0x60, 0x00, 0x0d, 0xfc, 0x00, 0x05, 0xef, 0xff,
    0xff, 0xfb, 0xef, 0xf0, 0x08, 0xfd, 0x00, 0x03, 0xff, 0x40, 0x03, 0xff, 0xfd, 0x98, 0xaf, 0xff, 0xff, 0x00, 0x1f, 0xf3,
    0x00, 0x8f, 0xe0, 0x00, 0xcf, 0xfa, 0x00, 0x00, 0x2d, 0xff, 0xf0, 0x00, 0xcf, 0x70, 0x0a, 0xfb, 0x00, 0x2f, 0xfe, 0x10,
    0x00, 0x00, 0x4f, 0xff, 0x00, 0x09, 0xf9, 0x00, 0xcf, 0x90, 0x05, 0xff, 0x90, 0x00, 0x00, 0x00, 0xff, 0xf0, 0x00, 0x7f,
    0xb0, 0x0d, 0xf8, 0x00, 0x6f, 0xf8, 0x00, 0x00, 0x00, 0x0f, 0xff, 0x00, 0x07, 0xfb, 0x00, 0xbf, 0x90, 0x05, 0xff, 0x90,
    0x00, 0x00, 0x00, 0xff, 0xf0, 0x00, 0x8f, 0xa0, 0x0a, 0xfb, 0x00, 0x3f, 0xfd, 0x00, 0x00, 0x00, 0x3f, 0xff, 0x00, 0x0a,
    0xf7, 0x00, 0x7f, 0xe0, 0x00, 0xcf, 0xf9, 0x00, 0x00, 0x1c, 0xff, 0xf2, 0x01, 0xef, 0x30, 0x03, 0xff, 0x50, 0x04, 0xff,
    0xfc, 0x76, 0x8e, 0xff, 0xff, 0xa5, 0xcf, 0xc0, 0x00, 0x0c, 0xfc, 0x00, 0x06, 0xff, 0xff, 0xff, 0xfc, 0x4f, 0xff, 0xff,
    0xe3, 0x00, 0x00, 0x4f, 0xf8, 0x00, 0x04, 0xbf, 0xff, 0xe8, 0x10, 0x6e, 0xff, 0xc4, 0x00, 0x00, 0x00, 0xaf, 0xf6, 0x00,
    0x00, 0x02, 0x10, 0x00, 0x00, 0x02, 0x10, 0x00, 0x00, 0x00, 0x00, 0xcf, 0xf9, 0x10, 0x00, 0x00, 0x00, 0x00, 0x00, 0x00,
    0x00, 0x00, 0x00, 0x00, 0x01, 0xaf, 0xfe, 0x84, 0x00, 0x00, 0x14, 0x89, 0x00, 0x00, 0x00, 0x00, 0x00, 0x00, 0x00, 0x6e,
    0xff, 0xff, 0xed, 0xef, 0xff, 0xf1, 0x00, 0x00, 0x00, 0x00, 0x00, 0x00, 0x00, 0x16, 0xbe, 0xff, 0xff, 0xfe, 0xb6, 0x00,
    0x00, 0x00, 0x00, 0x00, 0x00, 0x00, 0x00, 0x00, 0x02, 0x34, 0x42, 0x00, 0x00, 0x00, 0x00, 0x00, 0x00, 0x00, 0x00, 0x00,
    0x00, 0x03, 0x33, 0x10, 0x00, 0x00, 0x00, 0x00, 0x00, 0x00, 0x00, 0x04, 0xff, 0xfb, 0x00, 0x00, 0x00, 0x00, 0x00, 0x00,
    0x00, 0x00, 0xbf, 0xff, 0xf2, 0x00, 0x00, 0x00, 0x00, 0x00, 0x00, 0x00, 0x3f, 0xff, 0xff, 0x90, 0x00, 0x00, 0x00, 0x00,
    0x00, 0x00, 0x09, 0xff, 0xbf, 0xff, 0x10, 0x00, 0x00, 0x00, 0x00, 0x00, 0x01, 0xff, 0xf2, 0xbf, 0xf8, 0x00, 0x00, 0x00,
    0x00, 0x00, 0x00, 0x8f, 0xfb, 0x05, 0xff, 0xe1, 0x00, 0x00, 0x00, 0x00, 0x00, 0x1e, 0xff, 0x40, 0x0d, 0xff, 0x60, 0x00,
    0x00, 0x00, 0x00, 0x06, 0xff, 0xd0, 0x00, 0x7f, 0xfd, 0x00, 0x00, 0x00, 0x00, 0x00, 0xdf, 0xf6, 0x00, 0x01, 0xef, 0xf5,
    0x00, 0x00, 0x00, 0x00, 0x5f, 0xfe, 0x10, 0x00, 0x09, 0xff, 0xb0, 0x00, 0x00, 0x00, 0x0b, 0xff, 0x80, 0x00, 0x00, 0x2f,
    0xff, 0x30, 0x00, 0x00, 0x03, 0xff, 0xff, 0xdd, 0xdd, 0xdd, 0xff, 0xfa, 0x00, 0x00, 0x00, 0xaf, 0xff, 0xff, 0xff, 0xff,
    0xff, 0xff, 0xf2, 0x00, 0x00, 0x2f, 0xff, 0xfc, 0xcc, 0xcc, 0xcc, 0xcf, 0xff, 0x80, 0x00, 0x08, 0xff, 0xd0, 0x00, 0x00,
    0x00, 0x00, 0x7f, 0xfe, 0x10, 0x01, 0xef, 0xf6, 0x00, 0x00, 0x00, 0x00, 0x01, 0xef, 0xf7, 0x00, 0x7f, 0xfe, 0x10, 0x00,
    0x00, 0x00, 0x00, 0x09, 0xff, 0xd0, 0x0d, 0xff, 0x80, 0x00, 0x00, 0x00, 0x00, 0x00, 0x2f, 0xff, 0x60, 0x00, 0x23, 0x33,
    0x33, 0x33, 0x33, 0x20, 0x00, 0x00, 0x00, 0x00, 0x8f, 0xff, 0xff, 0xff, 0xff, 0xfe, 0xa3, 0x00, 0x00, 0x00, 0x8f, 0xff,
    0xff, 0xff, 0xff, 0xff, 0xff, 0x60, 0x00, 0x00, 0x8f, 0xfd, 0x77, 0x77, 0x78, 0xbf, 0xff, 0xf3, 0x00, 0x00, 0x8f, 0xfc,
    0x00, 0x00, 0x00, 0x05, 0xff, 0xf8, 0x00, 0x00, 0x8f, 0xfc, 0x00, 0x00, 0x00, 0x00, 0xcf, 0xfa, 0x00, 0x00, 0x8f, 0xfc,
    0x00, 0x00, 0x00, 0x00, 0xdf, 0xf8, 0x00, 0x00, 0x8f, 0xfc, 0x00, 0x00, 0x00, 0x06, 0xff, 0xf3, 0x00, 0x00, 0x8f, 0xff,
    0x88, 0x88, 0x89, 0xcf, 0xff, 0x90, 0x00, 0x00, 0x8f, 0xff, 0xff, 0xff, 0xff, 0xff, 0xfb, 0x00, 0x00, 0x00, 0x8f, 0xff,
    0xff, 0xff, 0xff, 0xff, 0xff, 0xd2, 0x00, 0x00, 0x8f, 0xfd, 0x22, 0x22, 0x22, 0x37, 0xef, 0xfd, 0x00, 0x00, 0x8f, 0xfc,
    0x00, 0x00, 0x00, 0x00, 0x2f, 0xff, 0x50, 0x00, 0x8f, 0xfc, 0x00, 0x00, 0x00, 0x00, 0x0c, 0xff, 0x80, 0x00, 0x8f, 0xfc,
    0x00, 0x00, 0x00, 0x00, 0x0e, 0xff, 0x80, 0x00, 0x8f, 0xfc, 0x00, 0x00, 0x00, 0x01, 0x9f, 0xff, 0x60, 0x00, 0x8f, 0xfe,
    0xaa, 0xaa, 0xaa, 0xce, 0xff, 0xfd, 0x10, 0x00, 0x8f, 0xff, 0xff, 0xff, 0xff, 0xff, 0xff, 0xd2, 0x00, 0x00, 0x8f, 0xff,
    0xff, 0xff, 0xff, 0xed, 0xa6, 0x00, 0x00, 0x00, 0x00, 0x00, 0x00, 0x35, 0x66, 0x52, 0x00, 0x00, 0x00, 0x00, 0x00, 0x18,
    0xdf, 0xff, 0xff, 0xfc, 0x60, 0x00, 0x00, 0x00, 0x4e, 0xff, 0xff, 0xff, 0xff, 0xff, 0xc1, 0x00, 0x00, 0x5f, 0xff, 0xfe,
    0xa8, 0x8a, 0xef, 0xff, 0xc0, 0x00, 0x3f, 0xff, 0xf7, 0x10, 0x00, 0x01, 0x7f, 0xe3, 0x00, 0x0b, 0xff, 0xf4, 0x00, 0x00,
    0x00, 0x00, 0x42, 0x00, 0x03, 0xff, 0xf7, 0x00, 0x00, 0x00, 0x00, 0x00, 0x00, 0x00, 0x8f, 0xfe, 0x00, 0x00, 0x00, 0x00,
    0x00, 0x00, 0x00, 0x0b, 0xff, 0xa0, 0x00, 0x00, 0x00, 0x00, 0x00, 0x00, 0x00, 0xcf, 0xf9, 0x00, 0x00, 0x00, 0x00, 0x00,
    0x00, 0x00, 0x0c, 0xff, 0x90, 0x00, 0x00, 0x00, 0x00, 0x00, 0x00, 0x00, 0xbf, 0xfb, 0x00, 0x00, 0x00, 0x00, 0x00, 0x00,
    0x00, 0x07, 0xff, 0xf1, 0x00, 0x00, 0x00, 0x00, 0x00, 0x00, 0x00, 0x2f, 0xff, 0x90, 0x00, 0x00, 0x00, 0x00, 0x00, 0x00,
    0x00, 0xaf, 0xff, 0x60, 0x00, 0x00, 0x00, 0x07, 0x50, 0x00, 0x02, 0xef, 0xff, 0xa2, 0x00, 0x00, 0x3a, 0xff, 0x50, 0x00,
    0x03, 0xef, 0xff, 0xfd, 0xbb, 0xdf, 0xff, 0xfb, 0x00, 0x00, 0x02, 0xcf, 0xff, 0xff, 0xff, 0xff, 0xf9, 0x00, 0x00, 0x00,
    0x00, 0x5b, 0xef, 0xff, 0xfe, 0x93, 0x00, 0x00, 0x00, 0x00, 0x00, 0x00, 0x23, 0x32, 0x00, 0x00, 0x00, 0x00, 0x23, 0x33,
    0x33, 0x33, 0x32, 0x00, 0x00, 0x00, 0x00, 0x00, 0x08, 0xff, 0xff, 0xff, 0xff, 0xff, 0xc8, 0x20, 0x00, 0x00, 0x00, 0x8f,
    0xff, 0xff, 0xff, 0xff, 0xff, 0xff, 0x70, 0x00, 0x00, 0x08, 0xff, 0xea, 0xaa, 0xaa, 0xce, 0xff, 0xff, 0xa0, 0x00, 0x00,
    0x8f, 0xfc, 0x00, 0x00, 0x00, 0x15, 0xdf, 0xff, 0x80, 0x00, 0x08, 0xff, 0xc0, 0x00, 0x00, 0x00, 0x01, 0xcf, 0xff, 0x40,
    0x00, 0x8f, 0xfc, 0x00, 0x00, 0x00, 0x00, 0x01, 0xef, 0xfb, 0x00, 0x08, 0xff, 0xc0, 0x00, 0x00, 0x00, 0x00, 0x08, 0xff,
    0xf1, 0x00, 0x8f, 0xfc, 0x00, 0x00, 0x00, 0x00, 0x00, 0x3f, 0xff, 0x40, 0x08, 0xff, 0xc0, 0x00, 0x00, 0x00, 0x00, 0x02,
    0xff, 0xf5, 0x00, 0x8f, 0xfc, 0x00, 0x00, 0x00, 0x00, 0x00, 0x2f, 0xff, 0x50, 0x08, 0xff, 0xc0, 0x00, 0x00, 0x00, 0x00,
    0x04, 0xff, 0xf3, 0x00, 0x8f, 0xfc, 0x00, 0x00, 0x00, 0x00, 0x00, 0x9f, 0xfe, 0x00, 0x08, 0xff, 0xc0, 0x00, 0x00, 0x00,
    0x00, 0x3f, 0xff, 0xa0, 0x00, 0x8f, 0xfc, 0x00, 0x00, 0x00, 0x00, 0x2d, 0xff, 0xf3, 0x00, 0x08, 0xff, 0xc0, 0x00, 0x00,
    0x03, 0x8f, 0xff, 0xf6, 0x00, 0x00, 0x8f, 0xff, 0xdd, 0xdd, 0xdf, 0xff, 0xff, 0xf8, 0x00, 0x00, 0x08, 0xff, 0xff, 0xff,
    0xff, 0xff, 0xff, 0xd4, 0x00, 0x00, 0x00, 0x8f, 0xff, 0xff, 0xff, 0xfe, 0xc9, 0x50, 0x00, 0x00, 0x00, 0x00, 0x23, 0x33,
    0x33, 0x33, 0x33, 0x33, 0x32, 0x00, 0x08, 0xff, 0xff, 0xff, 0xff, 0xff, 0xff, 0xb0, 0x00, 0x8f, 0xff, 0xff, 0xff, 0xff,
    0xff, 0xfb, 0x00, 0x08, 0xff, 0xea, 0xaa, 0xaa, 0xaa, 0xaa, 0x70, 0x00, 0x8f, 0xfc, 0x00, 0x00, 0x00, 0x00, 0x00, 0x00,
    0x08, 0xff, 0xc0, 0x00, 0x00, 0x00, 0x00, 0x00, 0x00, 0x8f, 0xfc, 0x00, 0x00, 0x00, 0x00, 0x00, 0x00, 0x08, 0xff, 0xc0,
    0x00, 0x00, 0x00, 0x00, 0x00, 0x00, 0x8f, 0xff, 0x99, 0x99, 0x99, 0x99, 0x60, 0x00, 0x08, 0xff, 0xff, 0xff, 0xff, 0xff,
    0xf9, 0x00, 0x00, 0x8f, 0xff, 0xff, 0xff, 0xff, 0xff, 0x90, 0x00, 0x08, 0xff, 0xd2, 0x22, 0x22, 0x22, 0x21, 0x00, 0x00,
    0x8f, 0xfc, 0x00, 0x00, 0x00, 0x00, 0x00, 0x00, 0x08, 0xff, 0xc0, 0x00, 0x00, 0x00, 0x00, 0x00, 0x00, 0x8f, 0xfc, 0x00,
    0x00, 0x00, 0x00, 0x00, 0x00, 0x08, 0xff, 0xc0, 0x00, 0x00, 0x00, 0x00, 0x00, 0x00, 0x8f, 0xff, 0xdd, 0xdd, 0xdd, 0xdd,
    0xdd, 0x10, 0x08, 0xff, 0xff, 0xff, 0xff, 0xff, 0xff, 0xf1, 0x00, 0x8f, 0xff, 0xff, 0xff, 0xff, 0xff, 0xff, 0x10, 0x00,
    0x23, 0x33, 0x33, 0x33, 0x33, 0x33, 0x32, 0x00, 0x08, 0xff, 0xff, 0xff, 0xff, 0xff, 0xff, 0xb0, 0x00, 0x8f, 0xff, 0xff,
    0xff, 0xff, 0xff, 0xfb, 0x00, 0x08, 0xff, 0xea, 0xaa, 0xaa, 0xaa, 0xaa, 0x70, 0x00, 0x8f, 0xfc, 0x00, 0x00, 0x00, 0x00,
    0x00, 0x00, 0x08, 0xff, 0xc0, 0x00, 0x00, 0x00, 0x00, 0x00, 0x00, 0x8f, 0xfc, 0x00, 0x00, 0x00, 0x00, 0x00, 0x00, 0x08,
    0xff, 0xc0, 0x00, 0x00, 0x00, 0x00, 0x00, 0x00, 0x8f, 0xfc, 0x00, 0x00, 0x00, 0x00, 0x00, 0x00, 0x08, 0xff, 0xfc, 0xcc,
    0xcc, 0xcc, 0xc8, 0x00, 0x00, 0x8f, 0xff, 0xff, 0xff, 0xff, 0xff, 0x90, 0x00, 0x08, 0xff, 0xff, 0xff, 0xff, 0xff, 0xf9,
    0x00, 0x00, 0x8f, 0xfd, 0x00, 0x00, 0x00, 0x00, 0x00, 0x00, 0x08, 0xff, 0xc0, 0x00, 0x00, 0x00, 0x00, 0x00, 0x00, 0x8f,
    0xfc, 0x00, 0x00, 0x00, 0x00, 0x00, 0x00, 0x08, 0xff, 0xc0, 0x00, 0x00, 0x00, 0x00, 0x00, 0x00, 0x8f, 0xfc, 0x00, 0x00,
    0x00, 0x00, 0x00, 0x00, 0x08, 0xff, 0xc0, 0x00, 0x00, 0x00, 0x00, 0x00, 0x00, 0x8f, 0xfc, 0x00, 0x00, 0x00, 0x00, 0x00,
    0x00, 0x00, 0x00, 0x00, 0x00, 0x25, 0x66, 0x53, 0x00, 0x00, 0x00, 0x00, 0x00, 0x01, 0x7d, 0xff, 0xff, 0xff, 0xd8, 0x10,
    0x00, 0x00, 0x00, 0x4e, 0xff, 0xff, 0xff, 0xff, 0xff, 0xe4, 0x00, 0x00, 0x05, 0xff, 0xff, 0xea, 0x88, 0xad, 0xff, 0xfe,
    0x10, 0x00, 0x3f, 0xff, 0xf7, 0x10, 0x00, 0x00, 0x5e, 0xf5, 0x00, 0x00, 0xbf, 0xff, 0x40, 0x00, 0x00, 0x00, 0x02, 0x40,
    0x00, 0x03, 0xff, 0xf7, 0x00, 0x00, 0x00, 0x00, 0x00, 0x00, 0x00, 0x08, 0xff, 0xe0, 0x00, 0x00, 0x00, 0x00, 0x00, 0x00,
    0x00, 0x0b, 0xff, 0xa0, 0x00, 0x00, 0x00, 0x00, 0x00, 0x00, 0x00, 0x0c, 0xff, 0x90, 0x00, 0x00, 0x00, 0x00, 0x14, 0x44,
    0x00, 0x0c, 0xff, 0x90, 0x00, 0x00, 0x00, 0x00, 0x2f, 0xff, 0x10, 0x0b, 0xff, 0xb0, 0x00, 0x00, 0x00, 0x00, 0x2f, 0xff,
    0x10, 0x07, 0xff, 0xf1, 0x00, 0x00, 0x00, 0x00, 0x2f, 0xff, 0x10, 0x02, 0xff, 0xf9, 0x00, 0x00, 0x00, 0x00, 0x2f, 0xff,
    0x10, 0x00, 0xaf, 0xff, 0x70, 0x00, 0x00, 0x00, 0x2f, 0xff, 0x10, 0x00, 0x2e, 0xff, 0xfa, 0x30, 0x00, 0x01, 0x9f, 0xff,
    0x10, 0x00, 0x03, 0xef, 0xff, 0xfd, 0xbb, 0xcf, 0xff, 0xff, 0x10, 0x00, 0x00, 0x2c, 0xff, 0xff, 0xff, 0xff, 0xff, 0xd5,
    0x00, 0x00, 0x00, 0x00, 0x5a, 0xef, 0xff, 0xfe, 0xb5, 0x00, 0x00, 0x00, 0x00, 0x00, 0x00, 0x02, 0x33, 0x20, 0x00, 0x00,
    0x00, 0x00, 0x23, 0x33, 0x00, 0x00, 0x00, 0x00, 0x02, 0x33, 0x20, 0x00, 0x08, 0xff, 0xc0, 0x00, 0x00, 0x00, 0x00, 0xcf,
    0xf9, 0x00, 0x00, 0x8f, 0xfc, 0x00, 0x00, 0x00, 0x00, 0x0c, 0xff, 0x90, 0x00, 0x08, 0xff, 0xc0, 0x00, 0x00, 0x00, 0x00,
    0xcf, 0xf9, 0x00, 0x00, 0x8f, 0xfc, 0x00, 0x00, 0x00, 0x00, 0x0c, 0xff, 0x90, 0x00, 0x08, 0xff, 0xc0, 0x00, 0x00, 0x00,
    0x00, 0xcf, 0xf9, 0x00, 0x00, 0x8f, 0xfc, 0x00, 0x00, 0x00, 0x00, 0x0c, 0xff, 0x90, 0x00, 0x08, 0xff, 0xc0, 0x00, 0x00,
    0x00, 0x00, 0xcf, 0xf9, 0x00, 0x00, 0x8f, 0xff, 0xaa, 0xaa, 0xaa, 0xaa, 0xaf, 0xff, 0x90, 0x00, 0x08, 0xff, 0xff, 0xff,
    0xff, 0xff, 0xff, 0xff, 0xf9, 0x00, 0x00, 0x8f, 0xff, 0xff, 0xff, 0xff, 0xff, 0xff, 0xff, 0x90, 0x00, 0x08, 0xff, 0xe3,
    0x33, 0x33, 0x33, 0x33, 0xdf, 0xf9, 0x00, 0x00, 0x8f, 0xfc, 0x00, 0x00, 0x00, 0x00, 0x0c, 0xff, 0x90, 0x00, 0x08, 0xff,
    0xc0, 0x00, 0x00, 0x00, 0x00, 0xcf, 0xf9, 0x00, 0x00, 0x8f, 0xfc, 0x00, 0x00, 0x00, 0x00, 0x0c, 0xff, 0x90, 0x00, 0x08,
    0xff, 0xc0, 0x00, 0x00, 0x00, 0x00, 0xcf, 0xf9, 0x00, 0x00, 0x8f, 0xfc, 0x00, 0x00, 0x00, 0x00, 0x0c, 0xff, 0x90, 0x00,
    0x08, 0xff, 0xc0, 0x00, 0x00, 0x00, 0x00, 0xcf, 0xf9, 0x00, 0x00, 0x8f, 0xfc, 0x00, 0x00, 0x00, 0x00, 0x0c, 0xff, 0x90,
    0x00, 0x00, 0x23, 0x33, 0x00, 0x00, 0x8f, 0xfc, 0x00, 0x00, 0x8f, 0xfc, 0x00, 0x00, 0x8f, 0xfc, 0x00, 0x00, 0x8f, 0xfc,
    0x00, 0x00, 0x8f, 0xfc, 0x00, 0x00, 0x8f, 0xfc, 0x00, 0x00, 0x8f, 0xfc, 0x00, 0x00, 0x8f, 0xfc, 0x00, 0x00, 0x8f, 0xfc,
    0x00, 0x00, 0x8f, 0xfc, 0x00, 0x00, 0x8f, 0xfc, 0x00, 0x00, 0x8f, 0xfc, 0x00, 0x00, 0x8f, 0xfc, 0x00, 0x00, 0x8f, 0xfc,
    0x00, 0x00, 0x8f, 0xfc, 0x00, 0x00, 0x8f, 0xfc, 0x00, 0x00, 0x8f, 0xfc, 0x00, 0x00, 0x8f, 0xfc, 0x00, 0x00, 0x13, 0x33,
    0x33, 0x33, 0x33, 0x10, 0x00, 0x07, 0xff, 0xff, 0xff, 0xff, 0xf6, 0x00, 0x00, 0x7f, 0xff, 0xff, 0xff, 0xff, 0x60, 0x00,
    0x04, 0xaa, 0xaa, 0xaa, 0xff, 0xf6, 0x00, 0x00, 0x00, 0x00, 0x00, 0x0f, 0xff, 0x60, 0x00, 0x00, 0x00, 0x00, 0x00, 0xff,
    0xf6, 0x00, 0x00, 0x00, 0x00, 0x00, 0x0f, 0xff, 0x60, 0x00, 0x00, 0x00, 0x00, 0x00, 0xff, 0xf6, 0x00, 0x00, 0x00, 0x00,
    0x00, 0x0f, 0xff, 0x60, 0x00, 0x00, 0x00, 0x00, 0x00, 0xff, 0xf6, 0x00, 0x00, 0x00, 0x00, 0x00, 0x0f, 0xff, 0x60, 0x00,
    0x00, 0x00, 0x00, 0x00, 0xff, 0xf6, 0x00, 0x00, 0x00, 0x00, 0x00, 0x0f, 0xff, 0x60, 0x00, 0x00, 0x00, 0x00, 0x00, 0xff,
    0xf5, 0x00, 0x00, 0x60, 0x00, 0x00, 0x3f, 0xff, 0x40, 0x00, 0x6f, 0xa1, 0x00, 0x0b, 0xff, 0xf1, 0x00, 0x2f, 0xff, 0xeb,
    0xad, 0xff, 0xfa, 0x00, 0x00, 0x7f, 0xff, 0xff, 0xff, 0xfd, 0x10, 0x00, 0x00, 0x3b, 0xff, 0xff, 0xe9, 0x10, 0x00, 0x00,
    0x00, 0x01, 0x33, 0x20, 0x00, 0x00, 0x00, 0x00, 0x23, 0x32, 0x00, 0x00, 0x00, 0x00, 0x13, 0x33, 0x20, 0x00, 0x8f, 0xfc,
    0x00, 0x00, 0x00, 0x01, 0xcf, 0xfd, 0x10, 0x00, 0x8f, 0xfc, 0x00, 0x00, 0x00, 0x1c, 0xff, 0xd2, 0x00, 0x00, 0x8f, 0xfc,
    0x00, 0x00, 0x01, 0xbf, 0xfe, 0x20, 0x00, 0x00, 0x8f, 0xfc, 0x00, 0x00, 0x0b, 0xff, 0xe3, 0x00, 0x00, 0x00, 0x8f, 0xfc,
    0x00, 0x00, 0xaf, 0xfe, 0x30, 0x00, 0x00, 0x00, 0x8f, 0xfc, 0x00, 0x0a, 0xff, 0xf4, 0x00, 0x00, 0x00, 0x00, 0x8f, 0xfc,
    0x00, 0xaf, 0xff, 0x50, 0x00, 0x00, 0x00, 0x00, 0x8f, 0xfc, 0x09, 0xff, 0xf6, 0x00, 0x00, 0x00, 0x00, 0x00, 0x8f, 0xfc,
    0x9f, 0xff, 0xf6, 0x00, 0x00, 0x00, 0x00, 0x00, 0x8f, 0xff, 0xff, 0xff, 0xff, 0x40, 0x00, 0x00, 0x00, 0x00, 0x8f, 0xff,
    0xff, 0xcf, 0xff, 0xe2, 0x00, 0x00, 0x00, 0x00, 0x8f, 0xff, 0xf9, 0x05, 0xff, 0xfc, 0x10, 0x00, 0x00, 0x00, 0x8f, 0xff,
    0x90, 0x00, 0x7f, 0xff, 0xa0, 0x00, 0x00, 0x00, 0x8f, 0xff, 0x00, 0x00, 0x0a, 0xff, 0xf7, 0x00, 0x00, 0x00, 0x8f, 0xfc,
    0x00, 0x00, 0x00, 0xcf, 0xff, 0x40, 0x00, 0x00, 0x8f, 0xfc, 0x00, 0x00, 0x00, 0x1d, 0xff, 0xe2, 0x00, 0x00, 0x8f, 0xfc,
    0x00, 0x00, 0x00, 0x03, 0xef, 0xfc, 0x10, 0x00, 0x8f, 0xfc, 0x00, 0x00, 0x00, 0x00, 0x4f, 0xff, 0xa0, 0x00, 0x23, 0x33,
    0x00, 0x00, 0x00, 0x00, 0x00, 0x00, 0x8f, 0xfc, 0x00, 0x00, 0x00, 0x00, 0x00, 0x00, 0x8f, 0xfc, 0x00, 0x00, 0x00, 0x00,
    0x00, 0x00, 0x8f, 0xfc, 0x00, 0x00, 0x00, 0x00, 0x00, 0x00, 0x8f, 0xfc, 0x00, 0x00, 0x00, 0x00, 0x00, 0x00, 0x8f, 0xfc,
    0x00, 0x00, 0x00, 0x00, 0x00, 0x00, 0x8f, 0xfc, 0x00, 0x00, 0x00, 0x00, 0x00, 0x00, 0x8f, 0xfc, 0x00, 0x00, 0x00, 0x00,
    0x00, 0x00, 0x8f, 0xfc, 0x00, 0x00, 0x00, 0x00, 0x00, 0x00, 0x8f, 0xfc, 0x00, 0x00, 0x00, 0x00, 0x00, 0x00, 0x8f, 0xfc,
    0x00, 0x00, 0x00, 0x00, 0x00, 0x00, 0x8f, 0xfc, 0x00, 0x00, 0x00, 0x00, 0x00, 0x00, 0x8f, 0xfc, 0x00, 0x00, 0x00, 0x00,
    0x00, 0x00, 0x8f, 0xfc, 0x00, 0x00, 0x00, 0x00, 0x00, 0x00, 0x8f, 0xfc, 0x00, 0x00, 0x00, 0x00, 0x00, 0x00, 0x8f, 0xfc,
    0x00, 0x00, 0x00, 0x00, 0x00, 0x00, 0x8f, 0xff, 0xdd, 0xdd, 0xdd, 0xdd, 0xd4, 0x00, 0x8f, 0xff, 0xff, 0xff, 0xff, 0xff,
    0xf5, 0x00, 0x8f, 0xff, 0xff, 0xff, 0xff, 0xff, 0xf5, 0x00, 0x23, 0x31, 0x00, 0x00, 0x00, 0x00, 0x00, 0x00, 0x01, 0x33,
    0x10, 0x00, 0x08, 0xff, 0xa0, 0x00, 0x00, 0x00, 0x00, 0x00, 0x00, 0xdf, 0xf5, 0x00, 0x00, 0x8f, 0xff, 0x40, 0x00, 0x00,
    0x00, 0x00, 0x00, 0x7f, 0xff, 0x50, 0x00, 0x08, 0xff, 0xfd, 0x00, 0x00, 0x00, 0x00, 0x00, 0x1e, 0xff, 0xf5, 0x00, 0x00,
    0x8f, 0xff, 0xf7, 0x00, 0x00, 0x00, 0x00, 0x09, 0xff, 0xff, 0x50, 0x00, 0x08, 0xff, 0xff, 0xe1, 0x00, 0x00, 0x00, 0x03,
    0xff, 0xff, 0xf5, 0x00, 0x00, 0x8f, 0xff, 0xff, 0xa0, 0x00, 0x00, 0x00, 0xcf, 0xff, 0xff, 0x50, 0x00, 0x08, 0xff, 0xce,
    0xff, 0x40, 0x00, 0x00, 0x6f, 0xfc, 0xdf, 0xf5, 0x00, 0x00, 0x8f, 0xfa, 0x7f, 0xfc, 0x00, 0x00, 0x1e, 0xff, 0x3d, 0xff,
    0x50, 0x00, 0x08, 0xff, 0xa0, 0xdf, 0xf7, 0x00, 0x09, 0xff, 0x90, 0xdf, 0xf5, 0x00, 0x00, 0x8f, 0xfa, 0x04, 0xff, 0xe1,
    0x03, 0xff, 0xe1, 0x0d, 0xff, 0x50, 0x00, 0x08, 0xff, 0xa0, 0x0a, 0xff, 0xa0, 0xbf, 0xf6, 0x00, 0xdf, 0xf5, 0x00, 0x00,
    0x8f, 0xfa, 0x00, 0x2e, 0xff, 0x9f, 0xfc, 0x00, 0x0d, 0xff, 0x50, 0x00, 0x08, 0xff, 0xa0, 0x00, 0x7f, 0xff, 0xff, 0x30,
    0x00, 0xdf, 0xf5, 0x00, 0x00, 0x8f, 0xfa, 0x00, 0x00, 0xcf, 0xff, 0x90, 0x00, 0x0d, 0xff, 0x50, 0x00, 0x08, 0xff, 0xa0,
    0x00, 0x04, 0xff, 0xe1, 0x00, 0x00, 0xdf, 0xf6, 0x00, 0x00, 0x8f, 0xfa, 0x00, 0x00, 0x09, 0xe6, 0x00, 0x00, 0x0d, 0xff,
    0x60, 0x00, 0x08, 0xff, 0xa0, 0x00, 0x00, 0x00, 0x00, 0x00, 0x00, 0xdf, 0xf6, 0x00, 0x00, 0x8f, 0xfa, 0x00, 0x00, 0x00,
    0x00, 0x00, 0x00, 0x0d, 0xff, 0x60, 0x00, 0x00, 0x23, 0x31, 0x00, 0x00, 0x00, 0x00, 0x02, 0x33, 0x20, 0x00, 0x08, 0xff,
    0xc0, 0x00, 0x00, 0x00, 0x00, 0xbf, 0xf9, 0x00, 0x00, 0x8f, 0xff, 0x90, 0x00, 0x00, 0x00, 0x0b, 0xff, 0x90, 0x00, 0x08,
    0xff, 0xff, 0x60, 0x00, 0x00, 0x00, 0xbf, 0xf9, 0x00, 0x00, 0x8f, 0xff, 0xff, 0x40, 0x00, 0x00, 0x0b, 0xff, 0x90, 0x00,
    0x08, 0xff, 0xff, 0xfe, 0x20, 0x00, 0x00, 0xbf, 0xf9, 0x00, 0x00, 0x8f, 0xff, 0xff, 0xfc, 0x10, 0x00, 0x0b, 0xff, 0x90,
    0x00, 0x08, 0xff, 0xc8, 0xff, 0xfa, 0x00, 0x00, 0xbf, 0xf9, 0x00, 0x00, 0x8f, 0xfc, 0x0b, 0xff, 0xf8, 0x00, 0x0b, 0xff,
    0x90, 0x00, 0x08, 0xff, 0xc0, 0x1d, 0xff, 0xf5, 0x00, 0xbf, 0xf9, 0x00, 0x00, 0x8f, 0xfc, 0x00, 0x2e, 0xff, 0xe3, 0x0b,
    0xff, 0x90, 0x00, 0x08, 0xff, 0xc0, 0x00, 0x4f, 0xff, 0xd1, 0xbf, 0xf9, 0x00, 0x00, 0x8f, 0xfc, 0x00, 0x00, 0x7f, 0xff,
    0xbc, 0xff, 0x90, 0x00, 0x08, 0xff, 0xc0, 0x00, 0x00, 0xaf, 0xff, 0xff, 0xf9, 0x00, 0x00, 0x8f, 0xfc, 0x00, 0x00, 0x01,
    0xcf, 0xff, 0xff, 0x90, 0x00, 0x08, 0xff, 0xc0, 0x00, 0x00, 0x02, 0xef, 0xff, 0xf9, 0x00, 0x00, 0x8f, 0xfc, 0x00, 0x00,
    0x00, 0x03, 0xff, 0xff, 0x90, 0x00, 0x08, 0xff, 0xc0, 0x00, 0x00, 0x00, 0x06, 0xff, 0xf9, 0x00, 0x00, 0x8f, 0xfc, 0x00,
    0x00, 0x00, 0x00, 0x09, 0xff, 0x90, 0x00, 0x00, 0x00, 0x00, 0x00, 0x25, 0x66, 0x52, 0x00, 0x00, 0x00, 0x00, 0x00, 0x00,
    0x01, 0x7d, 0xff, 0xff, 0xff, 0xd6, 0x00, 0x00, 0x00, 0x00, 0x00, 0x4e, 0xff, 0xff, 0xff, 0xff, 0xff, 0xd3, 0x00, 0x00,
    0x00, 0x05, 0xff, 0xff, 0xea, 0x88, 0xae, 0xff, 0xfe, 0x40, 0x00, 0x00, 0x3f, 0xff, 0xf7, 0x00, 0x00, 0x01, 0x8f, 0xff,
    0xe2, 0x00, 0x00, 0xbf, 0xff, 0x40, 0x00, 0x00, 0x00, 0x05, 0xff, 0xfa, 0x00, 0x03, 0xff, 0xf7, 0x00, 0x00, 0x00, 0x00,
    0x00, 0x9f, 0xff, 0x20, 0x08, 0xff, 0xe1, 0x00, 0x00, 0x00, 0x00, 0x00, 0x2f, 0xff, 0x60, 0x0b, 0xff, 0xb0, 0x00, 0x00,
    0x00, 0x00, 0x00, 0x0c, 0xff, 0x90, 0x0c, 0xff, 0x90, 0x00, 0x00, 0x00, 0x00, 0x00, 0x0a, 0xff, 0xb0, 0x0c, 0xff, 0x90,
    0x00, 0x00, 0x00, 0x00, 0x00, 0x0b, 0xff, 0xa0, 0x0b, 0xff, 0xb0, 0x00, 0x00, 0x00, 0x00, 0x00, 0x0d, 0xff, 0x90, 0x07,
    0xff, 0xf1, 0x00, 0x00, 0x00, 0x00, 0x00, 0x3f, 0xff, 0x50, 0x02, 0xff, 0xf9, 0x00, 0x00, 0x00, 0x00, 0x00, 0xbf, 0xff,
    0x10, 0x00, 0xaf, 0xff, 0x60, 0x00, 0x00, 0x00, 0x08, 0xff, 0xf8, 0x00, 0x00, 0x2e, 0xff, 0xfa, 0x20, 0x00, 0x03, 0xbf,
    0xff, 0xd1, 0x00, 0x00, 0x03, 0xef, 0xff, 0xfd, 0xbb, 0xdf, 0xff, 0xfd, 0x20, 0x00, 0x00, 0x00, 0x2c, 0xff, 0xff, 0xff,
    0xff, 0xff, 0xb1, 0x00, 0x00, 0x00, 0x00, 0x00, 0x4a, 0xef, 0xff, 0xfe, 0xa4, 0x00, 0x00, 0x00, 0x00, 0x00, 0x00, 0x00,
    0x02, 0x33, 0x20, 0x00, 0x00, 0x00, 0x00, 0x00, 0x23, 0x33, 0x33, 0x33, 0x21, 0x00, 0x00, 0x00, 0x00, 0x08, 0xff, 0xff,
    0xff, 0xff, 0xfe, 0x93, 0x00, 0x00, 0x00, 0x8f, 0xff, 0xff, 0xff, 0xff, 0xff, 0xf8, 0x00, 0x00, 0x08, 0xff, 0xfa, 0xaa,
    0xab, 0xdf, 0xff, 0xf7, 0x00, 0x00, 0x8f, 0xfc, 0x00, 0x00, 0x00, 0x3d, 0xff, 0xe1, 0x00, 0x08, 0xff, 0xc0, 0x00, 0x00,
    0x00, 0x3f, 0xff, 0x60, 0x00, 0x8f, 0xfc, 0x00, 0x00, 0x00, 0x00, 0xcf, 0xf9, 0x00, 0x08, 0xff, 0xc0, 0x00, 0x00, 0x00,
    0x0b, 0xff, 0x90, 0x00, 0x8f, 0xfc, 0x00, 0x00, 0x00, 0x00, 0xef, 0xf8, 0x00, 0x08, 0xff, 0xc0, 0x00, 0x00, 0x00, 0x7f,
    0xff, 0x40, 0x00, 0x8f, 0xfe, 0x22, 0x22, 0x25, 0xaf, 0xff, 0xc0, 0x00, 0x08, 0xff, 0xff, 0xff, 0xff, 0xff, 0xff, 0xe2,
    0x00, 0x00, 0x8f, 0xff, 0xff, 0xff, 0xff, 0xff, 0xb2, 0x00, 0x00, 0x08, 0xff, 0xfb, 0xbb, 0xba, 0x97, 0x20, 0x00, 0x00,
    0x00, 0x8f, 0xfc, 0x00, 0x00, 0x00, 0x00, 0x00, 0x00, 0x00, 0x08, 0xff, 0xc0, 0x00, 0x00, 0x00, 0x00, 0x00, 0x00, 0x00,
    0x8f, 0xfc, 0x00, 0x00, 0x00, 0x00, 0x00, 0x00, 0x00, 0x08, 0xff, 0xc0, 0x00, 0x00, 0x00, 0x00, 0x00, 0x00, 0x00, 0x8f,
    0xfc, 0x00, 0x00, 0x00, 0x00, 0x00, 0x00, 0x00, 0x00, 0x00, 0x00, 0x00, 0x25, 0x66, 0x52, 0x00, 0x00, 0x00, 0x00, 0x00,
    0x00, 0x01, 0x7d, 0xff, 0xff, 0xff, 0xd6, 0x00, 0x00, 0x00, 0x00, 0x00, 0x4e, 0xff, 0xff, 0xff, 0xff, 0xff, 0xd3, 0x00,
    0x00, 0x00, 0x05, 0xff, 0xff, 0xea, 0x88, 0xae, 0xff, 0xfe, 0x40, 0x00, 0x00, 0x3f, 0xff, 0xf7, 0x00, 0x00, 0x01, 0x8f,
    0xff, 0xe2, 0x00, 0x00, 0xbf, 0xff, 0x40, 0x00, 0x00, 0x00, 0x05, 0xff, 0xfa, 0x00, 0x03, 0xff, 0xf7, 0x00, 0x00, 0x00,
    0x00, 0x00, 0x9f, 0xff, 0x20, 0x08, 0xff, 0xe1, 0x00, 0x00, 0x00, 0x00, 0x00, 0x2f, 0xff, 0x60, 0x0b, 0xff, 0xb0, 0x00,
    0x00, 0x00, 0x00, 0x00, 0x0c, 0xff, 0x90, 0x0c, 0xff, 0x90, 0x00, 0x00, 0x00, 0x00, 0x00, 0x0a, 0xff, 0xb0, 0x0c, 0xff,
    0x90, 0x00, 0x00, 0x00, 0x00, 0x00, 0x0b, 0xff, 0xa0, 0x0b, 0xff, 0xb0, 0x00, 0x00, 0x00, 0x00, 0x00, 0x0d, 0xff, 0x90,
    0x07, 0xff, 0xf1, 0x00, 0x00, 0x00, 0x00, 0x00, 0x3f, 0xff, 0x50, 0x02, 0xff, 0xf9, 0x00, 0x00, 0x00, 0x00, 0x00, 0xbf,
    0xff, 0x10, 0x00, 0xaf, 0xff, 0x60, 0x00, 0x00, 0x00, 0x08, 0xff, 0xf8, 0x00, 0x00, 0x2e, 0xff, 0xfa, 0x20, 0x00, 0x03,
    0xbf, 0xff, 0xd1, 0x00, 0x00, 0x03, 0xef, 0xff, 0xfd, 0xbb, 0xdf, 0xff, 0xfd, 0x20, 0x00, 0x00, 0x00, 0x2c, 0xff, 0xff,
    0xff, 0xff, 0xff, 0xb1, 0x00, 0x00, 0x00, 0x00, 0x00, 0x4a, 0xef, 0xff, 0xff, 0xa4, 0x00, 0x00, 0x00, 0x00, 0x00, 0x00,
    0x00, 0x03, 0xff, 0xff, 0x91, 0x00, 0x08, 0x90, 0x00, 0x00, 0x00, 0x00, 0x00, 0x1b, 0xff, 0xfe, 0xaa, 0xdf, 0xf5, 0x00,
    0x00, 0x00, 0x00, 0x00, 0x00, 0x8f, 0xff, 0xff, 0xff, 0xc1, 0x00, 0x00, 0x00, 0x00, 0x00, 0x00, 0x02, 0x9c, 0xee, 0xc6,
    0x00, 0x00, 0x23, 0x33, 0x33, 0x33, 0x21, 0x00, 0x00, 0x00, 0x00, 0x08, 0xff, 0xff, 0xff, 0xff, 0xfe, 0x93, 0x00, 0x00,
    0x00, 0x8f, 0xff, 0xff, 0xff, 0xff, 0xff, 0xf7, 0x00, 0x00, 0x08, 0xff, 0xfa, 0xaa, 0xab, 0xdf, 0xff, 0xf7, 0x00, 0x00,
    0x8f, 0xfc, 0x00, 0x00, 0x00, 0x3d, 0xff, 0xf2, 0x00, 0x08, 0xff, 0xc0, 0x00, 0x00, 0x00, 0x3f, 0xff, 0x60, 0x00, 0x8f,
    0xfc, 0x00, 0x00, 0x00, 0x00, 0xcf, 0xf9, 0x00, 0x08, 0xff, 0xc0, 0x00, 0x00, 0x00, 0x0b, 0xff, 0xa0, 0x00, 0x8f, 0xfc,
    0x00, 0x00, 0x00, 0x00, 0xef, 0xf8, 0x00, 0x08, 0xff, 0xc0, 0x00, 0x00, 0x00, 0x7f, 0xff, 0x40, 0x00, 0x8f, 0xfe, 0x11,
    0x11, 0x24, 0xaf, 0xff, 0xc0, 0x00, 0x08, 0xff, 0xff, 0xff, 0xff, 0xff, 0xff, 0xe2, 0x00, 0x00, 0x8f, 0xff, 0xff, 0xff,
    0xff, 0xff, 0xa2, 0x00, 0x00, 0x08, 0xff, 0xfb, 0xbb, 0xbf, 0xff, 0xf3, 0x00, 0x00, 0x00, 0x8f, 0xfc, 0x00, 0x00, 0x0c,
    0xff, 0xc0, 0x00, 0x00, 0x08, 0xff, 0xc0, 0x00, 0x00, 0x2e, 0xff, 0x80, 0x00, 0x00, 0x8f, 0xfc, 0x00, 0x00, 0x00, 0x6f,
    0xff, 0x40, 0x00, 0x08, 0xff, 0xc0, 0x00, 0x00, 0x00, 0xbf, 0xfd, 0x10, 0x00, 0x8f, 0xfc, 0x00, 0x00, 0x00, 0x01, 0xef,
    0xfa, 0x00, 0x00, 0x00, 0x01, 0x45, 0x66, 0x42, 0x00, 0x00, 0x00, 0x02, 0xae, 0xff, 0xff, 0xff, 0xc7, 0x10, 0x00, 0x4e,
    0xff, 0xff, 0xff, 0xff, 0xff, 0x80, 0x01, 0xef, 0xff, 0xa6, 0x56, 0x9d, 0xff, 0x20, 0x07, 0xff, 0xf3, 0x00, 0x00, 0x00,
    0x38, 0x00, 0x0a, 0xff, 0xb0, 0x00, 0x00, 0x00, 0x00, 0x00, 0x0a, 0xff, 0xc0, 0x00, 0x00, 0x00, 0x00, 0x00, 0x07, 0xff,
    0xfa, 0x20, 0x00, 0x00, 0x00, 0x00, 0x01, 0xef, 0xff, 0xfd, 0x95, 0x10, 0x00, 0x00, 0x00, 0x3d, 0xff, 0xff, 0xff, 0xfb,
    0x50, 0x00, 0x00, 0x00, 0x5b, 0xff, 0xff, 0xff, 0xfc, 0x20, 0x00, 0x00, 0x00, 0x14, 0x8c, 0xff, 0xff, 0xc0, 0x00, 0x00,
    0x00, 0x00, 0x00, 0x3b, 0xff, 0xf4, 0x00, 0x00, 0x00, 0x00, 0x00, 0x01, 0xff, 0xf6, 0x00, 0x40, 0x00, 0x00, 0x00, 0x00,
    0xef, 0xf5, 0x06, 0xfa, 0x40, 0x00, 0x00, 0x08, 0xff, 0xf2, 0x0d, 0xff, 0xfe, 0xa9, 0x9a, 0xdf, 0xff, 0x90, 0x07, 0xef,
    0xff, 0xff, 0xff, 0xff, 0xfa, 0x00, 0x00, 0x17, 0xbe, 0xff, 0xff, 0xfb, 0x50, 0x00, 0x00, 0x00, 0x00, 0x23, 0x32, 0x10,
    0x00, 0x00, 0x33, 0x33, 0x33, 0x33, 0x33, 0x33, 0x33, 0x32, 0xdf, 0xff, 0xff, 0xff, 0xff, 0xff, 0xff, 0xf8, 0xdf, 0xff,
    0xff, 0xff, 0xff, 0xff, 0xff, 0xf8, 0x9a, 0xaa, 0xaa, 0xef, 0xfd, 0xaa, 0xaa, 0xa5, 0x00, 0x00, 0x00, 0xdf, 0xf8, 0x00,
    0x00, 0x00, 0x00, 0x00, 0x00, 0xdf, 0xf8, 0x00, 0x00, 0x00, 0x00, 0x00, 0x00, 0xdf, 0xf8, 0x00, 0x00, 0x00, 0x00, 0x00,
    0x00, 0xdf, 0xf8, 0x00, 0x00, 0x00, 0x00, 0x00, 0x00, 0xdf, 0xf8, 0x00, 0x00, 0x00, 0x00, 0x00, 0x00, 0xdf, 0xf8, 0x00,
    0x00, 0x00, 0x00, 0x00, 0x00, 0xdf, 0xf8, 0x00, 0x00, 0x00, 0x00, 0x00, 0x00, 0xdf, 0xf8, 0x00, 0x00, 0x00, 0x00, 0x00,
    0x00, 0xdf, 0xf8, 0x00, 0x00, 0x00, 0x00, 0x00, 0x00, 0xdf, 0xf8, 0x00, 0x00, 0x00, 0x00, 0x00, 0x00, 0xdf, 0xf8, 0x00,
    0x00, 0x00, 0x00, 0x00, 0x00, 0xdf, 0xf8, 0x00, 0x00, 0x00, 0x00, 0x00, 0x00, 0xdf, 0xf8, 0x00, 0x00, 0x00, 0x00, 0x00,
    0x00, 0xdf, 0xf8, 0x00, 0x00, 0x00, 0x00, 0x00, 0x00, 0xdf, 0xf8, 0x00, 0x00, 0x00, 0x00, 0x23, 0x32, 0x00, 0x00, 0x00,
    0x00, 0x03, 0x33, 0x10, 0x00, 0x0b, 0xff, 0xa0, 0x00, 0x00, 0x00, 0x01, 0xff, 0xf3, 0x00, 0x00, 0xbf, 0xfa, 0x00, 0x00,
    0x00, 0x00, 0x1f, 0xff, 0x30, 0x00, 0x0b, 0xff, 0xa0, 0x00, 0x00, 0x00, 0x01, 0xff, 0xf3, 0x00, 0x00, 0xbf, 0xfa, 0x00,
    0x00, 0x00, 0x00, 0x1f, 0xff, 0x30, 0x00, 0x0b, 0xff, 0xa0, 0x00, 0x00, 0x00, 0x01, 0xff, 0xf3, 0x00, 0x00, 0xbf, 0xfa,
    0x00, 0x00, 0x00, 0x00, 0x1f, 0xff, 0x30, 0x00, 0x0b, 0xff, 0xa0, 0x00, 0x00, 0x00, 0x01, 0xff, 0xf3, 0x00, 0x00, 0xbf,
    0xfa, 0x00, 0x00, 0x00, 0x00, 0x1f, 0xff, 0x30, 0x00, 0x0b, 0xff, 0xa0, 0x00, 0x00, 0x00, 0x01, 0xff, 0xf3, 0x00, 0x00,
    0xbf, 0xfa, 0x00, 0x00, 0x00, 0x00, 0x1f, 0xff, 0x30, 0x00, 0x0a, 0xff, 0xb0, 0x00, 0x00, 0x00, 0x02, 0xff, 0xf3, 0x00,
    0x00, 0x9f, 0xfc, 0x00, 0x00, 0x00, 0x00, 0x3f, 0xff, 0x20, 0x00, 0x07, 0xff, 0xf1, 0x00, 0x00, 0x00, 0x07, 0xff, 0xe0,
    0x00, 0x00, 0x3f, 0xff, 0x80, 0x00, 0x00, 0x01, 0xdf, 0xfa, 0x00, 0x00, 0x00, 0xbf, 0xff, 0x70, 0x00, 0x02, 0xcf, 0xff,
    0x40, 0x00, 0x00, 0x02, 0xef, 0xff, 0xeb, 0xbc, 0xff, 0xff, 0x90, 0x00, 0x00, 0x00, 0x04, 0xef, 0xff, 0xff, 0xff, 0xff,
    0xa0, 0x00, 0x00, 0x00, 0x00, 0x01, 0x8d, 0xff, 0xff, 0xfb, 0x40, 0x00, 0x00, 0x00, 0x00, 0x00, 0x00, 0x01, 0x33, 0x20,
    0x00, 0x00, 0x00, 0x00, 0x03, 0x33, 0x20, 0x00, 0x00, 0x00, 0x00, 0x00, 0x13, 0x33, 0x00, 0xcf, 0xfc, 0x00, 0x00, 0x00,
    0x00, 0x00, 0x09, 0xff, 0xc0, 0x06, 0xff, 0xf4, 0x00, 0x00, 0x00, 0x00, 0x01, 0xef, 0xf5, 0x00, 0x0e, 0xff, 0xa0, 0x00,
    0x00, 0x00, 0x00, 0x7f, 0xfd, 0x00, 0x00, 0x8f, 0xff, 0x20, 0x00, 0x00, 0x00, 0x0d, 0xff, 0x70, 0x00, 0x01, 0xff, 0xf8,
    0x00, 0x00, 0x00, 0x05, 0xff, 0xe1, 0x00, 0x00, 0x0a, 0xff, 0xe1, 0x00, 0x00, 0x00, 0xcf, 0xf9, 0x00, 0x00, 0x00, 0x3f,
    0xff, 0x60, 0x00, 0x00, 0x3f, 0xff, 0x20, 0x00, 0x00, 0x00, 0xcf, 0xfd, 0x00, 0x00, 0x0a, 0xff, 0xb0, 0x00, 0x00, 0x00,
    0x05, 0xff, 0xf4, 0x00, 0x02, 0xff, 0xf4, 0x00, 0x00, 0x00, 0x00, 0x0d, 0xff, 0xb0, 0x00, 0x8f, 0xfd, 0x00, 0x00, 0x00,
    0x00, 0x00, 0x7f, 0xff, 0x20, 0x1e, 0xff, 0x60, 0x00, 0x00, 0x00, 0x00, 0x01, 0xef, 0xf9, 0x06, 0xff, 0xe1, 0x00, 0x00,
    0x00, 0x00, 0x00, 0x09, 0xff, 0xe1, 0xdf, 0xf8, 0x00, 0x00, 0x00, 0x00, 0x00, 0x00, 0x2f, 0xff, 0xbf, 0xff, 0x20, 0x00,
    0x00, 0x00, 0x00, 0x00, 0x00, 0xbf, 0xff, 0xff, 0xa0, 0x00, 0x00, 0x00, 0x00, 0x00, 0x00, 0x04, 0xff, 0xff, 0xf4, 0x00,
    0x00, 0x00, 0x00, 0x00, 0x00, 0x00, 0x0d, 0xff, 0xfc, 0x00, 0x00, 0x00, 0x00, 0x00, 0x00, 0x00, 0x00, 0x6f, 0xff, 0x60,
    0x00, 0x00, 0x00, 0x00, 0x13, 0x33, 0x10, 0x00, 0x00, 0x00, 0x02, 0x33, 0x20, 0x00, 0x00, 0x00, 0x01, 0x33, 0x30, 0x1f,
    0xff, 0x60, 0x00, 0x00, 0x00, 0x0c, 0xff, 0xc0, 0x00, 0x00, 0x00, 0x06, 0xff, 0xc0, 0x0b, 0xff, 0xb0, 0x00, 0x00, 0x00,
    0x2f, 0xff, 0xf2, 0x00, 0x00, 0x00, 0x0b, 0xff, 0x70, 0x06, 0xff, 0xf1, 0x00, 0x00, 0x00, 0x7f, 0xff, 0xf7, 0x00, 0x00,
    0x00, 0x1f, 0xff, 0x20, 0x01, 0xff, 0xf6, 0x00, 0x00, 0x00, 0xcf, 0xff, 0xfc, 0x00, 0x00, 0x00, 0x6f, 0xfc, 0x00, 0x00,
    0xbf, 0xfb, 0x00, 0x00, 0x02, 0xff, 0xff, 0xff, 0x20, 0x00, 0x00, 0xbf, 0xf7, 0x00, 0x00, 0x6f, 0xff, 0x10, 0x00, 0x08,
    0xff, 0x9c, 0xff, 0x70, 0x00, 0x02, 0xff, 0xf2, 0x00, 0x00, 0x1f, 0xff, 0x60, 0x00, 0x0d, 0xff, 0x46, 0xff, 0xc0, 0x00,
    0x06, 0xff, 0xc0, 0x00, 0x00, 0x0b, 0xff, 0xb0, 0x00, 0x3f, 0xfe, 0x02, 0xff, 0xf2, 0x00, 0x0b, 0xff, 0x70, 0x00, 0x00,
    0x06, 0xff, 0xf1, 0x00, 0x8f, 0xf9, 0x00, 0xbf, 0xf7, 0x00, 0x2f, 0xff, 0x20, 0x00, 0x00, 0x01, 0xff, 0xf6, 0x00, 0xdf,
    0xf4, 0x00, 0x6f, 0xfc, 0x00, 0x7f, 0xfc, 0x00, 0x00, 0x00, 0x00, 0xbf, 0xfb, 0x03, 0xff, 0xd0, 0x00, 0x1f, 0xff, 0x20,
    0xcf, 0xf7, 0x00, 0x00, 0x00, 0x00, 0x6f, 0xff, 0x18, 0xff, 0x80, 0x00, 0x0b, 0xff, 0x72, 0xff, 0xf2, 0x00, 0x00, 0x00,
    0x00, 0x1f, 0xff, 0x6d, 0xff, 0x30, 0x00, 0x06, 0xff, 0xb7, 0xff, 0xd0, 0x00, 0x00, 0x00, 0x00, 0x0b, 0xff, 0xef, 0xfd,
    0x00, 0x00, 0x01, 0xff, 0xfd, 0xff, 0x80, 0x00, 0x00, 0x00, 0x00, 0x06, 0xff, 0xff, 0xf8, 0x00, 0x00, 0x00, 0xbf, 0xff,
    0xff, 0x30, 0x00, 0x00, 0x00, 0x00, 0x01, 0xff, 0xff, 0xf3, 0x00, 0x00, 0x00, 0x6f, 0xff, 0xfd, 0x00, 0x00, 0x00, 0x00,
    0x00, 0x00, 0xbf, 0xff, 0xd0, 0x00, 0x00, 0x00, 0x1f, 0xff, 0xf8, 0x00, 0x00, 0x00, 0x00, 0x00, 0x00, 0x6f, 0xff, 0x80,
    0x00, 0x00, 0x00, 0x0b, 0xff, 0xf3, 0x00, 0x00, 0x00, 0x13, 0x33, 0x10, 0x00, 0x00, 0x00, 0x01, 0x33, 0x31, 0x1d, 0xff,
    0xd1, 0x00, 0x00, 0x00, 0x0c, 0xff, 0xc0, 0x03, 0xff, 0xfa, 0x00, 0x00, 0x00, 0x8f, 0xfe, 0x20, 0x00, 0x7f, 0xff, 0x60,
    0x00, 0x04, 0xff, 0xf6, 0x00, 0x00, 0x0b, 0xff, 0xe2, 0x00, 0x1d, 0xff, 0xa0, 0x00, 0x00, 0x02, 0xef, 0xfc, 0x00, 0xaf,
    0xfd, 0x10, 0x00, 0x00, 0x00, 0x5f, 0xff, 0x86, 0xff, 0xf3, 0x00, 0x00, 0x00, 0x00, 0x09, 0xff, 0xff, 0xff, 0x70, 0x00,
    0x00, 0x00, 0x00, 0x01, 0xdf, 0xff, 0xfb, 0x00, 0x00, 0x00, 0x00, 0x00, 0x00, 0x3f, 0xff, 0xf2, 0x00, 0x00, 0x00, 0x00,
    0x00, 0x00, 0x9f, 0xff, 0xf9, 0x00, 0x00, 0x00, 0x00, 0x00, 0x05, 0xff, 0xff, 0xff, 0x50, 0x00, 0x00, 0x00, 0x00, 0x2e,
    0xff, 0xab, 0xff, 0xe2, 0x00, 0x00, 0x00, 0x00, 0xcf, 0xfd, 0x11, 0xef, 0xfc, 0x00, 0x00, 0x00, 0x08, 0xff, 0xf4, 0x00,
    0x5f, 0xff, 0x80, 0x00, 0x00, 0x4f, 0xff, 0x80, 0x00, 0x09, 0xff, 0xf4, 0x00, 0x01, 0xdf, 0xfc, 0x00, 0x00, 0x01, 0xdf,
    0xfe, 0x10, 0x0a, 0xff, 0xf3, 0x00, 0x00, 0x00, 0x3f, 0xff, 0xb0, 0x6f, 0xff, 0x70, 0x00, 0x00, 0x00, 0x07, 0xff, 0xf7,
    0x13, 0x33, 0x10, 0x00, 0x00, 0x00, 0x00, 0x03, 0x33, 0x10, 0xcf, 0xfc, 0x00, 0x00, 0x00, 0x00, 0x05, 0xff, 0xe1, 0x03,
    0xff, 0xf6, 0x00, 0x00, 0x00, 0x01, 0xdf, 0xf6, 0x00, 0x09, 0xff, 0xe1, 0x00, 0x00, 0x00, 0x8f, 0xfc, 0x00, 0x00, 0x1e,
    0xff, 0x90, 0x00, 0x00, 0x3f, 0xff, 0x30, 0x00, 0x00, 0x6f, 0xff, 0x30, 0x00, 0x0b, 0xff, 0x90, 0x00, 0x00, 0x00, 0xcf,
    0xfc, 0x00, 0x06, 0xff, 0xe1, 0x00, 0x00, 0x00, 0x03, 0xff, 0xf6, 0x01, 0xef, 0xf6, 0x00, 0x00, 0x00, 0x00, 0x09, 0xff,
    0xe1, 0x9f, 0xfb, 0x00, 0x00, 0x00, 0x00, 0x00, 0x1e, 0xff, 0xcf, 0xff, 0x30, 0x00, 0x00, 0x00, 0x00, 0x00, 0x6f, 0xff,
    0xff, 0x80, 0x00, 0x00, 0x00, 0x00, 0x00, 0x00, 0xcf, 0xff, 0xe1, 0x00, 0x00, 0x00, 0x00, 0x00, 0x00, 0x04, 0xff, 0xf9,
    0x00, 0x00, 0x00, 0x00, 0x00, 0x00, 0x00, 0x1f, 0xff, 0x40, 0x00, 0x00, 0x00, 0x00, 0x00, 0x00, 0x01, 0xff, 0xf4, 0x00,
    0x00, 0x00, 0x00, 0x00, 0x00, 0x00, 0x1f, 0xff, 0x40, 0x00, 0x00, 0x00, 0x00, 0x00, 0x00, 0x01, 0xff, 0xf4, 0x00, 0x00,
    0x00, 0x00, 0x00, 0x00, 0x00, 0x1f, 0xff, 0x40, 0x00, 0x00, 0x00, 0x00, 0x00, 0x00, 0x01, 0xff, 0xf4, 0x00, 0x00, 0x00,
    0x00, 0x02, 0x33, 0x33, 0x33, 0x33, 0x33, 0x33, 0x33, 0x10, 0xbf, 0xff, 0xff, 0xff, 0xff, 0xff, 0xff, 0xf4, 0x0b, 0xff,
    0xff, 0xff, 0xff, 0xff, 0xff, 0xff, 0x40, 0x7a, 0xaa, 0xaa, 0xaa, 0xaa, 0xcf, 0xff, 0xc1, 0x00, 0x00, 0x00, 0x00, 0x00,
    0x1d, 0xff, 0xe2, 0x00, 0x00, 0x00, 0x00, 0x00, 0x0b, 0xff, 0xf4, 0x00, 0x00, 0x00, 0x00, 0x00, 0x08, 0xff, 0xf6, 0x00,
    0x00, 0x00, 0x00, 0x00, 0x05, 0xff, 0xf9, 0x00, 0x00, 0x00, 0x00, 0x00, 0x03, 0xff, 0xfc, 0x00, 0x00, 0x00, 0x00, 0x00,
    0x02, 0xdf, 0xfd, 0x10, 0x00, 0x00, 0x00, 0x00, 0x00, 0xcf, 0xfe, 0x30, 0x00, 0x00, 0x00, 0x00, 0x00, 0xaf, 0xff, 0x50,
    0x00, 0x00, 0x00, 0x00, 0x00, 0x7f, 0xff, 0x80, 0x00, 0x00, 0x00, 0x00, 0x00, 0x4f, 0xff, 0xa0, 0x00, 0x00, 0x00, 0x00,
    0x00, 0x2e, 0xff, 0xd1, 0x00, 0x00, 0x00, 0x00, 0x00, 0x1d, 0xff, 0xe2, 0x00, 0x00, 0x00, 0x00, 0x00, 0x0b, 0xff, 0xff,
    0xdd, 0xdd, 0xdd, 0xdd, 0xdd, 0x80, 0xef, 0xff, 0xff, 0xff, 0xff, 0xff, 0xff, 0xf9, 0x0e, 0xff, 0xff, 0xff, 0xff, 0xff,
    0xff, 0xff, 0x90, 0x00, 0x24, 0x44, 0x44, 0x30, 0x08, 0xff, 0xff, 0xfa, 0x00, 0x8f, 0xff, 0xff, 0xa0, 0x08, 0xff, 0xc5,
    0x53, 0x00, 0x8f, 0xfb, 0x00, 0x00, 0x08, 0xff, 0xb0, 0x00, 0x00, 0x8f, 0xfb, 0x00, 0x00, 0x08, 0xff, 0xb0, 0x00, 0x00,
    0x8f, 0xfb, 0x00, 0x00, 0x08, 0xff, 0xb0, 0x00, 0x00, 0x8f, 0xfb, 0x00, 0x00, 0x08, 0xff, 0xb0, 0x00, 0x00, 0x8f, 0xfb,
    0x00, 0x00, 0x08, 0xff, 0xb0, 0x00, 0x00, 0x8f, 0xfb, 0x00, 0x00, 0x08, 0xff, 0xb0, 0x00, 0x00, 0x8f, 0xfb, 0x00, 0x00,
    0x08, 0xff, 0xb0, 0x00, 0x00, 0x8f, 0xfb, 0x00, 0x00, 0x08, 0xff, 0xb0, 0x00, 0x00, 0x8f, 0xfb, 0x00, 0x00, 0x08, 0xff,
    0xb0, 0x00, 0x00, 0x8f, 0xfd, 0x88, 0x60, 0x08, 0xff, 0xff, 0xfa, 0x00, 0x8f, 0xff, 0xff, 0xa0, 0x00, 0x11, 0x11, 0x10,
    0x0c, 0xdd, 0x10, 0x00, 0x00, 0x00, 0x00, 0x8f, 0xf5, 0x00, 0x00, 0x00, 0x00, 0x03, 0xff, 0xa0, 0x00, 0x00, 0x00, 0x00,
    0x0d, 0xff, 0x10, 0x00, 0x00, 0x00, 0x00, 0x8f, 0xf6, 0x00, 0x00, 0x00, 0x00, 0x02, 0xff, 0xb0, 0x00, 0x00, 0x00, 0x00,
    0x0c, 0xff, 0x20, 0x00, 0x00, 0x00, 0x00, 0x7f, 0xf7, 0x00, 0x00, 0x00, 0x00, 0x02, 0xff, 0xc0, 0x00, 0x00, 0x00, 0x00,
    0x0b, 0xff, 0x20, 0x00, 0x00, 0x00, 0x00, 0x6f, 0xf7, 0x00, 0x00, 0x00, 0x00, 0x01, 0xff, 0xd0, 0x00, 0x00, 0x00, 0x00,
    0x0b, 0xff, 0x30, 0x00, 0x00, 0x00, 0x00, 0x5f, 0xf8, 0x00, 0x00, 0x00, 0x00, 0x01, 0xef, 0xd0, 0x00, 0x00, 0x00, 0x00,
    0x0a, 0xff, 0x40, 0x00, 0x00, 0x00, 0x00, 0x5f, 0xf9, 0x00, 0x00, 0x00, 0x00, 0x00, 0xef, 0xe0, 0x00, 0x00, 0x00, 0x00,
    0x09, 0xff, 0x50, 0x00, 0x00, 0x00, 0x00, 0x4f, 0xfa, 0x00, 0x00, 0x00, 0x00, 0x00, 0xdf, 0xe1, 0x00, 0x00, 0x00, 0x00,
    0x08, 0xff, 0x50, 0x00, 0x00, 0x00, 0x00, 0x3f, 0xfb, 0x00, 0x00, 0x00, 0x00, 0x00, 0xdf, 0xf1, 0x00, 0x00, 0x00, 0x00,
    0x05, 0x99, 0x30, 0x24, 0x44, 0x44, 0x30, 0x08, 0xff, 0xff, 0xfa, 0x00, 0x8f, 0xff, 0xff, 0xa0, 0x03, 0x55, 0xbf, 0xfa,
    0x00, 0x00, 0x09, 0xff, 0xa0, 0x00, 0x00, 0x9f, 0xfa, 0x00, 0x00, 0x09, 0xff, 0xa0, 0x00, 0x00, 0x9f, 0xfa, 0x00, 0x00,
    0x09, 0xff, 0xa0, 0x00, 0x00, 0x9f, 0xfa, 0x00, 0x00, 0x09, 0xff, 0xa0, 0x00, 0x00, 0x9f, 0xfa, 0x00, 0x00, 0x09, 0xff,
    0xa0, 0x00, 0x00, 0x9f, 0xfa, 0x00, 0x00, 0x09, 0xff, 0xa0, 0x00, 0x00, 0x9f, 0xfa, 0x00, 0x00, 0x09, 0xff, 0xa0, 0x00,
    0x00, 0x9f, 0xfa, 0x00, 0x00, 0x09, 0xff, 0xa0, 0x00, 0x00, 0x9f, 0xfa, 0x00, 0x00, 0x09, 0xff, 0xa0, 0x00, 0x00, 0x9f,
    0xfa, 0x00, 0x58, 0x8c, 0xff, 0xa0, 0x08, 0xff, 0xff, 0xfa, 0x00, 0x8f, 0xff, 0xff, 0xa0, 0x00, 0x11, 0x11, 0x10, 0x00,
    0x00, 0x00, 0x00, 0x68, 0x81, 0x00, 0x00, 0x00, 0x00, 0x00, 0x1f, 0xff, 0x70, 0x00, 0x00, 0x00, 0x00, 0x07, 0xff, 0xfd,
    0x00, 0x00, 0x00, 0x00, 0x00, 0xdf, 0xaf, 0xf5, 0x00, 0x00, 0x00, 0x00, 0x5f, 0xf2, 0xbf, 0xb0, 0x00, 0x00, 0x00, 0x0c,
    0xfa, 0x05, 0xff, 0x20, 0x00, 0x00, 0x03, 0xff, 0x40, 0x0d, 0xf9, 0x00, 0x00, 0x00, 0xaf, 0xd0, 0x00, 0x7f, 0xe1, 0x00,
    0x00, 0x1f, 0xf7, 0x00, 0x01, 0xff, 0x70, 0x00, 0x07, 0xfe, 0x10, 0x00, 0x0a, 0xfd, 0x00, 0x00, 0xdf, 0x90, 0x00, 0x00,
    0x3f, 0xf4, 0x00, 0x15, 0x52, 0x00, 0x00, 0x00, 0x45, 0x30, 0x00, 0x00, 0x00, 0x00, 0x00, 0x00, 0x00, 0x00, 0x00, 0x00,
    0x00, 0x00, 0x00, 0x00, 0x00, 0x00, 0x00, 0x00, 0x00, 0x00, 0x00, 0x00, 0x00, 0xff, 0xff, 0xff, 0xff, 0xff, 0xff, 0xff,
    0xff, 0xff, 0xff, 0xff, 0xff, 0xff, 0x00, 0x15, 0x55, 0x30, 0x00, 0x00, 0x00, 0x00, 0x00, 0x05, 0xef, 0xf5, 0x00, 0x00,
    0x00, 0x00, 0x00, 0x00, 0x2d, 0xff, 0x50, 0x00, 0x00, 0x00, 0x00, 0x00, 0x01, 0xaf, 0xf4, 0x00, 0x00, 0x00, 0x00, 0x00,
    0x00, 0x03, 0x33, 0x00, 0x00, 0x00, 0x00, 0x00, 0x00, 0x00, 0x00, 0x00, 0x00, 0x00, 0x00, 0x00, 0x00, 0x00, 0x00, 0x00,
    0x00, 0x00, 0x00, 0x00, 0x00, 0x00, 0x00, 0x00, 0x00, 0x00, 0x00, 0x00, 0x00, 0x00, 0x00, 0x00, 0x00, 0x00, 0x00, 0x00,
    0x00, 0x00, 0x00, 0x00, 0x00, 0x00, 0x00, 0x00, 0x00, 0x00, 0x00, 0x00, 0x00, 0x00, 0x00, 0x00, 0x00, 0x00, 0x00, 0x00,
    0x00, 0x00, 0x00, 0x00, 0x00, 0x00, 0x00, 0x00, 0x00, 0x00, 0x00, 0x00, 0x00, 0x00, 0x00, 0x00, 0x00, 0x00, 0x00, 0x00,
    0x00, 0x00, 0x00, 0x00, 0x00, 0x00, 0x00, 0x00, 0x00, 0x00, 0x00, 0x00, 0x00, 0x00, 0x00, 0x00, 0x00, 0x00, 0x00, 0x00,
    0x00, 0x00, 0x00, 0x00, 0x00, 0x00, 0x00, 0x00, 0x00, 0x00, 0x00, 0x00, 0x00, 0x00, 0x00, 0x00, 0x00, 0x00, 0x00, 0x00,
    0x00, 0x00, 0x00, 0x00, 0x00, 0x00, 0x00, 0x00, 0x00, 0x00, 0x00, 0x00, 0x00, 0x00, 0x00, 0x05, 0xad, 0xff, 0xfc, 0x81,
    0x00, 0x00, 0x03, 0xdf, 0xff, 0xff, 0xff, 0xfe, 0x30, 0x00, 0x01, 0xef, 0xfd, 0xbb, 0xdf, 0xff, 0xe1, 0x00, 0x00, 0x79,
    0x20, 0x00, 0x07, 0xff, 0xf6, 0x00, 0x00, 0x00, 0x00, 0x00, 0x00, 0xbf, 0xfa, 0x00, 0x00, 0x00, 0x00, 0x12, 0x22, 0x9f,
    0xfb, 0x00, 0x00, 0x18, 0xcf, 0xff, 0xff, 0xff, 0xfc, 0x00, 0x01, 0xdf, 0xff, 0xff, 0xff, 0xff, 0xfc, 0x00, 0x08, 0xff,
    0xe4, 0x11, 0x11, 0x8f, 0xfc, 0x00, 0x0c, 0xff, 0x60, 0x00, 0x00, 0x8f, 0xfc, 0x00, 0x0c, 0xff, 0x80, 0x00, 0x02, 0xff,
    0xfc, 0x00, 0x08, 0xff, 0xf7, 0x44, 0x7e, 0xff, 0xfc, 0x00, 0x01, 0xdf, 0xff, 0xff, 0xff, 0xcf, 0xfc, 0x00, 0x00, 0x19,
    0xef, 0xff, 0xc6, 0x5f, 0xfc, 0x00, 0x00, 0x00, 0x01, 0x21, 0x00, 0x00, 0x00, 0x00, 0x00, 0x44, 0x42, 0x00, 0x00, 0x00,
    0x00, 0x00, 0x00, 0x00, 0xdf, 0xf6, 0x00, 0x00, 0x00, 0x00, 0x00, 0x00, 0x00, 0xdf, 0xf6, 0x00, 0x00, 0x00, 0x00, 0x00,
    0x00, 0x00, 0xdf, 0xf6, 0x00, 0x00, 0x00, 0x00, 0x00, 0x00, 0x00, 0xdf, 0xf6, 0x00, 0x00, 0x00, 0x00, 0x00, 0x00, 0x00,
    0xdf, 0xf6, 0x00, 0x00, 0x00, 0x00, 0x00, 0x00, 0x00, 0xdf, 0xf6, 0x29, 0xdf, 0xfd, 0x82, 0x00, 0x00, 0x00, 0xdf, 0xfa,
    0xef, 0xff, 0xff, 0xfe, 0x60, 0x00, 0x00, 0xdf, 0xff, 0xff, 0xdb, 0xdf, 0xff, 0xf5, 0x00, 0x00, 0xdf, 0xff, 0xd3, 0x00,
    0x04, 0xdf, 0xfe, 0x10, 0x00, 0xdf, 0xff, 0x20, 0x00, 0x00, 0x3f, 0xff, 0x60, 0x00, 0xdf, 0xfc, 0x00, 0x00, 0x00, 0x0a,
    0xff, 0xa0, 0x00, 0xdf, 0xf8, 0x00, 0x00, 0x00, 0x07, 0xff, 0xc0, 0x00, 0xdf, 0xf8, 0x00, 0x00, 0x00, 0x07, 0xff, 0xc0,
    0x00, 0xdf, 0xfb, 0x00, 0x00, 0x00, 0x0a, 0xff, 0xa0, 0x00, 0xdf, 0xff, 0x10, 0x00, 0x00, 0x2e, 0xff, 0x70, 0x00, 0xdf,
    0xff, 0xc2, 0x00, 0x02, 0xdf, 0xff, 0x10, 0x00, 0xdf, 0xff, 0xff, 0xb9, 0xbf, 0xff, 0xf6, 0x00, 0x00, 0xdf, 0xfa, 0xff,
    0xff, 0xff, 0xff, 0x70, 0x00, 0x00, 0xdf, 0xf4, 0x4b, 0xff, 0xff, 0xa3, 0x00, 0x00, 0x00, 0x00, 0x00, 0x00, 0x02, 0x10,
    0x00, 0x00, 0x00, 0x00, 0x00, 0x00, 0x00, 0x00, 0x00, 0x00, 0x00, 0x00, 0x01, 0x7c, 0xef, 0xec, 0x61, 0x00, 0x00, 0x05,
    0xef, 0xff, 0xff, 0xff, 0xd3, 0x00, 0x05, 0xff, 0xff, 0xdb, 0xdf, 0xff, 0xd1, 0x02, 0xef, 0xfc, 0x30, 0x00, 0x4e, 0xfb,
    0x20, 0x8f, 0xfe, 0x10, 0x00, 0x00, 0x35, 0x00, 0x0d, 0xff, 0x80, 0x00, 0x00, 0x00, 0x00, 0x00, 0xef, 0xf5, 0x00, 0x00,
    0x00, 0x00, 0x00, 0x0f, 0xff, 0x50, 0x00, 0x00, 0x00, 0x00, 0x00, 0xdf, 0xf7, 0x00, 0x00, 0x00, 0x00, 0x00, 0x09, 0xff,
    0xd1, 0x00, 0x00, 0x02, 0x30, 0x00, 0x2f, 0xff, 0xb1, 0x00, 0x03, 0xdf, 0x91, 0x00, 0x7f, 0xff, 0xfb, 0x9b, 0xff, 0xfe,
    0x10, 0x00, 0x7f, 0xff, 0xff, 0xff, 0xfe, 0x40, 0x00, 0x00, 0x39, 0xef, 0xff, 0xe8, 0x20, 0x00, 0x00, 0x00, 0x00, 0x12,
    0x10, 0x00, 0x00, 0x00, 0x00, 0x00, 0x00, 0x00, 0x00, 0x24, 0x43, 0x00, 0x00, 0x00, 0x00, 0x00, 0x00, 0x00, 0x8f, 0xfb,
    0x00, 0x00, 0x00, 0x00, 0x00, 0x00, 0x00, 0x8f, 0xfb, 0x00, 0x00, 0x00, 0x00, 0x00, 0x00, 0x00, 0x8f, 0xfb, 0x00, 0x00,
    0x00, 0x00, 0x00, 0x00, 0x00, 0x8f, 0xfb, 0x00, 0x00, 0x00, 0x00, 0x00, 0x00, 0x00, 0x8f, 0xfb, 0x00, 0x00, 0x00, 0x39,
    0xdf, 0xfd, 0x81, 0x8f, 0xfb, 0x00, 0x00, 0x07, 0xff, 0xff, 0xff, 0xfd, 0xbf, 0xfb, 0x00, 0x00, 0x7f, 0xff, 0xfd, 0xbd,
    0xff, 0xff, 0xfb, 0x00, 0x02, 0xff, 0xfc, 0x30, 0x00, 0x4e, 0xff, 0xfb, 0x00, 0x08, 0xff, 0xe1, 0x00, 0x00, 0x03, 0xff,
    0xfb, 0x00, 0x0c, 0xff, 0x80, 0x00, 0x00, 0x00, 0xff, 0xfb, 0x00, 0x0e, 0xff, 0x50, 0x00, 0x00, 0x00, 0xdf, 0xfb, 0x00,
    0x0e, 0xff, 0x50, 0x00, 0x00, 0x00, 0xcf, 0xfb, 0x00, 0x0d, 0xff, 0x80, 0x00, 0x00, 0x00, 0xff, 0xfb, 0x00, 0x09, 0xff,
    0xd1, 0x00, 0x00, 0x03, 0xff, 0xfb, 0x00, 0x03, 0xff, 0xfb, 0x10, 0x00, 0x3d, 0xff, 0xfb, 0x00, 0x00, 0x8f, 0xff, 0xfb,
    0x9b, 0xff, 0xff, 0xfb, 0x00, 0x00, 0x09, 0xff, 0xff, 0xff, 0xfe, 0xaf, 0xfb, 0x00, 0x00, 0x00, 0x4b, 0xff, 0xff, 0xa3,
    0x6f, 0xfb, 0x00, 0x00, 0x00, 0x00, 0x02, 0x20, 0x00, 0x00, 0x00, 0x00, 0x00, 0x00, 0x00, 0x00, 0x00, 0x00, 0x00, 0x00,
    0x00, 0x00, 0x28, 0xdf, 0xfd, 0xa4, 0x00, 0x00, 0x00, 0x06, 0xff, 0xff, 0xff, 0xff, 0x91, 0x00, 0x00, 0x6f, 0xff, 0xea,
    0x9c, 0xff, 0xfa, 0x00, 0x02, 0xff, 0xf8, 0x00, 0x00, 0x5e, 0xff, 0x50, 0x08, 0xff, 0xb0, 0x00, 0x00, 0x06, 0xff, 0xb0,
    0x0d, 0xff, 0x61, 0x11, 0x11, 0x12, 0xff, 0xf0, 0x0e, 0xff, 0xff, 0xff, 0xff, 0xff, 0xff, 0xf2, 0x0f, 0xff, 0xff, 0xff,
    0xff, 0xff, 0xff, 0xf3, 0x0d, 0xff, 0x71, 0x11, 0x11, 0x11, 0x11, 0x10, 0x09, 0xff, 0xc0, 0x00, 0x00, 0x00, 0x00, 0x00,
    0x03, 0xff, 0xfa, 0x10, 0x00, 0x04, 0xc2, 0x00, 0x00, 0x7f, 0xff, 0xfb, 0x99, 0xdf, 0xfc, 0x10, 0x00, 0x07, 0xff, 0xff,
    0xff, 0xff, 0xf9, 0x00, 0x00, 0x00, 0x39, 0xef, 0xff, 0xeb, 0x40, 0x00, 0x00, 0x00, 0x00, 0x01, 0x22, 0x00, 0x00, 0x00,
    0x00, 0x00, 0x02, 0x67, 0x52, 0x00, 0x00, 0x1a, 0xff, 0xff, 0xf4, 0x00, 0x0a, 0xff, 0xff, 0xfe, 0x10, 0x02, 0xff, 0xf9,
    0x34, 0x60, 0x00, 0x5f, 0xfd, 0x00, 0x00, 0x00, 0x06, 0xff, 0xb0, 0x00, 0x00, 0x8c, 0xff, 0xff, 0xcc, 0xc6, 0x0b, 0xff,
    0xff, 0xff, 0xff, 0x80, 0x9c, 0xff, 0xff, 0xcc, 0xc6, 0x00, 0x07, 0xff, 0xc0, 0x00, 0x00, 0x00, 0x7f, 0xfc, 0x00, 0x00,
    0x00, 0x07, 0xff, 0xc0, 0x00, 0x00, 0x00, 0x7f, 0xfc, 0x00, 0x00, 0x00, 0x07, 0xff, 0xc0, 0x00, 0x00, 0x00, 0x7f, 0xfc,
    0x00, 0x00, 0x00, 0x07, 0xff, 0xc0, 0x00, 0x00, 0x00, 0x7f, 0xfc, 0x00, 0x00, 0x00, 0x07, 0xff, 0xc0, 0x00, 0x00, 0x00,
    0x7f, 0xfc, 0x00, 0x00, 0x00, 0x07, 0xff, 0xc0, 0x00, 0x00, 0x00, 0x00, 0x00, 0x00, 0x00, 0x00, 0x00, 0x00, 0x00, 0x00,
    0x00, 0x39, 0xdf, 0xfd, 0x92, 0x2d, 0xdc, 0x00, 0x00, 0x09, 0xff, 0xff, 0xff, 0xfe, 0x8f, 0xfe, 0x00, 0x00, 0x9f, 0xff,
    0xfd, 0xbd, 0xff, 0xff, 0xfe, 0x00, 0x04, 0xff, 0xfb, 0x20, 0x00, 0x2c, 0xff, 0xfe, 0x00, 0x0a, 0xff, 0xd1, 0x00, 0x00,
    0x01, 0xff, 0xfe, 0x00, 0x0d, 0xff, 0x70, 0x00, 0x00, 0x00, 0x9f, 0xfe, 0x00, 0x0f, 0xff, 0x40, 0x00, 0x00, 0x00, 0x6f,
    0xfe, 0x00, 0x0e, 0xff, 0x60, 0x00, 0x00, 0x00, 0x8f, 0xfe, 0x00, 0x0c, 0xff, 0xb0, 0x00, 0x00, 0x00, 0xff, 0xfe, 0x00,
    0x06, 0xff, 0xf7, 0x00, 0x00, 0x08, 0xff, 0xfe, 0x00, 0x01, 0xcf, 0xff, 0xc8, 0x68, 0xcf, 0xff, 0xfe, 0x00, 0x00, 0x2d,
    0xff, 0xff, 0xff, 0xff, 0xef, 0xfe, 0x00, 0x00, 0x01, 0x8e, 0xff, 0xff, 0xd6, 0x5f, 0xfd, 0x00, 0x00, 0x00, 0x00, 0x35,
    0x53, 0x00, 0x7f, 0xfc, 0x00, 0x00, 0x01, 0x00, 0x00, 0x00, 0x00, 0xcf, 0xf9, 0x00, 0x00, 0x5d, 0x60, 0x00, 0x00, 0x08,
    0xff, 0xf4, 0x00, 0x01, 0xdf, 0xfe, 0xb9, 0x8a, 0xdf, 0xff, 0xb0, 0x00, 0x02, 0xcf, 0xff, 0xff, 0xff, 0xff, 0xfc, 0x10,
    0x00, 0x00, 0x04, 0xad, 0xff, 0xff, 0xfc, 0x60, 0x00, 0x00, 0x00, 0x00, 0x00, 0x12, 0x32, 0x10, 0x00, 0x00, 0x00, 0x00,
    0x44, 0x42, 0x00, 0x00, 0x00, 0x00, 0x00, 0x00, 0x00, 0xdf, 0xf6, 0x00, 0x00, 0x00, 0x00, 0x00, 0x00, 0x00, 0xdf, 0xf6,
    0x00, 0x00, 0x00, 0x00, 0x00, 0x00, 0x00, 0xdf, 0xf6, 0x00, 0x00, 0x00, 0x00, 0x00, 0x00, 0x00, 0xdf, 0xf6, 0x00, 0x00,
    0x00, 0x00, 0x00, 0x00, 0x00, 0xdf, 0xf6, 0x00, 0x00, 0x00, 0x00, 0x00, 0x00, 0x00, 0xdf, 0xf6, 0x29, 0xdf, 0xfd, 0x82,
    0x00, 0x00, 0x00, 0xdf, 0xfb, 0xef, 0xff, 0xff, 0xfe, 0x30, 0x00, 0x00, 0xdf, 0xff, 0xff, 0xdd, 0xff, 0xff, 0xd1, 0x00,
    0x00, 0xdf, 0xff, 0xc3, 0x00, 0x19, 0xff, 0xf6, 0x00, 0x00, 0xdf, 0xfe, 0x10, 0x00, 0x00, 0xdf, 0xfa, 0x00, 0x00, 0xdf,
    0xf9, 0x00, 0x00, 0x00, 0x9f, 0xfb, 0x00, 0x00, 0xdf, 0xf6, 0x00, 0x00, 0x00, 0x7f, 0xfc, 0x00, 0x00, 0xdf, 0xf6, 0x00,
    0x00, 0x00, 0x7f, 0xfc, 0x00, 0x00, 0xdf, 0xf6, 0x00, 0x00, 0x00, 0x7f, 0xfc, 0x00, 0x00, 0xdf, 0xf6, 0x00, 0x00, 0x00,
    0x7f, 0xfc, 0x00, 0x00, 0xdf, 0xf6, 0x00, 0x00, 0x00, 0x7f, 0xfc, 0x00, 0x00, 0xdf, 0xf6, 0x00, 0x00, 0x00, 0x7f, 0xfc,
    0x00, 0x00, 0xdf, 0xf6, 0x00, 0x00, 0x00, 0x7f, 0xfc, 0x00, 0x00, 0xdf, 0xf6, 0x00, 0x00, 0x00, 0x7f, 0xfc, 0x00, 0x00,
    0x00, 0x00, 0x00, 0x00, 0x9f, 0xe4, 0x00, 0x03, 0xff, 0xfc, 0x00, 0x02, 0xff, 0xfb, 0x00, 0x00, 0x5b, 0xa2, 0x00, 0x00,
    0x00, 0x00, 0x00, 0x00, 0x00, 0x00, 0x00, 0x00, 0xbd, 0xd5, 0x00, 0x00, 0xdf, 0xf6, 0x00, 0x00, 0xdf, 0xf6, 0x00, 0x00,
    0xdf, 0xf6, 0x00, 0x00, 0xdf, 0xf6, 0x00, 0x00, 0xdf, 0xf6, 0x00, 0x00, 0xdf, 0xf6, 0x00, 0x00, 0xdf, 0xf6, 0x00, 0x00,
    0xdf, 0xf6, 0x00, 0x00, 0xdf, 0xf6, 0x00, 0x00, 0xdf, 0xf6, 0x00, 0x00, 0xdf, 0xf6, 0x00, 0x00, 0xdf, 0xf6, 0x00, 0x00,
    0xdf, 0xf6, 0x00, 0x00, 0x00, 0x00, 0x00, 0x00, 0x00, 0x00, 0x00, 0x9f, 0xe4, 0x00, 0x00, 0x00, 0x3f, 0xff, 0xc0, 0x00,
    0x00, 0x02, 0xff, 0xfb, 0x00, 0x00, 0x00, 0x05, 0xba, 0x20, 0x00, 0x00, 0x00, 0x00, 0x00, 0x00, 0x00, 0x00, 0x00, 0x00,
    0x00, 0x00, 0x00, 0x00, 0x9d, 0xd7, 0x00, 0x00, 0x00, 0x0b, 0xff, 0x80, 0x00, 0x00, 0x00, 0xbf, 0xf8, 0x00, 0x00, 0x00,
    0x0b, 0xff, 0x80, 0x00, 0x00, 0x00, 0xbf, 0xf8, 0x00, 0x00, 0x00, 0x0b, 0xff, 0x80, 0x00, 0x00, 0x00, 0xbf, 0xf8, 0x00,
    0x00, 0x00, 0x0b, 0xff, 0x80, 0x00, 0x00, 0x00, 0xbf, 0xf8, 0x00, 0x00, 0x00, 0x0b, 0xff, 0x80, 0x00, 0x00, 0x00, 0xbf,
    0xf8, 0x00, 0x00, 0x00, 0x0b, 0xff, 0x80, 0x00, 0x00, 0x00, 0xbf, 0xf8, 0x00, 0x00, 0x00, 0x0b, 0xff, 0x80, 0x00, 0x00,
    0x00, 0xbf, 0xf8, 0x00, 0x00, 0x00, 0x1e, 0xff, 0x60, 0x00, 0x99, 0x7c, 0xff, 0xf2, 0x00, 0x1f, 0xff, 0xff, 0xf8, 0x00,
    0x03, 0xdf, 0xff, 0xe7, 0x00, 0x00, 0x00, 0x13, 0x20, 0x00, 0x00, 0x00, 0x00, 0x44, 0x42, 0x00, 0x00, 0x00, 0x00, 0x00,
    0x00, 0x0d, 0xff, 0x60, 0x00, 0x00, 0x00, 0x00, 0x00, 0x00, 0xdf, 0xf6, 0x00, 0x00, 0x00, 0x00, 0x00, 0x00, 0x0d, 0xff,
    0x60, 0x00, 0x00, 0x00, 0x00, 0x00, 0x00, 0xdf, 0xf6, 0x00, 0x00, 0x00, 0x00, 0x00, 0x00, 0x0d, 0xff, 0x60, 0x00, 0x00,
    0x00, 0x00, 0x00, 0x00, 0xdf, 0xf6, 0x00, 0x00, 0x05, 0xdd, 0xd8, 0x00, 0x0d, 0xff, 0x60, 0x00, 0x06, 0xff, 0xfa, 0x00,
    0x00, 0xdf, 0xf6, 0x00, 0x07, 0xff, 0xfa, 0x00, 0x00, 0x0d, 0xff, 0x60, 0x08, 0xff, 0xfa, 0x00, 0x00, 0x00, 0xdf, 0xf6,
    0x09, 0xff, 0xfa, 0x00, 0x00, 0x00, 0x0d, 0xff, 0x6a, 0xff, 0xfa, 0x00, 0x00, 0x00, 0x00, 0xdf, 0xff, 0xff, 0xff, 0xa0,
    0x00, 0x00, 0x00, 0x0d, 0xff, 0xff, 0xff, 0xff, 0x70, 0x00, 0x00, 0x00, 0xdf, 0xff, 0xf6, 0xcf, 0xff, 0x40, 0x00, 0x00,
    0x0d, 0xff, 0xf4, 0x02, 0xef, 0xfe, 0x20, 0x00, 0x00, 0xdf, 0xfa, 0x00, 0x04, 0xff, 0xfc, 0x00, 0x00, 0x0d, 0xff, 0x60,
    0x00, 0x06, 0xff, 0xf9, 0x00, 0x00, 0xdf, 0xf6, 0x00, 0x00, 0x09, 0xff, 0xf6, 0x00, 0x0d, 0xff, 0x60, 0x00, 0x00, 0x0c,
    0xff, 0xf3, 0x00, 0x44, 0x42, 0x00, 0x00, 0xdf, 0xf6, 0x00, 0x00, 0xdf, 0xf6, 0x00, 0x00, 0xdf, 0xf6, 0x00, 0x00, 0xdf,
    0xf6, 0x00, 0x00, 0xdf, 0xf6, 0x00, 0x00, 0xdf, 0xf6, 0x00, 0x00, 0xdf, 0xf6, 0x00, 0x00, 0xdf, 0xf6, 0x00, 0x00, 0xdf,
    0xf6, 0x00, 0x00, 0xdf, 0xf6, 0x00, 0x00, 0xdf, 0xf6, 0x00, 0x00, 0xdf, 0xf6, 0x00, 0x00, 0xdf, 0xf6, 0x00, 0x00, 0xdf,
    0xf6, 0x00, 0x00, 0xdf, 0xf6, 0x00, 0x00, 0xdf, 0xf6, 0x00, 0x00, 0xdf, 0xf6, 0x00, 0x00, 0xdf, 0xf6, 0x00, 0x00, 0xdf,
    0xf6, 0x00, 0x00, 0x00, 0x00, 0x00, 0x00, 0x00, 0x00, 0x00, 0x00, 0x00, 0x00, 0x00, 0x00, 0x00, 0x0b, 0xdd, 0x33, 0x9e,
    0xfe, 0xc6, 0x00, 0x04, 0xae, 0xfe, 0xc6, 0x00, 0x00, 0x00, 0xdf, 0xf9, 0xff, 0xff, 0xff, 0xfc, 0x1a, 0xff, 0xff, 0xff,
    0xfb, 0x00, 0x00, 0x0d, 0xff, 0xff, 0xfd, 0xef, 0xff, 0xff, 0xff, 0xfd, 0xef, 0xff, 0xf8, 0x00, 0x00, 0xdf, 0xff, 0xb2,
    0x00, 0x3d, 0xff, 0xff, 0xb2, 0x00, 0x3d, 0xff, 0xe0, 0x00, 0x0d, 0xff, 0xe1, 0x00, 0x00, 0x4f, 0xff, 0xd1, 0x00, 0x00,
    0x4f, 0xff, 0x30, 0x00, 0xdf, 0xf9, 0x00, 0x00, 0x00, 0xff, 0xf8, 0x00, 0x00, 0x00, 0xff, 0xf5, 0x00, 0x0d, 0xff, 0x60,
    0x00, 0x00, 0x0d, 0xff, 0x60, 0x00, 0x00, 0x0e, 0xff, 0x50, 0x00, 0xdf, 0xf6, 0x00, 0x00, 0x00, 0xdf, 0xf6, 0x00, 0x00,
    0x00, 0xdf, 0xf5, 0x00, 0x0d, 0xff, 0x60, 0x00, 0x00, 0x0d, 0xff, 0x60, 0x00, 0x00, 0x0d, 0xff, 0x50, 0x00, 0xdf, 0xf6,
    0x00, 0x00, 0x00, 0xdf, 0xf6, 0x00, 0x00, 0x00, 0xdf, 0xf5, 0x00, 0x0d, 0xff, 0x60, 0x00, 0x00, 0x0d, 0xff, 0x60, 0x00,
    0x00, 0x0d, 0xff, 0x50, 0x00, 0xdf, 0xf6, 0x00, 0x00, 0x00, 0xdf, 0xf6, 0x00, 0x00, 0x00, 0xdf, 0xf5, 0x00, 0x0d, 0xff,
    0x60, 0x00, 0x00, 0x0d, 0xff, 0x60, 0x00, 0x00, 0x0d, 0xff, 0x50, 0x00, 0xdf, 0xf6, 0x00, 0x00, 0x00, 0xdf, 0xf6, 0x00,
    0x00, 0x00, 0xdf, 0xf5, 0x00, 0x00, 0x00, 0x00, 0x00, 0x00, 0x00, 0x00, 0x00, 0x00, 0x00, 0xbd, 0xd3, 0x29, 0xdf, 0xfd,
    0x82, 0x00, 0x00, 0x00, 0xdf, 0xf9, 0xef, 0xff, 0xff, 0xfe, 0x30, 0x00, 0x00, 0xdf, 0xff, 0xff, 0xdd, 0xff, 0xff, 0xd1,
    0x00, 0x00, 0xdf, 0xff, 0xc3, 0x00, 0x19, 0xff, 0xf6, 0x00, 0x00, 0xdf, 0xfe, 0x10, 0x00, 0x00, 0xdf, 0xfa, 0x00, 0x00,
    0xdf, 0xf9, 0x00, 0x00, 0x00, 0x9f, 0xfb, 0x00, 0x00, 0xdf, 0xf6, 0x00, 0x00, 0x00, 0x7f, 0xfc, 0x00, 0x00, 0xdf, 0xf6,
    0x00, 0x00, 0x00, 0x7f, 0xfc, 0x00, 0x00, 0xdf, 0xf6, 0x00, 0x00, 0x00, 0x7f, 0xfc, 0x00, 0x00, 0xdf, 0xf6, 0x00, 0x00,
    0x00, 0x7f, 0xfc, 0x00, 0x00, 0xdf, 0xf6, 0x00, 0x00, 0x00, 0x7f, 0xfc, 0x00, 0x00, 0xdf, 0xf6, 0x00, 0x00, 0x00, 0x7f,
    0xfc, 0x00, 0x00, 0xdf, 0xf6, 0x00, 0x00, 0x00, 0x7f, 0xfc, 0x00, 0x00, 0xdf, 0xf6, 0x00, 0x00, 0x00, 0x7f, 0xfc, 0x00,
    0x00, 0x00, 0x00, 0x00, 0x00, 0x00, 0x00, 0x00, 0x00, 0x00, 0x02, 0x7c, 0xef, 0xeb, 0x61, 0x00, 0x00, 0x00, 0x05, 0xef,
    0xff, 0xff, 0xff, 0xd3, 0x00, 0x00, 0x05, 0xff, 0xff, 0xdb, 0xdf, 0xff, 0xe3, 0x00, 0x02, 0xff, 0xfc, 0x30, 0x00, 0x4e,
    0xff, 0xd0, 0x00, 0x8f, 0xfe, 0x10, 0x00, 0x00, 0x3f, 0xff, 0x50, 0x0d, 0xff, 0x80, 0x00, 0x00, 0x00, 0xbf, 0xf9, 0x00,
    0xef, 0xf5, 0x00, 0x00, 0x00, 0x08, 0xff, 0xb0, 0x0f, 0xff, 0x50, 0x00, 0x00, 0x00, 0x8f, 0xfb, 0x00, 0xdf, 0xf7, 0x00,
    0x00, 0x00, 0x0b, 0xff, 0x90, 0x09, 0xff, 0xd1, 0x00, 0x00, 0x03, 0xff, 0xf5, 0x00, 0x2f, 0xff, 0xb1, 0x00, 0x03, 0xdf,
    0xfe, 0x00, 0x00, 0x7f, 0xff, 0xfb, 0x9b, 0xff, 0xff, 0x40, 0x00, 0x00, 0x7f, 0xff, 0xff, 0xff, 0xfe, 0x50, 0x00, 0x00,
    0x00, 0x39, 0xef, 0xff, 0xd8, 0x20, 0x00, 0x00, 0x00, 0x00, 0x00, 0x12, 0x10, 0x00, 0x00, 0x00, 0x00, 0x00, 0x00, 0x00,
    0x00, 0x00, 0x00, 0x00, 0x00, 0x00, 0xbd, 0xd3, 0x29, 0xdf, 0xfd, 0x82, 0x00, 0x00, 0x00, 0xdf, 0xf8, 0xef, 0xff, 0xff,
    0xfe, 0x60, 0x00, 0x00, 0xdf, 0xff, 0xff, 0xdb, 0xdf, 0xff, 0xf5, 0x00, 0x00, 0xdf, 0xff, 0xd3, 0x00, 0x04, 0xdf, 0xfe,
    0x10, 0x00, 0xdf, 0xff, 0x20, 0x00, 0x00, 0x3f, 0xff, 0x60, 0x00, 0xdf, 0xfb, 0x00, 0x00, 0x00, 0x0a, 0xff, 0xa0, 0x00,
    0xdf, 0xf8, 0x00, 0x00, 0x00, 0x07, 0xff, 0xc0, 0x00, 0xdf, 0xf8, 0x00, 0x00, 0x00, 0x07, 0xff, 0xc0, 0x00, 0xdf, 0xfc,
    0x00, 0x00, 0x00, 0x0a, 0xff, 0xa0, 0x00, 0xdf, 0xff, 0x10, 0x00, 0x00, 0x2e, 0xff, 0x70, 0x00, 0xdf, 0xff, 0xc2, 0x00,
    0x02, 0xdf, 0xff, 0x10, 0x00, 0xdf, 0xff, 0xff, 0xb9, 0xbf, 0xff, 0xf6, 0x00, 0x00, 0xdf, 0xfc, 0xff, 0xff, 0xff, 0xff,
    0x80, 0x00, 0x00, 0xdf, 0xf6, 0x3b, 0xff, 0xff, 0xa3, 0x00, 0x00, 0x00, 0xdf, 0xf6, 0x00, 0x02, 0x10, 0x00, 0x00, 0x00,
    0x00, 0xdf, 0xf6, 0x00, 0x00, 0x00, 0x00, 0x00, 0x00, 0x00, 0xdf, 0xf6, 0x00, 0x00, 0x00, 0x00, 0x00, 0x00, 0x00, 0xdf,
    0xf6, 0x00, 0x00, 0x00, 0x00, 0x00, 0x00, 0x00, 0xdf, 0xf6, 0x00, 0x00, 0x00, 0x00, 0x00, 0x00, 0x00, 0x11, 0x10, 0x00,
    0x00, 0x00, 0x00, 0x00, 0x00, 0x00, 0x00, 0x00, 0x00, 0x00, 0x00, 0x00, 0x00, 0x00, 0x00, 0x00, 0x39, 0xdf, 0xfd, 0x82,
    0x5d, 0xd9, 0x00, 0x00, 0x07, 0xff, 0xff, 0xff, 0xfe, 0x9f, 0xfb, 0x00, 0x00, 0x8f, 0xff, 0xfd, 0xbd, 0xff, 0xff, 0xfb,
    0x00, 0x03, 0xff, 0xfc, 0x30, 0x00, 0x5e, 0xff, 0xfb, 0x00, 0x09, 0xff, 0xe1, 0x00, 0x00, 0x04, 0xff, 0xfb, 0x00, 0x0d,
    0xff, 0x80, 0x00, 0x00, 0x00, 0xff, 0xfb, 0x00, 0x0f, 0xff, 0x50, 0x00, 0x00, 0x00, 0xdf, 0xfb, 0x00, 0x0f, 0xff, 0x50,
    0x00, 0x00, 0x00, 0xdf, 0xfb, 0x00, 0x0d, 0xff, 0x70, 0x00, 0x00, 0x00, 0xff, 0xfb, 0x00, 0x0a, 0xff, 0xd1, 0x00, 0x00,
    0x03, 0xff, 0xfb, 0x00, 0x04, 0xff, 0xfb, 0x10, 0x00, 0x3d, 0xff, 0xfb, 0x00, 0x00, 0x9f, 0xff, 0xfb, 0x9b, 0xff, 0xff,
    0xfb, 0x00, 0x00, 0x09, 0xff, 0xff, 0xff, 0xfe, 0xcf, 0xfb, 0x00, 0x00, 0x00, 0x5b, 0xff, 0xff, 0xa2, 0x8f, 0xfb, 0x00,
    0x00, 0x00, 0x00, 0x02, 0x20, 0x00, 0x8f, 0xfb, 0x00, 0x00, 0x00, 0x00, 0x00, 0x00, 0x00, 0x8f, 0xfb, 0x00, 0x00, 0x00,
    0x00, 0x00, 0x00, 0x00, 0x8f, 0xfb, 0x00, 0x00, 0x00, 0x00, 0x00, 0x00, 0x00, 0x8f, 0xfb, 0x00, 0x00, 0x00, 0x00, 0x00,
    0x00, 0x00, 0x8f, 0xfb, 0x00, 0x00, 0x00, 0x00, 0x00, 0x00, 0x00, 0x01, 0x10, 0x00, 0x00, 0x00, 0x00, 0x00, 0x00, 0x00,
    0x0b, 0xdd, 0x32, 0x8d, 0xf2, 0x00, 0xdf, 0xf7, 0xef, 0xff, 0x20, 0x0d, 0xff, 0xff, 0xff, 0xf2, 0x00, 0xdf, 0xff, 0xe6,
    0x10, 0x00, 0x0d, 0xff, 0xf3, 0x00, 0x00, 0x00, 0xdf, 0xfa, 0x00, 0x00, 0x00, 0x0d, 0xff, 0x70, 0x00, 0x00, 0x00, 0xdf,
    0xf6, 0x00, 0x00, 0x00, 0x0d, 0xff, 0x60, 0x00, 0x00, 0x00, 0xdf, 0xf6, 0x00, 0x00, 0x00, 0x0d, 0xff, 0x60, 0x00, 0x00,
    0x00, 0xdf, 0xf6, 0x00, 0x00, 0x00, 0x0d, 0xff, 0x60, 0x00, 0x00, 0x00, 0xdf, 0xf6, 0x00, 0x00, 0x00, 0x00, 0x00, 0x00,
    0x00, 0x00, 0x00, 0x00, 0x00, 0x5a, 0xef, 0xfe, 0xc8, 0x30, 0x00, 0xbf, 0xff, 0xff, 0xff, 0xff, 0x10, 0x8f, 0xff, 0xca,
    0xab, 0xef, 0x90, 0x0e, 0xff, 0x70, 0x00, 0x00, 0x52, 0x00, 0xff, 0xf4, 0x00, 0x00, 0x00, 0x00, 0x0d, 0xff, 0xe8, 0x52,
    0x00, 0x00, 0x00, 0x5f, 0xff, 0xff, 0xfe, 0xa5, 0x00, 0x00, 0x4b, 0xff, 0xff, 0xff, 0xfb, 0x00, 0x00, 0x01, 0x47, 0x9d,
    0xff, 0xf7, 0x00, 0x00, 0x00, 0x00, 0x0a, 0xff, 0xa0, 0x57, 0x10, 0x00, 0x00, 0xaf, 0xf9, 0x0d, 0xff, 0xb8, 0x78, 0xbf,
    0xff, 0x44, 0xff, 0xff, 0xff, 0xff, 0xff, 0x80, 0x02, 0x8c, 0xff, 0xff, 0xeb, 0x40, 0x00, 0x00, 0x00, 0x22, 0x10, 0x00,
    0x00, 0x00, 0x6e, 0xeb, 0x00, 0x00, 0x00, 0x07, 0xff, 0xc0, 0x00, 0x00, 0x00, 0x7f, 0xfc, 0x00, 0x00, 0x09, 0xdf, 0xff,
    0xfd, 0xdd, 0x70, 0xbf, 0xff, 0xff, 0xff, 0xf8, 0x07, 0xbf, 0xff, 0xfb, 0xbb, 0x60, 0x00, 0x7f, 0xfc, 0x00, 0x00, 0x00,
    0x07, 0xff, 0xc0, 0x00, 0x00, 0x00, 0x7f, 0xfc, 0x00, 0x00, 0x00, 0x07, 0xff, 0xc0, 0x00, 0x00, 0x00, 0x7f, 0xfc, 0x00,
    0x00, 0x00, 0x07, 0xff, 0xc0, 0x00, 0x00, 0x00, 0x6f, 0xfd, 0x00, 0x00, 0x00, 0x05, 0xff, 0xf1, 0x00, 0x00, 0x00, 0x2f,
    0xff, 0xd8, 0x9b, 0x00, 0x00, 0x9f, 0xff, 0xff, 0xf3, 0x00, 0x00, 0x7e, 0xff, 0xfc, 0x30, 0x00, 0x00, 0x02, 0x20, 0x00,
    0x00, 0xdd, 0xd3, 0x00, 0x00, 0x00, 0x9d, 0xd8, 0x00, 0x00, 0xff, 0xf4, 0x00, 0x00, 0x00, 0xaf, 0xf9, 0x00, 0x00, 0xff,
    0xf4, 0x00, 0x00, 0x00, 0xaf, 0xf9, 0x00, 0x00, 0xff, 0xf4, 0x00, 0x00, 0x00, 0xaf, 0xf9, 0x00, 0x00, 0xff, 0xf4, 0x00,
    0x00, 0x00, 0xaf, 0xf9, 0x00, 0x00, 0xff, 0xf4, 0x00, 0x00, 0x00, 0xaf, 0xf9, 0x00, 0x00, 0xff, 0xf4, 0x00, 0x00, 0x00,
    0xaf, 0xf9, 0x00, 0x00, 0xff, 0xf4, 0x00, 0x00, 0x00, 0xbf, 0xf9, 0x00, 0x00, 0xef, 0xf6, 0x00, 0x00, 0x00, 0xdf, 0xf9,
    0x00, 0x00, 0xdf, 0xfa, 0x00, 0x00, 0x03, 0xff, 0xf9, 0x00, 0x00, 0x9f, 0xff, 0x50, 0x00, 0x3d, 0xff, 0xf9, 0x00, 0x00,
    0x3f, 0xff, 0xfd, 0xbc, 0xff, 0xff, 0xf9, 0x00, 0x00, 0x07, 0xff, 0xff, 0xff, 0xfe, 0xbf, 0xf9, 0x00, 0x00, 0x00, 0x4b,
    0xff, 0xfe, 0x92, 0x8f, 0xf9, 0x00, 0x00, 0x00, 0x00, 0x02, 0x20, 0x00, 0x00, 0x00, 0x00, 0x0c, 0xdd, 0x60, 0x00, 0x00,
    0x00, 0x2d, 0xdc, 0x00, 0x8f, 0xfc, 0x00, 0x00, 0x00, 0x09, 0xff, 0x80, 0x02, 0xff, 0xf4, 0x00, 0x00, 0x01, 0xef, 0xf2,
    0x00, 0x0a, 0xff, 0xa0, 0x00, 0x00, 0x7f, 0xfa, 0x00, 0x00, 0x4f, 0xff, 0x10, 0x00, 0x0d, 0xff, 0x40, 0x00, 0x00, 0xcf,
    0xf8, 0x00, 0x05, 0xff, 0xc0, 0x00, 0x00, 0x06, 0xff, 0xe0, 0x00, 0xbf, 0xf6, 0x00, 0x00, 0x00, 0x1e, 0xff, 0x50, 0x3f,
    0xfe, 0x10, 0x00, 0x00, 0x00, 0x8f, 0xfb, 0x09, 0xff, 0x80, 0x00, 0x00, 0x00, 0x02, 0xff, 0xf4, 0xff, 0xf2, 0x00, 0x00,
    0x00, 0x00, 0x0a, 0xff, 0xff, 0xfa, 0x00, 0x00, 0x00, 0x00, 0x00, 0x4f, 0xff, 0xff, 0x40, 0x00, 0x00, 0x00, 0x00, 0x00,
    0xcf, 0xff, 0xc0, 0x00, 0x00, 0x00, 0x00, 0x00, 0x06, 0xff, 0xf6, 0x00, 0x00, 0x00, 0xad, 0xd4, 0x00, 0x00, 0x00, 0x7d,
    0xd7, 0x00, 0x00, 0x00, 0x3d, 0xd8, 0x6f, 0xfa, 0x00, 0x00, 0x00, 0xdf, 0xfd, 0x00, 0x00, 0x00, 0x9f, 0xf4, 0x1f, 0xfe,
    0x10, 0x00, 0x03, 0xff, 0xff, 0x40, 0x00, 0x00, 0xef, 0xe0, 0x0a, 0xff, 0x60, 0x00, 0x09, 0xff, 0xff, 0x90, 0x00, 0x05,
    0xff, 0x80, 0x05, 0xff, 0xb0, 0x00, 0x1e, 0xfe, 0xff, 0xe1, 0x00, 0x0b, 0xff, 0x30, 0x00, 0xef, 0xf2, 0x00, 0x5f, 0xf8,
    0x9f, 0xf5, 0x00, 0x1f, 0xfc, 0x00, 0x00, 0x9f, 0xf7, 0x00, 0xbf, 0xf3, 0x4f, 0xfb, 0x00, 0x7f, 0xf7, 0x00, 0x00, 0x3f,
    0xfc, 0x02, 0xff, 0xc0, 0x0d, 0xff, 0x10, 0xcf, 0xf1, 0x00, 0x00, 0x0c, 0xff, 0x27, 0xff, 0x60, 0x08, 0xff, 0x73, 0xff,
    0xb0, 0x00, 0x00, 0x07, 0xff, 0x8d, 0xff, 0x10, 0x02, 0xff, 0xc8, 0xff, 0x50, 0x00, 0x00, 0x02, 0xff, 0xff, 0xfa, 0x00,
    0x00, 0xbf, 0xff, 0xfe, 0x00, 0x00, 0x00, 0x00, 0xbf, 0xff, 0xf4, 0x00, 0x00, 0x6f, 0xff, 0xf9, 0x00, 0x00, 0x00, 0x00,
    0x5f, 0xff, 0xd0, 0x00, 0x00, 0x1e, 0xff, 0xf3, 0x00, 0x00, 0x00, 0x00, 0x1e, 0xff, 0x80, 0x00, 0x00, 0x0a, 0xff, 0xd0,
    0x00, 0x00, 0x3d, 0xdd, 0x50, 0x00, 0x00, 0x6d, 0xdc, 0x20, 0x7f, 0xfe, 0x20, 0x00, 0x3e, 0xff, 0x50, 0x00, 0xbf, 0xfc,
    0x00, 0x1d, 0xff, 0x90, 0x00, 0x01, 0xdf, 0xf9, 0x0a, 0xff, 0xc0, 0x00, 0x00, 0x03, 0xff, 0xfb, 0xff, 0xe2, 0x00, 0x00,
    0x00, 0x07, 0xff, 0xff, 0xf4, 0x00, 0x00, 0x00, 0x00, 0x0c, 0xff, 0xf8, 0x00, 0x00, 0x00, 0x00, 0x00, 0xcf, 0xff, 0xa0,
    0x00, 0x00, 0x00, 0x00, 0x8f, 0xff, 0xff, 0x60, 0x00, 0x00, 0x00, 0x5f, 0xff, 0x9f, 0xff, 0x30, 0x00, 0x00, 0x2e, 0xff,
    0x70, 0x9f, 0xfd, 0x10, 0x00, 0x0c, 0xff, 0xb0, 0x01, 0xdf, 0xfb, 0x00, 0x09, 0xff, 0xd1, 0x00, 0x03, 0xff, 0xf8, 0x06,
    0xff, 0xf3, 0x00, 0x00, 0x06, 0xff, 0xf4, 0x0c, 0xdd, 0x60, 0x00, 0x00, 0x00, 0x2d, 0xdc, 0x00, 0x8f, 0xfc, 0x00, 0x00,
    0x00, 0x09, 0xff, 0x80, 0x02, 0xff, 0xf4, 0x00, 0x00, 0x01, 0xef, 0xf2, 0x00, 0x0a, 0xff, 0xa0, 0x00, 0x00, 0x7f, 0xfa,
    0x00, 0x00, 0x3f, 0xff, 0x20, 0x00, 0x0d, 0xff, 0x40, 0x00, 0x00, 0xcf, 0xf8, 0x00, 0x04, 0xff, 0xc0, 0x00, 0x00, 0x05,
    0xff, 0xe1, 0x00, 0xbf, 0xf6, 0x00, 0x00, 0x00, 0x0d, 0xff, 0x60, 0x2f, 0xfe, 0x00, 0x00, 0x00, 0x00, 0x7f, 0xfc, 0x09,
    0xff, 0x80, 0x00, 0x00, 0x00, 0x01, 0xef, 0xf4, 0xef, 0xf1, 0x00, 0x00, 0x00, 0x00, 0x09, 0xff, 0xff, 0xfa, 0x00, 0x00,
    0x00, 0x00, 0x00, 0x2f, 0xff, 0xff, 0x30, 0x00, 0x00, 0x00, 0x00, 0x00, 0xbf, 0xff, 0xc0, 0x00, 0x00, 0x00, 0x00, 0x00,
    0x04, 0xff, 0xf5, 0x00, 0x00, 0x00, 0x00, 0x00, 0x00, 0x4f, 0xfd, 0x00, 0x00, 0x00, 0x00, 0x21, 0x00, 0x1c, 0xff, 0x70,
    0x00, 0x00, 0x00, 0x0a, 0xe9, 0x8c, 0xff, 0xd1, 0x00, 0x00, 0x00, 0x03, 0xff, 0xff, 0xff, 0xf4, 0x00, 0x00, 0x00, 0x00,
    0x18, 0xef, 0xff, 0xc3, 0x00, 0x00, 0x00, 0x00, 0x00, 0x00, 0x23, 0x10, 0x00, 0x00, 0x00, 0x00, 0x00, 0x0b, 0xdd, 0xdd,
    0xdd, 0xdd, 0xdd, 0xa0, 0x0d, 0xff, 0xff, 0xff, 0xff, 0xff, 0xb0, 0x09, 0xbb, 0xbb, 0xbb, 0xef, 0xff, 0x70, 0x00, 0x00,
    0x00, 0x02, 0xef, 0xfa, 0x00, 0x00, 0x00, 0x00, 0x1c, 0xff, 0xc0, 0x00, 0x00, 0x00, 0x00, 0xaf, 0xfd, 0x10, 0x00, 0x00,
    0x00, 0x08, 0xff, 0xe3, 0x00, 0x00, 0x00, 0x00, 0x5f, 0xff, 0x50, 0x00, 0x00, 0x00, 0x03, 0xef, 0xf8, 0x00, 0x00, 0x00,
    0x00, 0x1d, 0xff, 0xa0, 0x00, 0x00, 0x00, 0x00, 0xcf, 0xfc, 0x10, 0x00, 0x00, 0x00, 0x0a, 0xff, 0xfb, 0x99, 0x99, 0x99,
    0x90, 0x0f, 0xff, 0xff, 0xff, 0xff, 0xff, 0xf0, 0x0f, 0xff, 0xff, 0xff, 0xff, 0xff, 0xf0, 0x00, 0x00, 0x00, 0x24, 0x41,
    0x00, 0x00, 0x3c, 0xff, 0xf3, 0x00, 0x01, 0xdf, 0xff, 0xf3, 0x00, 0x05, 0xff, 0xfa, 0x51, 0x00, 0x08, 0xff, 0xd0, 0x00,
    0x00, 0x08, 0xff, 0xb0, 0x00, 0x00, 0x08, 0xff, 0xb0, 0x00, 0x00, 0x08, 0xff, 0xb0, 0x00, 0x00, 0x08, 0xff, 0xb0, 0x00,
    0x00, 0x08, 0xff, 0xb0, 0x00, 0x00, 0x09, 0xff, 0xa0, 0x00, 0x04, 0x8e, 0xff, 0x80, 0x00, 0x09, 0xff, 0xfb, 0x10, 0x00,
    0x09, 0xff, 0xfe, 0x30, 0x00, 0x02, 0x4d, 0xff, 0x90, 0x00, 0x00, 0x08, 0xff, 0xb0, 0x00, 0x00, 0x08, 0xff, 0xb0, 0x00,
    0x00, 0x08, 0xff, 0xb0, 0x00, 0x00, 0x08, 0xff, 0xb0, 0x00, 0x00, 0x08, 0xff, 0xb0, 0x00, 0x00, 0x08, 0xff, 0xb0, 0x00,
    0x00, 0x07, 0xff, 0xe1, 0x00, 0x00, 0x04, 0xff, 0xfd, 0x92, 0x00, 0x00, 0xbf, 0xff, 0xf3, 0x00, 0x00, 0x18, 0xef, 0xf3,
    0x00, 0x00, 0x00, 0x00, 0x10, 0x00, 0x24, 0x42, 0x00, 0x00, 0x8f, 0xf7, 0x00, 0x00, 0x8f, 0xf7, 0x00, 0x00, 0x8f, 0xf7,
    0x00, 0x00, 0x8f, 0xf7, 0x00, 0x00, 0x8f, 0xf7, 0x00, 0x00, 0x8f, 0xf7, 0x00, 0x00, 0x8f, 0xf7, 0x00, 0x00, 0x8f, 0xf7,
    0x00, 0x00, 0x8f, 0xf7, 0x00, 0x00, 0x8f, 0xf7, 0x00, 0x00, 0x8f, 0xf7, 0x00, 0x00, 0x8f, 0xf7, 0x00, 0x00, 0x8f, 0xf7,
    0x00, 0x00, 0x8f, 0xf7, 0x00, 0x00, 0x8f, 0xf7, 0x00, 0x00, 0x8f, 0xf7, 0x00, 0x00, 0x8f, 0xf7, 0x00, 0x00, 0x8f, 0xf7,
    0x00, 0x00, 0x8f, 0xf7, 0x00, 0x00, 0x8f, 0xf7, 0x00, 0x00, 0x8f, 0xf7, 0x00, 0x00, 0x8f, 0xf7, 0x00, 0x00, 0x8f, 0xf7,
    0x00, 0x00, 0x8f, 0xf7, 0x00, 0x00, 0x01, 0x10, 0x00, 0x24, 0x41, 0x00, 0x00, 0x00, 0x8f, 0xff, 0x90, 0x00, 0x00, 0x8f,
    0xff, 0xf9, 0x00, 0x00, 0x36, 0xdf, 0xff, 0x00, 0x00, 0x00, 0x3f, 0xff, 0x20, 0x00, 0x00, 0x1f, 0xff, 0x30, 0x00, 0x00,
    0x1f, 0xff, 0x30, 0x00, 0x00, 0x1f, 0xff, 0x30, 0x00, 0x00, 0x1f, 0xff, 0x30, 0x00, 0x00, 0x1f, 0xff, 0x30, 0x00, 0x00,
    0x1f, 0xff, 0x30, 0x00, 0x00, 0x0d, 0xff, 0xc7, 0x10, 0x00, 0x04, 0xff, 0xff, 0x30, 0x00, 0x07, 0xff, 0xff, 0x30, 0x00,
    0x0e, 0xff, 0x93, 0x10, 0x00, 0x1f, 0xff, 0x30, 0x00, 0x00, 0x1f, 0xff, 0x30, 0x00, 0x00, 0x1f, 0xff, 0x30, 0x00, 0x00,
    0x1f, 0xff, 0x30, 0x00, 0x00, 0x1f, 0xff, 0x30, 0x00, 0x00, 0x1f, 0xff, 0x30, 0x00, 0x00, 0x5f, 0xff, 0x20, 0x00, 0x5a,
    0xef, 0xfe, 0x00, 0x00, 0x8f, 0xff, 0xf6, 0x00, 0x00, 0x8f, 0xfc, 0x50, 0x00, 0x00, 0x01, 0x00, 0x00, 0x00, 0x00, 0x00,
    0x02, 0x77, 0x30, 0x00, 0x01, 0x55, 0x00, 0x06, 0xff, 0xff, 0xa1, 0x00, 0x4f, 0xd0, 0x01, 0xff, 0xfe, 0xff, 0xd4, 0x3c,
    0xfb, 0x00, 0x6f, 0xe2, 0x07, 0xff, 0xff, 0xff, 0x50, 0x08, 0xf9, 0x00, 0x03, 0xcf, 0xff, 0x70, 0x00, 0x11, 0x10, 0x00,
    0x00, 0x34, 0x10, 0x00, 0x00, 0x00, 0x00, 0x00, 0x00, 0x00, 0x00, 0x00, 0x00, 0x00, 0x00, 0x00, 0x00, 0x00, 0x00, 0x00,
    0x00, 0x00, 0x00, 0x00, 0x00, 0x00, 0x00, 0x00, 0x00, 0x00, 0x00, 0x00, 0x00, 0x00, 0x00, 0x00, 0x00, 0x00, 0x00, 0x00,
    0x00, 0x00, 0x00, 0x00, 0x00, 0x00, 0x00, 0x00, 0x00, 0x00, 0x00, 0x00, 0x00, 0x00, 0x00, 0x55, 0x54, 0x00, 0x00, 0x00,
    0x00, 0x00, 0x00, 0x00, 0x00, 0x0a, 0xff, 0xc1, 0x00, 0x00, 0x00, 0x00, 0x00, 0x00, 0x00, 0x00, 0xaf, 0xf9, 0x00, 0x00,
    0x00, 0x00, 0x00, 0x00, 0x00, 0x00, 0x0a, 0xfe, 0x60, 0x00, 0x00, 0x00, 0x00, 0x00, 0x00, 0x00, 0x00, 0x13, 0x32, 0x00,
    0x00, 0x00, 0x00, 0x00, 0x00, 0x00, 0x00, 0x00, 0x25, 0x66, 0x52, 0x00, 0x00, 0x00, 0x00, 0x00, 0x00, 0x01, 0x7d, 0xff,
    0xff, 0xff, 0xd6, 0x00, 0x00, 0x00, 0x00, 0x00, 0x4e, 0xff, 0xff, 0xff, 0xff, 0xff, 0xd3, 0x00, 0x00, 0x00, 0x05, 0xff,
    0xff, 0xea, 0x88, 0xae, 0xff, 0xfe, 0x40, 0x00, 0x00, 0x3f, 0xff, 0xf7, 0x00, 0x00, 0x01, 0x8f, 0xff, 0xe2, 0x00, 0x00,
    0xbf, 0xff, 0x40, 0x00, 0x00, 0x00, 0x05, 0xff, 0xfa, 0x00, 0x03, 0xff, 0xf7, 0x00, 0x00, 0x00, 0x00, 0x00, 0x9f, 0xff,
    0x20, 0x08, 0xff, 0xe1, 0x00, 0x00, 0x00, 0x00, 0x00, 0x2f, 0xff, 0x60, 0x0b, 0xff, 0xb0, 0x00, 0x00, 0x00, 0x00, 0x00,
    0x0c, 0xff, 0x90, 0x0c, 0xff, 0x90, 0x00, 0x00, 0x00, 0x00, 0x00, 0x0a, 0xff, 0xb0, 0x0c, 0xff, 0x90, 0x00, 0x00, 0x00,
    0x00, 0x00, 0x0b, 0xff, 0xa0, 0x0b, 0xff, 0xb0, 0x00, 0x00, 0x00, 0x00, 0x00, 0x0d, 0xff, 0x90, 0x07, 0xff, 0xf1, 0x00,
    0x00, 0x00, 0x00, 0x00, 0x3f, 0xff, 0x50, 0x02, 0xff, 0xf9, 0x00, 0x00, 0x00, 0x00, 0x00, 0xbf, 0xff, 0x10, 0x00, 0xaf,
    0xff, 0x60, 0x00, 0x00, 0x00, 0x08, 0xff, 0xf8, 0x00, 0x00, 0x2e, 0xff, 0xfa, 0x20, 0x00, 0x03, 0xbf, 0xff, 0xd1, 0x00,
    0x00, 0x03, 0xef, 0xff, 0xfd, 0xbb, 0xdf, 0xff, 0xfd, 0x20, 0x00, 0x00, 0x00, 0x2c, 0xff, 0xff, 0xff, 0xff, 0xff, 0xb1,
    0x00, 0x00, 0x00, 0x00, 0x00, 0x4a, 0xef, 0xff, 0xfe, 0xa4, 0x00, 0x00, 0x00, 0x00, 0x00, 0x00, 0x00, 0x02, 0x33, 0x20,
    0x00, 0x00, 0x00, 0x00, 0x00, 0x00, 0x00, 0x00, 0x00, 0x55, 0x54, 0x00, 0x00, 0x00, 0x00, 0x00, 0x00, 0xaf, 0xfc, 0x10,
    0x00, 0x00, 0x00, 0x00, 0x00, 0xaf, 0xf9, 0x00, 0x00, 0x00, 0x00, 0x00, 0x00, 0xaf, 0xe6, 0x00, 0x00, 0x00, 0x00, 0x00,
    0x00, 0x13, 0x32, 0x00, 0x00, 0x00, 0x00, 0x00, 0x00, 0x00, 0x00, 0x00, 0x00, 0x00, 0x00, 0x00, 0x00, 0x27, 0xce, 0xfe,
    0xb6, 0x10, 0x00, 0x00, 0x00, 0x5e, 0xff, 0xff, 0xff, 0xfd, 0x30, 0x00, 0x00, 0x5f, 0xff, 0xfd, 0xbd, 0xff, 0xfe, 0x30,
    0x00, 0x2f, 0xff, 0xc3, 0x00, 0x04, 0xef, 0xfd, 0x00, 0x08, 0xff, 0xe1, 0x00, 0x00, 0x03, 0xff, 0xf5, 0x00, 0xdf, 0xf8,
    0x00, 0x00, 0x00, 0x0b, 0xff, 0x90, 0x0e, 0xff, 0x50, 0x00, 0x00, 0x00, 0x8f, 0xfb, 0x00, 0xff, 0xf5, 0x00, 0x00, 0x00,
    0x08, 0xff, 0xb0, 0x0d, 0xff, 0x70, 0x00, 0x00, 0x00, 0xbf, 0xf9, 0x00, 0x9f, 0xfd, 0x10, 0x00, 0x00, 0x3f, 0xff, 0x50,
    0x02, 0xff, 0xfb, 0x10, 0x00, 0x3d, 0xff, 0xe0, 0x00, 0x07, 0xff, 0xff, 0xb9, 0xbf, 0xff, 0xf4, 0x00, 0x00, 0x07, 0xff,
    0xff, 0xff, 0xff, 0xe5, 0x00, 0x00, 0x00, 0x03, 0x9e, 0xff, 0xfd, 0x82, 0x00, 0x00, 0x00, 0x00, 0x00, 0x01, 0x21, 0x00,
    0x00, 0x00, 0x00, 0x00, 0x00, 0x00, 0x00, 0x03, 0x33, 0x10, 0x00, 0x00, 0x00, 0x00, 0x00, 0x00, 0x00, 0x00, 0x4f, 0xff,
    0xb0, 0x00, 0x00, 0x00, 0x00, 0x00, 0x00, 0x00, 0x00, 0xbf, 0xff, 0xf2, 0x00, 0x00, 0x00, 0x00, 0x00, 0x00, 0x00, 0x03,
    0xff, 0xff, 0xf9, 0x00, 0x00, 0x00, 0x00, 0x00, 0x00, 0x00, 0x09, 0xff, 0xbf, 0xff, 0x10, 0x00, 0x00, 0x00, 0x00, 0x00,
    0x00, 0x1f, 0xff, 0x2b, 0xff, 0x80, 0x00, 0x00, 0x00, 0x00, 0x00, 0x00, 0x8f, 0xfb, 0x05, 0xff, 0xe1, 0x00, 0x00, 0x00,
    0x00, 0x00, 0x01, 0xef, 0xf4, 0x00, 0xdf, 0xf6, 0x00, 0x00, 0x00, 0x00, 0x00, 0x06, 0xff, 0xd0, 0x00, 0x7f, 0xfd, 0x00,
    0x00, 0x00, 0x00, 0x00, 0x0d, 0xff, 0x60, 0x00, 0x1e, 0xff, 0x50, 0x00, 0x00, 0x00, 0x00, 0x5f, 0xfe, 0x10, 0x00, 0x09,
    0xff, 0xb0, 0x00, 0x00, 0x00, 0x00, 0xbf, 0xf8, 0x00, 0x00, 0x02, 0xff, 0xf3, 0x00, 0x00, 0x00, 0x03, 0xff, 0xff, 0xdd,
    0xdd, 0xdd, 0xff, 0xfa, 0x00, 0x00, 0x00, 0x0a, 0xff, 0xff, 0xff, 0xff, 0xff, 0xff, 0xff, 0x20, 0x00, 0x00, 0x2f, 0xff,
    0xfc, 0xcc, 0xcc, 0xcc, 0xcf, 0xff, 0x80, 0x00, 0x00, 0x8f, 0xfd, 0x00, 0x00, 0x00, 0x00, 0x07, 0xff, 0xe1, 0x00, 0x01,
    0xef, 0xf6, 0x00, 0x00, 0x00, 0x00, 0x01, 0xef, 0xf7, 0x00, 0x07, 0xff, 0xe1, 0x00, 0x00, 0x00, 0x00, 0x00, 0x9f, 0xfd,
    0x00, 0x0d, 0xff, 0x80, 0x00, 0x00, 0x00, 0x00, 0x00, 0x2f, 0xff, 0x70, 0x00, 0x00, 0x00, 0x00, 0x00, 0x00, 0x00, 0x00,
    0x5f, 0xf8, 0x10, 0x00, 0x00, 0x00, 0x00, 0x00, 0x00, 0x00, 0x03, 0xfe, 0x40, 0x00, 0x00, 0x00, 0x00, 0x00, 0x00, 0x00,
    0x00, 0x09, 0xf9, 0x00, 0x00, 0x00, 0x00, 0x00, 0x00, 0x00, 0x00, 0x00, 0x09, 0xfb, 0x00, 0x10, 0x00, 0x00, 0x00, 0x00,
    0x00, 0x00, 0x00, 0x04, 0xff, 0xee, 0xd0, 0x00, 0x00, 0x00, 0x00, 0x00, 0x00, 0x00, 0x00, 0x5b, 0xdc, 0x91, 0x00, 0x00,
    0x00, 0x00, 0x00, 0x00, 0x00, 0x00, 0x00, 0x05, 0xad, 0xff, 0xfc, 0x81, 0x00, 0x00, 0x03, 0xdf, 0xff, 0xff, 0xff, 0xfe,
    0x30, 0x00, 0x01, 0xef, 0xfd, 0xbb, 0xdf, 0xff, 0xe1, 0x00, 0x00, 0x79, 0x20, 0x00, 0x07, 0xff, 0xf6, 0x00, 0x00, 0x00,
    0x00, 0x00, 0x00, 0xbf, 0xfa, 0x00, 0x00, 0x00, 0x00, 0x12, 0x22, 0x9f, 0xfb, 0x00, 0x00, 0x18, 0xcf, 0xff, 0xff, 0xff,
    0xfc, 0x00, 0x01, 0xdf, 0xff, 0xff, 0xff, 0xff, 0xfc, 0x00, 0x08, 0xff, 0xe4, 0x11, 0x11, 0x8f, 0xfc, 0x00, 0x0c, 0xff,
    0x60, 0x00, 0x00, 0x8f, 0xfc, 0x00, 0x0c, 0xff, 0x80, 0x00, 0x02, 0xff, 0xfc, 0x00, 0x08, 0xff, 0xf7, 0x44, 0x7e, 0xff,
    0xfc, 0x00, 0x01, 0xdf, 0xff, 0xff, 0xff, 0xcf, 0xfc, 0x00, 0x00, 0x19, 0xef, 0xff, 0xc6, 0x7f, 0xfd, 0x00, 0x00, 0x00,
    0x01, 0x21, 0x05, 0xff, 0x81, 0x00, 0x00, 0x00, 0x00, 0x00, 0x3f, 0xe4, 0x00, 0x00, 0x00, 0x00, 0x00, 0x00, 0x9f, 0x90,
    0x00, 0x00, 0x00, 0x00, 0x00, 0x00, 0x9f, 0xb0, 0x01, 0x00, 0x00, 0x00, 0x00, 0x00, 0x4f, 0xfe, 0xed, 0x00, 0x00, 0x00,
    0x00, 0x00, 0x05, 0xbd, 0xc9, 0x10, 0x00, 0x00, 0x00, 0x00, 0x00, 0x00, 0x55, 0x54, 0x00, 0x00, 0x00, 0x00, 0x00, 0x00,
    0x00, 0xaf, 0xfc, 0x10, 0x00, 0x00, 0x00, 0x00, 0x00, 0x00, 0xaf, 0xf9, 0x00, 0x00, 0x00, 0x00, 0x00, 0x00, 0x00, 0xaf,
    0xe6, 0x00, 0x00, 0x00, 0x00, 0x00, 0x00, 0x00, 0x13, 0x32, 0x00, 0x00, 0x00, 0x00, 0x00, 0x00, 0x00, 0x03, 0x56, 0x65,
    0x20, 0x00, 0x00, 0x00, 0x00, 0x01, 0x8d, 0xff, 0xff, 0xff, 0xc6, 0x00, 0x00, 0x00, 0x04, 0xef, 0xff, 0xff, 0xff, 0xff,
    0xfc, 0x10, 0x00, 0x05, 0xff, 0xff, 0xea, 0x88, 0xae, 0xff, 0xfc, 0x00, 0x03, 0xff, 0xff, 0x71, 0x00, 0x00, 0x17, 0xfe,
    0x30, 0x00, 0xbf, 0xff, 0x40, 0x00, 0x00, 0x00, 0x04, 0x20, 0x00, 0x3f, 0xff, 0x70, 0x00, 0x00, 0x00, 0x00, 0x00, 0x00,
    0x08, 0xff, 0xe0, 0x00, 0x00, 0x00, 0x00, 0x00, 0x00, 0x00, 0xbf, 0xfa, 0x00, 0x00, 0x00, 0x00, 0x00, 0x00, 0x00, 0x0c,
    0xff, 0x90, 0x00, 0x00, 0x00, 0x00, 0x00, 0x00, 0x00, 0xcf, 0xf9, 0x00, 0x00, 0x00, 0x00, 0x00, 0x00, 0x00, 0x0b, 0xff,
    0xb0, 0x00, 0x00, 0x00, 0x00, 0x00, 0x00, 0x00, 0x7f, 0xff, 0x10, 0x00, 0x00, 0x00, 0x00, 0x00, 0x00, 0x02, 0xff, 0xf9,
    0x00, 0x00, 0x00, 0x00, 0x00, 0x00, 0x00, 0x0a, 0xff, 0xf6, 0x00, 0x00, 0x00, 0x00, 0x75, 0x00, 0x00, 0x2e, 0xff, 0xfa,
    0x20, 0x00, 0x03, 0xaf, 0xf5, 0x00, 0x00, 0x3e, 0xff, 0xff, 0xdb, 0xbd, 0xff, 0xff, 0xb0, 0x00, 0x00, 0x2c, 0xff, 0xff,
    0xff, 0xff, 0xff, 0x90, 0x00, 0x00, 0x00, 0x05, 0xbe, 0xff, 0xff, 0xe9, 0x30, 0x00, 0x00, 0x00, 0x00, 0x00, 0x02, 0x33,
    0x20, 0x00, 0x00, 0x00, 0x00, 0x00, 0x00, 0x00, 0x05, 0x55, 0x40, 0x00, 0x00, 0x00, 0x00, 0x0a, 0xff, 0xc1, 0x00, 0x00,
    0x00, 0x00, 0x0a, 0xff, 0x90, 0x00, 0x00, 0x00, 0x00, 0x0a, 0xfe, 0x60, 0x00, 0x00, 0x00, 0x00, 0x01, 0x33, 0x20, 0x00,
    0x00, 0x00, 0x00, 0x00, 0x00, 0x00, 0x00, 0x00, 0x00, 0x00, 0x00, 0x17, 0xce, 0xfe, 0xc6, 0x10, 0x00, 0x00, 0x5e, 0xff,
    0xff, 0xff, 0xfd, 0x30, 0x00, 0x5f, 0xff, 0xfd, 0xbd, 0xff, 0xfd, 0x10, 0x2e, 0xff, 0xc3, 0x00, 0x04, 0xef, 0xb2, 0x08,
    0xff, 0xe1, 0x00, 0x00, 0x03, 0x50, 0x00, 0xdf, 0xf8, 0x00, 0x00, 0x00, 0x00, 0x00, 0x0e, 0xff, 0x50, 0x00, 0x00, 0x00,
    0x00, 0x00, 0xff, 0xf5, 0x00, 0x00, 0x00, 0x00, 0x00, 0x0d, 0xff, 0x70, 0x00, 0x00, 0x00, 0x00, 0x00, 0x9f, 0xfd, 0x10,
    0x00, 0x00, 0x23, 0x00, 0x02, 0xff, 0xfb, 0x10, 0x00, 0x3d, 0xf9, 0x10, 0x07, 0xff, 0xff, 0xb9, 0xbf, 0xff, 0xe1, 0x00,
    0x07, 0xff, 0xff, 0xff, 0xff, 0xe4, 0x00, 0x00, 0x03, 0x9e, 0xff, 0xfe, 0x82, 0x00, 0x00, 0x00, 0x00, 0x01, 0x21, 0x00,
    0x00, 0x00, 0x00, 0x23, 0x33, 0x33, 0x33, 0x33, 0x33, 0x32, 0x00, 0x00, 0x8f, 0xff, 0xff, 0xff, 0xff, 0xff, 0xfb, 0x00,
    0x00, 0x8f, 0xff, 0xff, 0xff, 0xff, 0xff, 0xfb, 0x00, 0x00, 0x8f, 0xfe, 0xaa, 0xaa, 0xaa, 0xaa, 0xa7, 0x00, 0x00, 0x8f,
    0xfc, 0x00, 0x00, 0x00, 0x00, 0x00, 0x00, 0x00, 0x8f, 0xfc, 0x00, 0x00, 0x00, 0x00, 0x00, 0x00, 0x00, 0x8f, 0xfc, 0x00,
    0x00, 0x00, 0x00, 0x00, 0x00, 0x00, 0x8f, 0xfc, 0x00, 0x00, 0x00, 0x00, 0x00, 0x00, 0x00, 0x8f, 0xff, 0x99, 0x99, 0x99,
    0x99, 0x60, 0x00, 0x00, 0x8f, 0xff, 0xff, 0xff, 0xff, 0xff, 0x90, 0x00, 0x00, 0x8f, 0xff, 0xff, 0xff, 0xff, 0xff, 0x90,
    0x00, 0x00, 0x8f, 0xfd, 0x22, 0x22, 0x22, 0x22, 0x10, 0x00, 0x00, 0x8f, 0xfc, 0x00, 0x00, 0x00, 0x00, 0x00, 0x00, 0x00,
    0x8f, 0xfc, 0x00, 0x00, 0x00, 0x00, 0x00, 0x00, 0x00, 0x8f, 0xfc, 0x00, 0x00, 0x00, 0x00, 0x00, 0x00, 0x00, 0x8f, 0xfc,
    0x00, 0x00, 0x00, 0x00, 0x00, 0x00, 0x00, 0x8f, 0xff, 0xdd, 0xdd, 0xdd, 0xdd, 0xdd, 0x10, 0x00, 0x8f, 0xff, 0xff, 0xff,
    0xff, 0xff, 0xff, 0x10, 0x00, 0x8f, 0xff, 0xff, 0xff, 0xff, 0xff, 0xff, 0x30, 0x00, 0x00, 0x00, 0x00, 0x00, 0x00, 0x5f,
    0xf8, 0x10, 0x00, 0x00, 0x00, 0x00, 0x00, 0x03, 0xfe, 0x40, 0x00, 0x00, 0x00, 0x00, 0x00, 0x00, 0x09, 0xf9, 0x00, 0x00,
    0x00, 0x00, 0x00, 0x00, 0x00, 0x09, 0xfb, 0x00, 0x10, 0x00, 0x00, 0x00, 0x00, 0x00, 0x04, 0xff, 0xee, 0xd0, 0x00, 0x00,
    0x00, 0x00, 0x00, 0x00, 0x5b, 0xdc, 0x91, 0x00, 0x00, 0x00, 0x00, 0x00, 0x00, 0x00, 0x00, 0x00, 0x00, 0x28, 0xdf, 0xfd,
    0xa4, 0x00, 0x00, 0x00, 0x06, 0xff, 0xff, 0xff, 0xff, 0x91, 0x00, 0x00, 0x6f, 0xff, 0xea, 0x9c, 0xff, 0xfa, 0x00, 0x02,
    0xff, 0xf8, 0x00, 0x00, 0x5e, 0xff, 0x50, 0x08, 0xff, 0xb0, 0x00, 0x00, 0x06, 0xff, 0xb0, 0x0d, 0xff, 0x61, 0x11, 0x11,
    0x12, 0xff, 0xf0, 0x0e, 0xff, 0xff, 0xff, 0xff, 0xff, 0xff, 0xf2, 0x0f, 0xff, 0xff, 0xff, 0xff, 0xff, 0xff, 0xf3, 0x0d,
    0xff, 0x71, 0x11, 0x11, 0x11, 0x11, 0x10, 0x09, 0xff, 0xc0, 0x00, 0x00, 0x00, 0x00, 0x00, 0x03, 0xff, 0xfa, 0x10, 0x00,
    0x04, 0xc2, 0x00, 0x00, 0x7f, 0xff, 0xfb, 0x99, 0xdf, 0xfc, 0x10, 0x00, 0x07, 0xff, 0xff, 0xff, 0xff, 0xfa, 0x00, 0x00,
    0x00, 0x39, 0xef, 0xff, 0xff, 0x70, 0x00, 0x00, 0x00, 0x00, 0x01, 0x3e, 0xf7, 0x00, 0x00, 0x00, 0x00, 0x00, 0x00, 0x7f,
    0xb0, 0x00, 0x00, 0x00, 0x00, 0x00, 0x00, 0xcf, 0x60, 0x00, 0x00, 0x00, 0x00, 0x00, 0x00, 0xcf, 0x90, 0x01, 0x00, 0x00,
    0x00, 0x00, 0x00, 0x6f, 0xfe, 0xea, 0x00, 0x00, 0x00, 0x00, 0x00, 0x06, 0xcd, 0xc7, 0x00, 0x00, 0x02, 0x33, 0x30, 0x00,
    0x00, 0x00, 0x00, 0x00, 0x00, 0x8f, 0xfc, 0x00, 0x00, 0x00, 0x00, 0x00, 0x00, 0x08, 0xff, 0xc0, 0x00, 0x00, 0x00, 0x00,
    0x00, 0x00, 0x8f, 0xfc, 0x00, 0x00, 0x00, 0x00, 0x00, 0x00, 0x08, 0xff, 0xc0, 0x00, 0x00, 0x00, 0x00, 0x00, 0x00, 0x8f,
    0xfc, 0x04, 0x90, 0x00, 0x00, 0x00, 0x00, 0x08, 0xff, 0xd7, 0xff, 0x70, 0x00, 0x00, 0x00, 0x00, 0x8f, 0xff, 0xff, 0xc2,
    0x00, 0x00, 0x00, 0x00, 0x08, 0xff, 0xff, 0x90, 0x00, 0x00, 0x00, 0x00, 0x00, 0xff, 0xff, 0x50, 0x00, 0x00, 0x00, 0x00,
    0x01, 0xaf, 0xff, 0xf0, 0x00, 0x00, 0x00, 0x00, 0x03, 0xdf, 0xff, 0xfc, 0x00, 0x00, 0x00, 0x00, 0x00, 0x2e, 0xee, 0xff,
    0xc0, 0x00, 0x00, 0x00, 0x00, 0x00, 0x43, 0x8f, 0xfc, 0x00, 0x00, 0x00, 0x00, 0x00, 0x00, 0x08, 0xff, 0xc0, 0x00, 0x00,
    0x00, 0x00, 0x00, 0x00, 0x8f, 0xfc, 0x00, 0x00, 0x00, 0x00, 0x00, 0x00, 0x08, 0xff, 0xfd, 0xdd, 0xdd, 0xdd, 0xdd, 0x40,
    0x00, 0x8f, 0xff, 0xff, 0xff, 0xff, 0xff, 0xf5, 0x00, 0x08, 0xff, 0xff, 0xff, 0xff, 0xff, 0xff, 0x50, 0x00, 0x04, 0x44,
    0x20, 0x00, 0x00, 0x0d, 0xff, 0x60, 0x00, 0x00, 0x0d, 0xff, 0x60, 0x00, 0x00, 0x0d, 0xff, 0x60, 0x00, 0x00, 0x0d, 0xff,
    0x60, 0x00, 0x00, 0x0d, 0xff, 0x60, 0x00, 0x00, 0x0d, 0xff, 0x60, 0x00, 0x00, 0x0d, 0xff, 0x68, 0x60, 0x00, 0x0d, 0xff,
    0xff, 0xe2, 0x00, 0x0d, 0xff, 0xff, 0x90, 0x00, 0x0f, 0xff, 0xf5, 0x00, 0x01, 0xbf, 0xff, 0x80, 0x00, 0x3d, 0xff, 0xff,
    0x60, 0x00, 0x2e, 0xef, 0xff, 0x60, 0x00, 0x04, 0x3d, 0xff, 0x60, 0x00, 0x00, 0x0d, 0xff, 0x60, 0x00, 0x00, 0x0d, 0xff,
    0x60, 0x00, 0x00, 0x0d, 0xff, 0x60, 0x00, 0x00, 0x0d, 0xff, 0x60, 0x00, 0x00, 0x0d, 0xff, 0x60, 0x00, 0x00, 0x00, 0x00,
    0x00, 0x00, 0x00, 0x55, 0x54, 0x00, 0x00, 0x00, 0x00, 0x00, 0x00, 0x00, 0x00, 0xaf, 0xfc, 0x10, 0x00, 0x00, 0x00, 0x00,
    0x00, 0x00, 0x00, 0xaf, 0xf9, 0x00, 0x00, 0x00, 0x00, 0x00, 0x00, 0x00, 0x00, 0xaf, 0xe6, 0x00, 0x00, 0x00, 0x00, 0x00,
    0x00, 0x00, 0x00, 0x13, 0x32, 0x00, 0x00, 0x00, 0x00, 0x00, 0x02, 0x33, 0x10, 0x00, 0x00, 0x00, 0x00, 0x23, 0x32, 0x00,
    0x00, 0x8f, 0xfc, 0x00, 0x00, 0x00, 0x00, 0x0b, 0xff, 0x90, 0x00, 0x08, 0xff, 0xf9, 0x00, 0x00, 0x00, 0x00, 0xbf, 0xf9,
    0x00, 0x00, 0x8f, 0xff, 0xf6, 0x00, 0x00, 0x00, 0x0b, 0xff, 0x90, 0x00, 0x08, 0xff, 0xff, 0xf4, 0x00, 0x00, 0x00, 0xbf,
    0xf9, 0x00, 0x00, 0x8f, 0xff, 0xff, 0xe2, 0x00, 0x00, 0x0b, 0xff, 0x90, 0x00, 0x08, 0xff, 0xff, 0xff, 0xc1, 0x00, 0x00,
    0xbf, 0xf9, 0x00, 0x00, 0x8f, 0xfc, 0x8f, 0xff, 0xa0, 0x00, 0x0b, 0xff, 0x90, 0x00, 0x08, 0xff, 0xc0, 0xbf, 0xff, 0x80,
    0x00, 0xbf, 0xf9, 0x00, 0x00, 0x8f, 0xfc, 0x01, 0xdf, 0xff, 0x50, 0x0b, 0xff, 0x90, 0x00, 0x08, 0xff, 0xc0, 0x02, 0xef,
    0xfe, 0x30, 0xbf, 0xf9, 0x00, 0x00, 0x8f, 0xfc, 0x00, 0x04, 0xff, 0xfd, 0x1b, 0xff, 0x90, 0x00, 0x08, 0xff, 0xc0, 0x00,
    0x07, 0xff, 0xfb, 0xcf, 0xf9, 0x00, 0x00, 0x8f, 0xfc, 0x00, 0x00, 0x0a, 0xff, 0xff, 0xff, 0x90, 0x00, 0x08, 0xff, 0xc0,
    0x00, 0x00, 0x1c, 0xff, 0xff, 0xf9, 0x00, 0x00, 0x8f, 0xfc, 0x00, 0x00, 0x00, 0x2e, 0xff, 0xff, 0x90, 0x00, 0x08, 0xff,
    0xc0, 0x00, 0x00, 0x00, 0x3f, 0xff, 0xf9, 0x00, 0x00, 0x8f, 0xfc, 0x00, 0x00, 0x00, 0x00, 0x6f, 0xff, 0x90, 0x00, 0x08,
    0xff, 0xc0, 0x00, 0x00, 0x00, 0x00, 0x9f, 0xf9, 0x00, 0x00, 0x00, 0x00, 0x00, 0x00, 0x55, 0x54, 0x00, 0x00, 0x00, 0x00,
    0x00, 0x00, 0x0a, 0xff, 0xc1, 0x00, 0x00, 0x00, 0x00, 0x00, 0x00, 0xaf, 0xf9, 0x00, 0x00, 0x00, 0x00, 0x00, 0x00, 0x0a,
    0xfe, 0x60, 0x00, 0x00, 0x00, 0x00, 0x00, 0x00, 0x13, 0x32, 0x00, 0x00, 0x00, 0x00, 0x00, 0x00, 0x00, 0x00, 0x00, 0x00,
    0x00, 0x00, 0x00, 0x00, 0xbd, 0xd3, 0x29, 0xdf, 0xfd, 0x82, 0x00, 0x00, 0x00, 0xdf, 0xf9, 0xef, 0xff, 0xff, 0xfe, 0x30,
    0x00, 0x00, 0xdf, 0xff, 0xff, 0xdd, 0xff, 0xff, 0xd1, 0x00, 0x00, 0xdf, 0xff, 0xc3, 0x00, 0x19, 0xff, 0xf6, 0x00, 0x00,
    0xdf, 0xfe, 0x10, 0x00, 0x00, 0xdf, 0xfa, 0x00, 0x00, 0xdf, 0xf9, 0x00, 0x00, 0x00, 0x9f, 0xfb, 0x00, 0x00, 0xdf, 0xf6,
    0x00, 0x00, 0x00, 0x7f, 0xfc, 0x00, 0x00, 0xdf, 0xf6, 0x00, 0x00, 0x00, 0x7f, 0xfc, 0x00, 0x00, 0xdf, 0xf6, 0x00, 0x00,
    0x00, 0x7f, 0xfc, 0x00, 0x00, 0xdf, 0xf6, 0x00, 0x00, 0x00, 0x7f, 0xfc, 0x00, 0x00, 0xdf, 0xf6, 0x00, 0x00, 0x00, 0x7f,
    0xfc, 0x00, 0x00, 0xdf, 0xf6, 0x00, 0x00, 0x00, 0x7f, 0xfc, 0x00, 0x00, 0xdf, 0xf6, 0x00, 0x00, 0x00, 0x7f, 0xfc, 0x00,
    0x00, 0xdf, 0xf6, 0x00, 0x00, 0x00, 0x7f, 0xfc, 0x00, 0x00, 0x00, 0x00, 0x00, 0x00, 0x55, 0x54, 0x00, 0x00, 0x00, 0x00,
    0x00, 0x0a, 0xff, 0xc1, 0x00, 0x00, 0x00, 0x00, 0x00, 0xaf, 0xf9, 0x00, 0x00, 0x00, 0x00, 0x00, 0x0a, 0xfe, 0x60, 0x00,
    0x00, 0x00, 0x00, 0x00, 0x13, 0x32, 0x00, 0x00, 0x00, 0x00, 0x00, 0x01, 0x45, 0x66, 0x42, 0x00, 0x00, 0x00, 0x02, 0xae,
    0xff, 0xff, 0xff, 0xc7, 0x10, 0x00, 0x4e, 0xff, 0xff, 0xff, 0xff, 0xff, 0x80, 0x01, 0xef, 0xff, 0xa6, 0x56, 0x9d, 0xff,
    0x20, 0x07, 0xff, 0xf3, 0x00, 0x00, 0x00, 0x38, 0x00, 0x0a, 0xff, 0xb0, 0x00, 0x00, 0x00, 0x00, 0x00, 0x0a, 0xff, 0xc0,
    0x00, 0x00, 0x00, 0x00, 0x00, 0x07, 0xff, 0xfa, 0x20, 0x00, 0x00, 0x00, 0x00, 0x01, 0xef, 0xff, 0xfd, 0x95, 0x10, 0x00,
    0x00, 0x00, 0x3d, 0xff, 0xff, 0xff, 0xfb, 0x50, 0x00, 0x00, 0x00, 0x5b, 0xff, 0xff, 0xff, 0xfc, 0x20, 0x00, 0x00, 0x00,
    0x14, 0x8c, 0xff, 0xff, 0xc0, 0x00, 0x00, 0x00, 0x00, 0x00, 0x3b, 0xff, 0xf4, 0x00, 0x00, 0x00, 0x00, 0x00, 0x01, 0xff,
    0xf6, 0x00, 0x40, 0x00, 0x00, 0x00, 0x00, 0xef, 0xf5, 0x06, 0xfa, 0x40, 0x00, 0x00, 0x08, 0xff, 0xf2, 0x0d, 0xff, 0xfe,
    0xa9, 0x9a, 0xdf, 0xff, 0x90, 0x07, 0xef, 0xff, 0xff, 0xff, 0xff, 0xfa, 0x00, 0x00, 0x17, 0xbe, 0xff, 0xff, 0xfb, 0x50,
    0x00, 0x00, 0x00, 0x00, 0x23, 0x32, 0x10, 0x00, 0x00, 0x00, 0x00, 0x00, 0x00, 0x55, 0x54, 0x00, 0x00, 0x00, 0x00, 0xaf,
    0xfc, 0x10, 0x00, 0x00, 0x00, 0xaf, 0xf9, 0x00, 0x00, 0x00, 0x00, 0xaf, 0xe6, 0x00, 0x00, 0x00, 0x00, 0x13, 0x32, 0x00,
    0x00, 0x00, 0x00, 0x00, 0x00, 0x00, 0x00, 0x00, 0x00, 0x05, 0xae, 0xff, 0xec, 0x83, 0x00, 0x0b, 0xff, 0xff, 0xff, 0xff,
    0xf1, 0x08, 0xff, 0xfc, 0xaa, 0xbe, 0xf9, 0x00, 0xef, 0xf7, 0x00, 0x00, 0x05, 0x20, 0x0f, 0xff, 0x40, 0x00, 0x00, 0x00,
    0x00, 0xdf, 0xfe, 0x85, 0x20, 0x00, 0x00, 0x05, 0xff, 0xff, 0xff, 0xea, 0x50, 0x00, 0x04, 0xbf, 0xff, 0xff, 0xff, 0xb0,
    0x00, 0x00, 0x14, 0x79, 0xdf, 0xff, 0x70, 0x00, 0x00, 0x00, 0x00, 0xaf, 0xfa, 0x05, 0x71, 0x00, 0x00, 0x0a, 0xff, 0x90,
    0xdf, 0xfb, 0x87, 0x8b, 0xff, 0xf4, 0x4f, 0xff, 0xff, 0xff, 0xff, 0xf8, 0x00, 0x28, 0xcf, 0xff, 0xfe, 0xb4, 0x00, 0x00,
    0x00, 0x02, 0x21, 0x00, 0x00, 0x00, 0x00, 0x00, 0x00, 0x00, 0x00, 0x55, 0x54, 0x00, 0x00, 0x00, 0x00, 0x00, 0x00, 0xaf,
    0xfc, 0x10, 0x00, 0x00, 0x00, 0x00, 0x00, 0xaf, 0xf9, 0x00, 0x00, 0x00, 0x00, 0x00, 0x00, 0xaf, 0xe6, 0x00, 0x00, 0x00,
    0x00, 0x00, 0x00, 0x13, 0x32, 0x00, 0x00, 0x00, 0x00, 0x23, 0x33, 0x33, 0x33, 0x33, 0x33, 0x33, 0x31, 0x0b, 0xff, 0xff,
    0xff, 0xff, 0xff, 0xff, 0xff, 0x40, 0xbf, 0xff, 0xff, 0xff, 0xff, 0xff, 0xff, 0xf4, 0x07, 0xaa, 0xaa, 0xaa, 0xaa, 0xac,
    0xff, 0xfc, 0x10, 0x00, 0x00, 0x00, 0x00, 0x01, 0xdf, 0xfe, 0x20, 0x00, 0x00, 0x00, 0x00, 0x00, 0xbf, 0xff, 0x40, 0x00,
    0x00, 0x00, 0x00, 0x00, 0x8f, 0xff, 0x60, 0x00, 0x00, 0x00, 0x00, 0x00, 0x5f, 0xff, 0x90, 0x00, 0x00, 0x00, 0x00, 0x00,
    0x3f, 0xff, 0xc0, 0x00, 0x00, 0x00, 0x00, 0x00, 0x2d, 0xff, 0xd1, 0x00, 0x00, 0x00, 0x00, 0x00, 0x0c, 0xff, 0xe3, 0x00,
    0x00, 0x00, 0x00, 0x00, 0x0a, 0xff, 0xf5, 0x00, 0x00, 0x00, 0x00, 0x00, 0x07, 0xff, 0xf8, 0x00, 0x00, 0x00, 0x00, 0x00,
    0x04, 0xff, 0xfa, 0x00, 0x00, 0x00, 0x00, 0x00, 0x02, 0xef, 0xfd, 0x10, 0x00, 0x00, 0x00, 0x00, 0x01, 0xdf, 0xfe, 0x20,
    0x00, 0x00, 0x00, 0x00, 0x00, 0xbf, 0xff, 0xfd, 0xdd, 0xdd, 0xdd, 0xdd, 0xd8, 0x0e, 0xff, 0xff, 0xff, 0xff, 0xff, 0xff,
    0xff, 0x90, 0xef, 0xff, 0xff, 0xff, 0xff, 0xff, 0xff, 0xf9, 0x00, 0x00, 0x00, 0x00, 0x55, 0x54, 0x00, 0x00, 0x00, 0x00,
    0x0a, 0xff, 0xc1, 0x00, 0x00, 0x00, 0x00, 0xaf, 0xf9, 0x00, 0x00, 0x00, 0x00, 0x0a, 0xfe, 0x60, 0x00, 0x00, 0x00, 0x00,
    0x13, 0x32, 0x00, 0x00, 0x00, 0x00, 0x00, 0x00, 0x00, 0x00, 0x00, 0x00, 0x0b, 0xdd, 0xdd, 0xdd, 0xdd, 0xdd, 0xa0, 0x0d,
    0xff, 0xff, 0xff, 0xff, 0xff, 0xb0, 0x09, 0xbb, 0xbb, 0xbb, 0xef, 0xff, 0x70, 0x00, 0x00, 0x00, 0x02, 0xef, 0xfa, 0x00,
    0x00, 0x00, 0x00, 0x1c, 0xff, 0xc0, 0x00, 0x00, 0x00, 0x00, 0xaf, 0xfd, 0x10, 0x00, 0x00, 0x00, 0x08, 0xff, 0xe3, 0x00,
    0x00, 0x00, 0x00, 0x5f, 0xff, 0x50, 0x00, 0x00, 0x00, 0x03, 0xef, 0xf8, 0x00, 0x00, 0x00, 0x00, 0x1d, 0xff, 0xa0, 0x00,
    0x00, 0x00, 0x00, 0xcf, 0xfc, 0x10, 0x00, 0x00, 0x00, 0x0a, 0xff, 0xfb, 0x99, 0x99, 0x99, 0x90, 0x0f, 0xff, 0xff, 0xff,
    0xff, 0xff, 0xf0, 0x0f, 0xff, 0xff, 0xff, 0xff, 0xff, 0xf0, 0x00, 0x00, 0x00, 0x04, 0xb9, 0x10, 0x00, 0x00, 0x00, 0x00,
    0x00, 0x00, 0xef, 0xf8, 0x00, 0x00, 0x00, 0x00, 0x00, 0x00, 0x0e, 0xff, 0x80, 0x00, 0x00, 0x00, 0x00, 0x00, 0x00, 0x5d,
    0xb2, 0x00, 0x00, 0x00, 0x00, 0x00, 0x00, 0x00, 0x00, 0x00, 0x00, 0x00, 0x00, 0x23, 0x33, 0x33, 0x33, 0x33, 0x33, 0x33,
    0x31, 0x0b, 0xff, 0xff, 0xff, 0xff, 0xff, 0xff, 0xff, 0x40, 0xbf, 0xff, 0xff, 0xff, 0xff, 0xff, 0xff, 0xf4, 0x07, 0xaa,
    0xaa, 0xaa, 0xaa, 0xac, 0xff, 0xfc, 0x10, 0x00, 0x00, 0x00, 0x00, 0x01, 0xdf, 0xfe, 0x20, 0x00, 0x00, 0x00, 0x00, 0x00,
    0xbf, 0xff, 0x40, 0x00, 0x00, 0x00, 0x00, 0x00, 0x8f, 0xff, 0x60, 0x00, 0x00, 0x00, 0x00, 0x00, 0x5f, 0xff, 0x90, 0x00,
    0x00, 0x00, 0x00, 0x00, 0x3f, 0xff, 0xc0, 0x00, 0x00, 0x00, 0x00, 0x00, 0x2d, 0xff, 0xd1, 0x00, 0x00, 0x00, 0x00, 0x00,
    0x0c, 0xff, 0xe3, 0x00, 0x00, 0x00, 0x00, 0x00, 0x0a, 0xff, 0xf5, 0x00, 0x00, 0x00, 0x00, 0x00, 0x07, 0xff, 0xf8, 0x00,
    0x00, 0x00, 0x00, 0x00, 0x04, 0xff, 0xfa, 0x00, 0x00, 0x00, 0x00, 0x00, 0x02, 0xef, 0xfd, 0x10, 0x00, 0x00, 0x00, 0x00,
    0x01, 0xdf, 0xfe, 0x20, 0x00, 0x00, 0x00, 0x00, 0x00, 0xbf, 0xff, 0xfd, 0xdd, 0xdd, 0xdd, 0xdd, 0xd8, 0x0e, 0xff, 0xff,
    0xff, 0xff, 0xff, 0xff, 0xff, 0x90, 0xef, 0xff, 0xff, 0xff, 0xff, 0xff, 0xff, 0xf9, 0x00, 0x00, 0x04, 0xb9, 0x10, 0x00,
    0x00, 0x00, 0x00, 0x0e, 0xff, 0x80, 0x00, 0x00, 0x00, 0x00, 0x0e, 0xff, 0x80, 0x00, 0x00, 0x00, 0x00, 0x05, 0xdb, 0x20,
    0x00, 0x00, 0x00, 0x00, 0x00, 0x00, 0x00, 0x00, 0x00, 0x00, 0x00, 0x00, 0x00, 0x00, 0x00, 0x00, 0x0b, 0xdd, 0xdd, 0xdd,
    0xdd, 0xdd, 0xa0, 0x0d, 0xff, 0xff, 0xff, 0xff, 0xff, 0xb0, 0x09, 0xbb, 0xbb, 0xbb, 0xef, 0xff, 0x70, 0x00, 0x00, 0x00,
    0x02, 0xef, 0xfa, 0x00, 0x00, 0x00, 0x00, 0x1c, 0xff, 0xc0, 0x00, 0x00, 0x00, 0x00, 0xaf, 0xfd, 0x10, 0x00, 0x00, 0x00,
    0x08, 0xff, 0xe3, 0x00, 0x00, 0x00, 0x00, 0x5f, 0xff, 0x50, 0x00, 0x00, 0x00, 0x03, 0xef, 0xf8, 0x00, 0x00, 0x00, 0x00,
    0x1d, 0xff, 0xa0, 0x00, 0x00, 0x00, 0x00, 0xcf, 0xfc, 0x10, 0x00, 0x00, 0x00, 0x0a, 0xff, 0xfb, 0x99, 0x99, 0x99, 0x90,
    0x0f, 0xff, 0xff, 0xff, 0xff, 0xff, 0xf0, 0x0f, 0xff, 0xff, 0xff, 0xff, 0xff, 0xf0,
};
static const lv_font_fmt_txt_glyph_dsc_t glyph_dsc[] = {
    {0},
    {.bitmap_index=0, .adv_w=112, .box_w=7, .box_h=0, .ofs_x=0, .ofs_y=0},
    {.bitmap_index=0, .adv_w=112, .box_w=7, .box_h=20, .ofs_x=0, .ofs_y=-1},
    {.bitmap_index=70, .adv_w=176, .box_w=11, .box_h=19, .ofs_x=0, .ofs_y=0},
    {.bitmap_index=175, .adv_w=288, .box_w=18, .box_h=19, .ofs_x=0, .ofs_y=0},
    {.bitmap_index=346, .adv_w=256, .box_w=16, .box_h=26, .ofs_x=0, .ofs_y=-4},
    {.bitmap_index=554, .adv_w=352, .box_w=22, .box_h=20, .ofs_x=0, .ofs_y=-1},
    {.bitmap_index=774, .adv_w=288, .box_w=18, .box_h=20, .ofs_x=0, .ofs_y=-1},
    {.bitmap_index=954, .adv_w=96, .box_w=6, .box_h=19, .ofs_x=0, .ofs_y=0},
    {.bitmap_index=1011, .adv_w=144, .box_w=9, .box_h=26, .ofs_x=0, .ofs_y=-6},
    {.bitmap_index=1128, .adv_w=144, .box_w=9, .box_h=26, .ofs_x=0, .ofs_y=-6},
    {.bitmap_index=1245, .adv_w=176, .box_w=11, .box_h=20, .ofs_x=0, .ofs_y=0},
    {.bitmap_index=1355, .adv_w=240, .box_w=15, .box_h=15, .ofs_x=0, .ofs_y=0},
    {.bitmap_index=1468, .adv_w=96, .box_w=6, .box_h=9, .ofs_x=0, .ofs_y=-4},
    {.bitmap_index=1495, .adv_w=160, .box_w=10, .box_h=9, .ofs_x=0, .ofs_y=0},
    {.bitmap_index=1540, .adv_w=96, .box_w=6, .box_h=6, .ofs_x=0, .ofs_y=-1},
    {.bitmap_index=1558, .adv_w=160, .box_w=12, .box_h=25, .ofs_x=-1, .ofs_y=-3},
    {.bitmap_index=1708, .adv_w=288, .box_w=18, .box_h=20, .ofs_x=0, .ofs_y=-1},
    {.bitmap_index=1888, .adv_w=160, .box_w=10, .box_h=19, .ofs_x=0, .ofs_y=0},
    {.bitmap_index=1983, .adv_w=240, .box_w=15, .box_h=19, .ofs_x=0, .ofs_y=0},
    {.bitmap_index=2126, .adv_w=240, .box_w=15, .box_h=20, .ofs_x=0, .ofs_y=-1},
    {.bitmap_index=2276, .adv_w=288, .box_w=18, .box_h=19, .ofs_x=0, .ofs_y=0},
    {.bitmap_index=2447, .adv_w=240, .box_w=15, .box_h=20, .ofs_x=0, .ofs_y=-1},
    {.bitmap_index=2597, .adv_w=256, .box_w=16, .box_h=20, .ofs_x=0, .ofs_y=-1},
    {.bitmap_index=2757, .adv_w=256, .box_w=16, .box_h=19, .ofs_x=0, .ofs_y=0},
    {.bitmap_index=2909, .adv_w=272, .box_w=17, .box_h=20, .ofs_x=0, .ofs_y=-1},
    {.bitmap_index=3079, .adv_w=256, .box_w=16, .box_h=20, .ofs_x=0, .ofs_y=-1},
    {.bitmap_index=3239, .adv_w=96, .box_w=6, .box_h=16, .ofs_x=0, .ofs_y=-1},
    {.bitmap_index=3287, .adv_w=96, .box_w=6, .box_h=19, .ofs_x=0, .ofs_y=-4},
    {.bitmap_index=3344, .adv_w=240, .box_w=15, .box_h=16, .ofs_x=0, .ofs_y=0},
    {.bitmap_index=3464, .adv_w=240, .box_w=15, .box_h=14, .ofs_x=0, .ofs_y=0},
    {.bitmap_index=3569, .adv_w=240, .box_w=15, .box_h=16, .ofs_x=0, .ofs_y=0},
    {.bitmap_index=3689, .adv_w=240, .box_w=15, .box_h=20, .ofs_x=0, .ofs_y=-1},
    {.bitmap_index=3839, .adv_w=432, .box_w=27, .box_h=25, .ofs_x=0, .ofs_y=-6},
    {.bitmap_index=4177, .adv_w=304, .box_w=21, .box_h=19, .ofs_x=-1, .ofs_y=0},
    {.bitmap_index=4377, .adv_w=320, .box_w=20, .box_h=19, .ofs_x=0, .ofs_y=0},
    {.bitmap_index=4567, .adv_w=304, .box_w=19, .box_h=20, .ofs_x=0, .ofs_y=-1},
    {.bitmap_index=4757, .adv_w=336, .box_w=21, .box_h=19, .ofs_x=0, .ofs_y=0},
    {.bitmap_index=4957, .adv_w=272, .box_w=17, .box_h=19, .ofs_x=0, .ofs_y=0},
    {.bitmap_index=5119, .adv_w=272, .box_w=17, .box_h=19, .ofs_x=0, .ofs_y=0},
    {.bitmap_index=5281, .adv_w=320, .box_w=20, .box_h=20, .ofs_x=0, .ofs_y=-1},
    {.bitmap_index=5481, .adv_w=336, .box_w=21, .box_h=19, .ofs_x=0, .ofs_y=0},
    {.bitmap_index=5681, .adv_w=128, .box_w=8, .box_h=19, .ofs_x=0, .ofs_y=0},
    {.bitmap_index=5757, .adv_w=224, .box_w=15, .box_h=20, .ofs_x=-1, .ofs_y=-1},
    {.bitmap_index=5907, .adv_w=304, .box_w=20, .box_h=19, .ofs_x=0, .ofs_y=0},
    {.bitmap_index=6097, .adv_w=256, .box_w=16, .box_h=19, .ofs_x=0, .ofs_y=0},
    {.bitmap_index=6249, .adv_w=400, .box_w=25, .box_h=19, .ofs_x=0, .ofs_y=0},
    {.bitmap_index=6487, .adv_w=336, .box_w=21, .box_h=19, .ofs_x=0, .ofs_y=0},
    {.bitmap_index=6687, .adv_w=352, .box_w=22, .box_h=20, .ofs_x=0, .ofs_y=-1},
    {.bitmap_index=6907, .adv_w=304, .box_w=19, .box_h=19, .ofs_x=0, .ofs_y=0},
    {.bitmap_index=7088, .adv_w=352, .box_w=22, .box_h=23, .ofs_x=0, .ofs_y=-4},
    {.bitmap_index=7341, .adv_w=304, .box_w=19, .box_h=19, .ofs_x=0, .ofs_y=0},
    {.bitmap_index=7522, .adv_w=256, .box_w=16, .box_h=20, .ofs_x=0, .ofs_y=-1},
    {.bitmap_index=7682, .adv_w=256, .box_w=16, .box_h=19, .ofs_x=0, .ofs_y=0},
    {.bitmap_index=7834, .adv_w=336, .box_w=21, .box_h=20, .ofs_x=0, .ofs_y=-1},
    {.bitmap_index=8044, .adv_w=304, .box_w=21, .box_h=19, .ofs_x=-1, .ofs_y=0},
    {.bitmap_index=8244, .adv_w=480, .box_w=30, .box_h=19, .ofs_x=0, .ofs_y=0},
    {.bitmap_index=8529, .adv_w=288, .box_w=18, .box_h=19, .ofs_x=0, .ofs_y=0},
    {.bitmap_index=8700, .adv_w=272, .box_w=19, .box_h=19, .ofs_x=-1, .ofs_y=0},
    {.bitmap_index=8881, .adv_w=272, .box_w=17, .box_h=19, .ofs_x=0, .ofs_y=0},
    {.bitmap_index=9043, .adv_w=144, .box_w=9, .box_h=26, .ofs_x=0, .ofs_y=-6},
    {.bitmap_index=9160, .adv_w=160, .box_w=13, .box_h=25, .ofs_x=-2, .ofs_y=-3},
    {.bitmap_index=9323, .adv_w=144, .box_w=9, .box_h=26, .ofs_x=0, .ofs_y=-6},
    {.bitmap_index=9440, .adv_w=240, .box_w=15, .box_h=15, .ofs_x=0, .ofs_y=0},
    {.bitmap_index=9553, .adv_w=208, .box_w=13, .box_h=2, .ofs_x=0, .ofs_y=-2},
    {.bitmap_index=9566, .adv_w=256, .box_w=16, .box_h=20, .ofs_x=0, .ofs_y=0},
    {.bitmap_index=9726, .adv_w=256, .box_w=16, .box_h=16, .ofs_x=0, .ofs_y=-1},
    {.bitmap_index=9854, .adv_w=288, .box_w=18, .box_h=21, .ofs_x=0, .ofs_y=-1},
    {.bitmap_index=10043, .adv_w=240, .box_w=15, .box_h=16, .ofs_x=0, .ofs_y=-1},
    {.bitmap_index=10163, .adv_w=288, .box_w=18, .box_h=21, .ofs_x=0, .ofs_y=-1},
    {.bitmap_index=10352, .adv_w=256, .box_w=16, .box_h=16, .ofs_x=0, .ofs_y=-1},
    {.bitmap_index=10480, .adv_w=160, .box_w=11, .box_h=20, .ofs_x=0, .ofs_y=0},
    {.bitmap_index=10590, .adv_w=288, .box_w=18, .box_h=21, .ofs_x=0, .ofs_y=-6},
    {.bitmap_index=10779, .adv_w=288, .box_w=18, .box_h=20, .ofs_x=0, .ofs_y=0},
    {.bitmap_index=10959, .adv_w=128, .box_w=8, .box_h=21, .ofs_x=0, .ofs_y=0},
    {.bitmap_index=11043, .adv_w=128, .box_w=11, .box_h=27, .ofs_x=-3, .ofs_y=-6},
    {.bitmap_index=11192, .adv_w=272, .box_w=17, .box_h=20, .ofs_x=0, .ofs_y=0},
    {.bitmap_index=11362, .adv_w=128, .box_w=8, .box_h=20, .ofs_x=0, .ofs_y=0},
    {.bitmap_index=11442, .adv_w=432, .box_w=27, .box_h=15, .ofs_x=0, .ofs_y=0},
    {.bitmap_index=11645, .adv_w=288, .box_w=18, .box_h=15, .ofs_x=0, .ofs_y=0},
    {.bitmap_index=11780, .adv_w=272, .box_w=17, .box_h=16, .ofs_x=0, .ofs_y=-1},
    {.bitmap_index=11916, .adv_w=288, .box_w=18, .box_h=21, .ofs_x=0, .ofs_y=-6},
    {.bitmap_index=12105, .adv_w=288, .box_w=18, .box_h=21, .ofs_x=0, .ofs_y=-6},
    {.bitmap_index=12294, .adv_w=176, .box_w=11, .box_h=15, .ofs_x=0, .ofs_y=0},
    {.bitmap_index=12377, .adv_w=208, .box_w=13, .box_h=16, .ofs_x=0, .ofs_y=-1},
    {.bitmap_index=12481, .adv_w=176, .box_w=11, .box_h=18, .ofs_x=0, .ofs_y=-1},
    {.bitmap_index=12580, .adv_w=288, .box_w=18, .box_h=15, .ofs_x=0, .ofs_y=-1},
    {.bitmap_index=12715, .adv_w=240, .box_w=17, .box_h=14, .ofs_x=-1, .ofs_y=0},
    {.bitmap_index=12834, .adv_w=384, .box_w=24, .box_h=14, .ofs_x=0, .ofs_y=0},
    {.bitmap_index=13002, .adv_w=240, .box_w=15, .box_h=14, .ofs_x=0, .ofs_y=0},
    {.bitmap_index=13107, .adv_w=240, .box_w=17, .box_h=20, .ofs_x=-1, .ofs_y=-6},
    {.bitmap_index=13277, .adv_w=224, .box_w=14, .box_h=14, .ofs_x=0, .ofs_y=0},
    {.bitmap_index=13375, .adv_w=160, .box_w=10, .box_h=26, .ofs_x=0, .ofs_y=-6},
    {.bitmap_index=13505, .adv_w=128, .box_w=8, .box_h=26, .ofs_x=0, .ofs_y=-6},
    {.bitmap_index=13609, .adv_w=160, .box_w=10, .box_h=26, .ofs_x=0, .ofs_y=-6},
    {.bitmap_index=13739, .adv_w=240, .box_w=15, .box_h=12, .ofs_x=0, .ofs_y=0},
    {.bitmap_index=13829, .adv_w=352, .box_w=22, .box_h=25, .ofs_x=0, .ofs_y=-1},
    {.bitmap_index=14104, .adv_w=272, .box_w=17, .box_h=21, .ofs_x=0, .ofs_y=-1},
    {.bitmap_index=14283, .adv_w=304, .box_w=22, .box_h=25, .ofs_x=-1, .ofs_y=-6},
    {.bitmap_index=14558, .adv_w=256, .box_w=16, .box_h=21, .ofs_x=0, .ofs_y=-6},
    {.bitmap_index=14726, .adv_w=304, .box_w=19, .box_h=25, .ofs_x=0, .ofs_y=-1},
    {.bitmap_index=14964, .adv_w=240, .box_w=15, .box_h=21, .ofs_x=0, .ofs_y=-1},
    {.bitmap_index=15122, .adv_w=272, .box_w=18, .box_h=25, .ofs_x=0, .ofs_y=-6},
    {.bitmap_index=15347, .adv_w=256, .box_w=16, .box_h=21, .ofs_x=0, .ofs_y=-6},
    {.bitmap_index=15515, .adv_w=256, .box_w=17, .box_h=19, .ofs_x=-1, .ofs_y=0},
    {.bitmap_index=15677, .adv_w=128, .box_w=10, .box_h=20, .ofs_x=-1, .ofs_y=0},
    {.bitmap_index=15777, .adv_w=336, .box_w=21, .box_h=24, .ofs_x=0, .ofs_y=0},
    {.bitmap_index=16029, .adv_w=288, .box_w=18, .box_h=20, .ofs_x=0, .ofs_y=0},
    {.bitmap_index=16209, .adv_w=256, .box_w=16, .box_h=25, .ofs_x=0, .ofs_y=-1},
    {.bitmap_index=16409, .adv_w=208, .box_w=13, .box_h=21, .ofs_x=0, .ofs_y=-1},
    {.bitmap_index=16546, .adv_w=272, .box_w=17, .box_h=24, .ofs_x=0, .ofs_y=0},
    {.bitmap_index=16750, .adv_w=224, .box_w=14, .box_h=20, .ofs_x=0, .ofs_y=0},
    {.bitmap_index=16890, .adv_w=272, .box_w=17, .box_h=24, .ofs_x=0, .ofs_y=0},
    {.bitmap_index=17094, .adv_w=224, .box_w=14, .box_h=20, .ofs_x=0, .ofs_y=0},
};
static const uint16_t unicode_list[] = {0, 1, 2, 3, 4, 5, 6, 7, 8, 9, 10, 11, 12, 13, 14, 15, 16, 17, 18, 19, 20, 21, 22, 23, 24, 25, 26, 27, 28, 29, 30, 31, 32, 33, 34, 35, 36, 37, 38, 39, 40, 41, 42, 43, 44, 45, 46, 47, 48, 49, 50, 51, 52, 53, 54, 55, 56, 57, 58, 59, 60, 61, 62, 63, 64, 65, 66, 67, 68, 69, 70, 71, 72, 73, 74, 75, 76, 77, 78, 79, 80, 81, 82, 83, 84, 85, 86, 87, 88, 89, 90, 91, 92, 93, 94, 179, 211, 228, 229, 230, 231, 248, 249, 289, 290, 291, 292, 314, 315, 345, 346, 347, 348};
static const lv_font_fmt_txt_cmap_t cmaps[] = {{
    .range_start=32, .range_length=349, .glyph_id_start=1,
    .unicode_list=unicode_list, .glyph_id_ofs_list=NULL, .list_length=113,
    .type=LV_FONT_FMT_TXT_CMAP_SPARSE_TINY,
}};
static const lv_font_fmt_txt_dsc_t font_dsc = {
    .glyph_bitmap=glyph_bitmap, .glyph_dsc=glyph_dsc, .cmaps=cmaps,
    .kern_dsc=NULL, .kern_scale=0, .cmap_num=1, .bpp=4, .kern_classes=0, .bitmap_format=0,
};
const lv_font_t tesla_text_26 = {
    .get_glyph_dsc=lv_font_get_glyph_dsc_fmt_txt, .get_glyph_bitmap=lv_font_get_bitmap_fmt_txt,
    .line_height=33, .base_line=7, .subpx=LV_FONT_SUBPX_NONE,
    .underline_position=-2, .underline_thickness=1, .dsc=&font_dsc,
};
